canonical_product_id,model,generation,motorisation,year_from,year_to,category_url
autopart.tn:18658,KYRON,,2.3,2010,,https://autopart.tn/article/filtre-a-huile-7/ssangyong-175/kyron-5484/2-3-14386.html
autopart.tn:18658,KORANDO (KJ),KJ,3.2 (KJ),1996,2002,https://autopart.tn/article/filtre-a-huile-7/ssangyong-175/korando-kj-1905/3-2-kj-7912.html
autopart.tn:18658,ACTYON SPORTS I (QJ),QJ,2.0 Xdi 4WD,2007,,https://autopart.tn/article/filtre-a-huile-7/ssangyong-175/actyon-sports-i-qj-7952/2-0-xdi-4wd-30692.html
autopart.tn:18658,ACTYON I,,200 Xdi 4WD,2006,,https://autopart.tn/article/filtre-a-huile-7/ssangyong-175/actyon-i-5619/200-xdi-4wd-19893.html
autopart.tn:18658,KORANDO Cabrio (KJ),KJ,3.2,1997,2006,https://autopart.tn/article/filtre-a-huile-7/ssangyong-175/korando-cabrio-kj-3427/3-2-17339.html
autopart.tn:68315,KYRON,,2.0 Xdi 4x4,2005,,https://autopart.tn/article/filtre-a-huile-7/ssangyong-175/kyron-5484/2-0-xdi-4x4-19183.html
autopart.tn:68315,ACTYON SPORTS I (QJ),QJ,2.0 Xdi,2007,,https://autopart.tn/article/filtre-a-huile-7/ssangyong-175/actyon-sports-i-qj-7952/2-0-xdi-59019.html
autopart.tn:68315,ACTYON I,,200 Xdi 4WD,2006,,https://autopart.tn/article/filtre-a-huile-7/ssangyong-175/actyon-i-5619/200-xdi-4wd-19893.html
autopart.tn:68315,KORANDO (KJ),KJ,2.0,1997,2002,https://autopart.tn/article/filtre-a-huile-7/ssangyong-175/korando-kj-1905/2-0-8697.html
autopart.tn:68188,KYRON,,2.0 Xdi 4x4,2005,,https://autopart.tn/article/filtre-a-huile-7/ssangyong-175/kyron-5484/2-0-xdi-4x4-19183.html
autopart.tn:68188,ACTYON SPORTS I (QJ),QJ,2.0 Xdi,2007,,https://autopart.tn/article/filtre-a-huile-7/ssangyong-175/actyon-sports-i-qj-7952/2-0-xdi-59019.html
autopart.tn:68188,KORANDO (KJ),KJ,2.0,1997,2002,https://autopart.tn/article/filtre-a-huile-7/ssangyong-175/korando-kj-1905/2-0-8697.html
autopart.tn:68188,ACTYON I,,2.0 Xdi,2005,,https://autopart.tn/article/filtre-a-huile-7/ssangyong-175/actyon-i-5619/2-0-xdi-30143.html
autopart.tn:48285,KORANDO (KJ),KJ,2.9 D (KJ),1996,2000,https://autopart.tn/article/filtre-a-huile-7/ssangyong-175/korando-kj-1905/2-9-d-kj-7910.html
autopart.tn:48285,KORANDO (K4),K4,2.2 D,1988,1996,https://autopart.tn/article/filtre-a-huile-7/ssangyong-175/korando-k4-1939/2-2-d-8160.html
autopart.tn:48285,ACTYON I,,2.0 Xdi,2007,,https://autopart.tn/article/filtre-a-huile-7/ssangyong-175/actyon-i-5619/2-0-xdi-14629.html
autopart.tn:48285,KORANDO Cabrio (KJ),KJ,2.9 D,1997,2000,https://autopart.tn/article/filtre-a-huile-7/ssangyong-175/korando-cabrio-kj-3427/2-9-d-11286.html
autopart.tn:3849,KYRON,,2.3,2010,,https://autopart.tn/article/filtre-a-huile-7/ssangyong-175/kyron-5484/2-3-14386.html
autopart.tn:3849,KORANDO (KJ),KJ,3.2 (KJ),1996,2002,https://autopart.tn/article/filtre-a-huile-7/ssangyong-175/korando-kj-1905/3-2-kj-7912.html
autopart.tn:3849,ACTYON SPORTS I (QJ),QJ,2.0 Xdi,2007,,https://autopart.tn/article/filtre-a-huile-7/ssangyong-175/actyon-sports-i-qj-7952/2-0-xdi-59019.html
autopart.tn:3849,ACTYON I,,200 Xdi 4WD,2007,,https://autopart.tn/article/filtre-a-huile-7/ssangyong-175/actyon-i-5619/200-xdi-4wd-14644.html
autopart.tn:3849,KORANDO Cabrio (KJ),KJ,3.2,1997,2006,https://autopart.tn/article/filtre-a-huile-7/ssangyong-175/korando-cabrio-kj-3427/3-2-17339.html
autopart.tn:46970,KORANDO (KJ),KJ,3.2 (KJ),1996,2002,https://autopart.tn/article/filtre-a-huile-7/ssangyong-175/korando-kj-1905/3-2-kj-7912.html
autopart.tn:46970,KYRON,,2.0 Xdi 4x4,2005,,https://autopart.tn/article/filtre-a-huile-7/ssangyong-175/kyron-5484/2-0-xdi-4x4-19183.html
autopart.tn:46970,ACTYON SPORTS I (QJ),QJ,2.0 Xdi,2007,,https://autopart.tn/article/filtre-a-huile-7/ssangyong-175/actyon-sports-i-qj-7952/2-0-xdi-59019.html
autopart.tn:46970,ACTYON I,,2.0 Xdi,2007,,https://autopart.tn/article/filtre-a-huile-7/ssangyong-175/actyon-i-5619/2-0-xdi-14629.html
autopart.tn:46970,KORANDO Cabrio (KJ),KJ,3.2,1997,2006,https://autopart.tn/article/filtre-a-huile-7/ssangyong-175/korando-cabrio-kj-3427/3-2-17339.html
autopart.tn:53287,KORANDO (KJ),KJ,3.2 (KJ),1996,2002,https://autopart.tn/article/filtre-a-huile-7/ssangyong-175/korando-kj-1905/3-2-kj-7912.html
autopart.tn:53287,KYRON,,2.0 Xdi 4x4,2005,,https://autopart.tn/article/filtre-a-huile-7/ssangyong-175/kyron-5484/2-0-xdi-4x4-19183.html
autopart.tn:53287,ACTYON SPORTS I (QJ),QJ,2.0 Xdi 4WD,2007,,https://autopart.tn/article/filtre-a-huile-7/ssangyong-175/actyon-sports-i-qj-7952/2-0-xdi-4wd-30692.html
autopart.tn:53287,ACTYON I,,2.0 Xdi,2007,,https://autopart.tn/article/filtre-a-huile-7/ssangyong-175/actyon-i-5619/2-0-xdi-14629.html
autopart.tn:53287,KORANDO Cabrio (KJ),KJ,3.2,1997,2006,https://autopart.tn/article/filtre-a-huile-7/ssangyong-175/korando-cabrio-kj-3427/3-2-17339.html
autopart.tn:18980,KYRON,,2.3,2010,,https://autopart.tn/article/filtre-a-air-8/ssangyong-175/kyron-5484/2-3-14386.html
autopart.tn:18980,ACTYON SPORTS I (QJ),QJ,2.0 Xdi 4WD,2007,,https://autopart.tn/article/filtre-a-air-8/ssangyong-175/actyon-sports-i-qj-7952/2-0-xdi-4wd-30692.html
autopart.tn:18980,ACTYON I,,200 Xdi 4WD,2006,,https://autopart.tn/article/filtre-a-air-8/ssangyong-175/actyon-i-5619/200-xdi-4wd-19893.html
autopart.tn:18980,ACTYON SPORTS II,,2.0 Xdi 4WD,2012,,https://autopart.tn/article/filtre-a-air-8/ssangyong-175/actyon-sports-ii-11167/2-0-xdi-4wd-58685.html
autopart.tn:57687,KYRON,,2.3,2010,,https://autopart.tn/article/filtre-a-air-8/ssangyong-175/kyron-5484/2-3-14386.html
autopart.tn:57687,ACTYON SPORTS I (QJ),QJ,2.0 Xdi 4WD,2007,,https://autopart.tn/article/filtre-a-air-8/ssangyong-175/actyon-sports-i-qj-7952/2-0-xdi-4wd-30692.html
autopart.tn:57687,ACTYON I,,200 Xdi 4WD,2006,,https://autopart.tn/article/filtre-a-air-8/ssangyong-175/actyon-i-5619/200-xdi-4wd-19893.html
autopart.tn:77853,KYRON,,2.3,2010,,https://autopart.tn/article/filtre-a-air-8/ssangyong-175/kyron-5484/2-3-14386.html
autopart.tn:77853,ACTYON SPORTS I (QJ),QJ,2.0 Xdi 4WD,2007,,https://autopart.tn/article/filtre-a-air-8/ssangyong-175/actyon-sports-i-qj-7952/2-0-xdi-4wd-30692.html
autopart.tn:77853,ACTYON I,,200 Xdi 4WD,2006,,https://autopart.tn/article/filtre-a-air-8/ssangyong-175/actyon-i-5619/200-xdi-4wd-19893.html
autopart.tn:58422,KYRON,,2.0 Xdi 4x4,2005,,https://autopart.tn/article/filtre-a-carburant-9/ssangyong-175/kyron-5484/2-0-xdi-4x4-19183.html
autopart.tn:58422,ACTYON SPORTS I (QJ),QJ,2.0 Xdi,2007,,https://autopart.tn/article/filtre-a-carburant-9/ssangyong-175/actyon-sports-i-qj-7952/2-0-xdi-59019.html
autopart.tn:58422,ACTYON I,,200 Xdi 4WD,2006,,https://autopart.tn/article/filtre-a-carburant-9/ssangyong-175/actyon-i-5619/200-xdi-4wd-19893.html
autopart.tn:58422,KORANDO (CK),CK,2.0 e-XDi 4WD,2010,,https://autopart.tn/article/filtre-a-carburant-9/ssangyong-175/korando-ck-9129/2-0-e-xdi-4wd-6347.html
autopart.tn:23711,KYRON,,2.0 Xdi 4x4,2005,,https://autopart.tn/article/filtre-a-carburant-9/ssangyong-175/kyron-5484/2-0-xdi-4x4-19183.html
autopart.tn:23711,ACTYON SPORTS I (QJ),QJ,2.0 Xdi,2007,,https://autopart.tn/article/filtre-a-carburant-9/ssangyong-175/actyon-sports-i-qj-7952/2-0-xdi-59019.html
autopart.tn:23711,ACTYON I,,200 Xdi 4WD,2006,,https://autopart.tn/article/filtre-a-carburant-9/ssangyong-175/actyon-i-5619/200-xdi-4wd-19893.html
autopart.tn:4091,KYRON,,2.0 Xdi 4x4,2005,,https://autopart.tn/article/filtre-a-carburant-9/ssangyong-175/kyron-5484/2-0-xdi-4x4-19183.html
autopart.tn:4091,ACTYON SPORTS I (QJ),QJ,2.0 Xdi,2007,,https://autopart.tn/article/filtre-a-carburant-9/ssangyong-175/actyon-sports-i-qj-7952/2-0-xdi-59019.html
autopart.tn:4091,ACTYON I,,200 Xdi 4WD,2007,,https://autopart.tn/article/filtre-a-carburant-9/ssangyong-175/actyon-i-5619/200-xdi-4wd-14644.html
autopart.tn:46971,KYRON,,2.0 Xdi 4x4,2005,,https://autopart.tn/article/filtre-a-carburant-9/ssangyong-175/kyron-5484/2-0-xdi-4x4-19183.html
autopart.tn:46971,ACTYON SPORTS I (QJ),QJ,2.0 Xdi 4WD,2007,,https://autopart.tn/article/filtre-a-carburant-9/ssangyong-175/actyon-sports-i-qj-7952/2-0-xdi-4wd-30692.html
autopart.tn:46971,ACTYON I,,200 Xdi 4WD,2006,,https://autopart.tn/article/filtre-a-carburant-9/ssangyong-175/actyon-i-5619/200-xdi-4wd-19893.html
autopart.tn:19035,KYRON,,2.0 Xdi 4x4,2005,,https://autopart.tn/article/filtre-air-de-l-habitacle-424/ssangyong-175/kyron-5484/2-0-xdi-4x4-19183.html
autopart.tn:19035,ACTYON SPORTS I (QJ),QJ,2.0 Xdi 4WD,2007,,https://autopart.tn/article/filtre-air-de-l-habitacle-424/ssangyong-175/actyon-sports-i-qj-7952/2-0-xdi-4wd-30692.html
autopart.tn:19035,ACTYON I,,200 Xdi 4WD,2006,,https://autopart.tn/article/filtre-air-de-l-habitacle-424/ssangyong-175/actyon-i-5619/200-xdi-4wd-19893.html
autopart.tn:65524,KYRON,,2.0 Xdi 4x4,2005,,https://autopart.tn/article/filtre-air-de-l-habitacle-424/ssangyong-175/kyron-5484/2-0-xdi-4x4-19183.html
autopart.tn:65524,ACTYON SPORTS I (QJ),QJ,2.0 Xdi 4WD,2007,,https://autopart.tn/article/filtre-air-de-l-habitacle-424/ssangyong-175/actyon-sports-i-qj-7952/2-0-xdi-4wd-30692.html
autopart.tn:65524,ACTYON I,,200 Xdi 4WD,2006,,https://autopart.tn/article/filtre-air-de-l-habitacle-424/ssangyong-175/actyon-i-5619/200-xdi-4wd-19893.html
autopart.tn:65530,KYRON,,2.0 Xdi 4x4,2005,,https://autopart.tn/article/filtre-air-de-l-habitacle-424/ssangyong-175/kyron-5484/2-0-xdi-4x4-19183.html
autopart.tn:65530,ACTYON SPORTS I (QJ),QJ,2.0 Xdi 4WD,2007,,https://autopart.tn/article/filtre-air-de-l-habitacle-424/ssangyong-175/actyon-sports-i-qj-7952/2-0-xdi-4wd-30692.html
autopart.tn:65530,ACTYON I,,200 Xdi 4WD,2006,,https://autopart.tn/article/filtre-air-de-l-habitacle-424/ssangyong-175/actyon-i-5619/200-xdi-4wd-19893.html
autopart.tn:35908,KYRON,,2.3,2010,,https://autopart.tn/article/filtre-hydraulique-boite-automatique-416/ssangyong-175/kyron-5484/2-3-14386.html
autopart.tn:35908,ACTYON SPORTS I (QJ),QJ,2.0 Xdi,2007,,https://autopart.tn/article/filtre-hydraulique-boite-automatique-416/ssangyong-175/actyon-sports-i-qj-7952/2-0-xdi-59019.html
autopart.tn:35908,ACTYON I,,2.0 Xdi,2007,,https://autopart.tn/article/filtre-hydraulique-boite-automatique-416/ssangyong-175/actyon-i-5619/2-0-xdi-14629.html
autopart.tn:19715,KYRON,,2.3,2010,,https://autopart.tn/article/kit-de-plaquettes-de-frein-frein-a-disque-402/ssangyong-175/kyron-5484/2-3-14386.html
autopart.tn:19715,ACTYON SPORTS I (QJ),QJ,2.0 Xdi,2007,,https://autopart.tn/article/kit-de-plaquettes-de-frein-frein-a-disque-402/ssangyong-175/actyon-sports-i-qj-7952/2-0-xdi-59019.html
autopart.tn:19715,ACTYON I,,200 Xdi 4WD,2006,,https://autopart.tn/article/kit-de-plaquettes-de-frein-frein-a-disque-402/ssangyong-175/actyon-i-5619/200-xdi-4wd-19893.html
autopart.tn:19811,KYRON,,2.0 Xdi 4x4,2005,,https://autopart.tn/article/kit-de-plaquettes-de-frein-frein-a-disque-402/ssangyong-175/kyron-5484/2-0-xdi-4x4-19183.html
autopart.tn:19811,ACTYON SPORTS II,,2.0 Xdi 4WD,2012,,https://autopart.tn/article/kit-de-plaquettes-de-frein-frein-a-disque-402/ssangyong-175/actyon-sports-ii-11167/2-0-xdi-4wd-58685.html
autopart.tn:19811,KORANDO (KJ),KJ,2.9 TD,1998,2006,https://autopart.tn/article/kit-de-plaquettes-de-frein-frein-a-disque-402/ssangyong-175/korando-kj-1905/2-9-td-10168.html
autopart.tn:19811,ACTYON SPORTS I (QJ),QJ,2.0 Xdi,2007,,https://autopart.tn/article/kit-de-plaquettes-de-frein-frein-a-disque-402/ssangyong-175/actyon-sports-i-qj-7952/2-0-xdi-59019.html
autopart.tn:19811,KORANDO (K4),K4,2.2 D,1988,1996,https://autopart.tn/article/kit-de-plaquettes-de-frein-frein-a-disque-402/ssangyong-175/korando-k4-1939/2-2-d-8160.html
autopart.tn:19811,ACTYON I,,200 Xdi 4WD,2006,,https://autopart.tn/article/kit-de-plaquettes-de-frein-frein-a-disque-402/ssangyong-175/actyon-i-5619/200-xdi-4wd-19893.html
autopart.tn:19811,KORANDO Cabrio (KJ),KJ,2.3,1999,2006,https://autopart.tn/article/kit-de-plaquettes-de-frein-frein-a-disque-402/ssangyong-175/korando-cabrio-kj-3427/2-3-18282.html
autopart.tn:34823,KYRON,,2.0 Xdi 4x4,2005,,https://autopart.tn/article/kit-de-plaquettes-de-frein-frein-a-disque-402/ssangyong-175/kyron-5484/2-0-xdi-4x4-19183.html
autopart.tn:34823,ACTYON I,,2.0 Xdi,2005,,https://autopart.tn/article/kit-de-plaquettes-de-frein-frein-a-disque-402/ssangyong-175/actyon-i-5619/2-0-xdi-30143.html
autopart.tn:34823,ACTYON SPORTS I (QJ),QJ,2.0 Xdi,2007,,https://autopart.tn/article/kit-de-plaquettes-de-frein-frein-a-disque-402/ssangyong-175/actyon-sports-i-qj-7952/2-0-xdi-59019.html
autopart.tn:77360,KORANDO (KJ),KJ,2.9 TD,1998,2006,https://autopart.tn/article/kit-de-plaquettes-de-frein-frein-a-disque-402/ssangyong-175/korando-kj-1905/2-9-td-10168.html
autopart.tn:77360,ACTYON SPORTS I (QJ),QJ,2.0 Xdi 4WD,2007,,https://autopart.tn/article/kit-de-plaquettes-de-frein-frein-a-disque-402/ssangyong-175/actyon-sports-i-qj-7952/2-0-xdi-4wd-30692.html
autopart.tn:77360,ACTYON I,,2.0 Xdi,2007,,https://autopart.tn/article/kit-de-plaquettes-de-frein-frein-a-disque-402/ssangyong-175/actyon-i-5619/2-0-xdi-14629.html
autopart.tn:77360,KORANDO Cabrio (KJ),KJ,2.3,1999,2006,https://autopart.tn/article/kit-de-plaquettes-de-frein-frein-a-disque-402/ssangyong-175/korando-cabrio-kj-3427/2-3-18282.html
autopart.tn:26253,KYRON,,2.0 Xdi 4x4,2005,,https://autopart.tn/article/kit-de-plaquettes-de-frein-frein-a-disque-402/ssangyong-175/kyron-5484/2-0-xdi-4x4-19183.html
autopart.tn:26253,ACTYON SPORTS I (QJ),QJ,2.0 Xdi 4WD,2007,,https://autopart.tn/article/kit-de-plaquettes-de-frein-frein-a-disque-402/ssangyong-175/actyon-sports-i-qj-7952/2-0-xdi-4wd-30692.html
autopart.tn:26253,ACTYON I,,200 Xdi 4WD,2006,,https://autopart.tn/article/kit-de-plaquettes-de-frein-frein-a-disque-402/ssangyong-175/actyon-i-5619/200-xdi-4wd-19893.html
autopart.tn:20070,KYRON,,2.0 Xdi 4x4,2005,,https://autopart.tn/article/disque-de-frein-82/ssangyong-175/kyron-5484/2-0-xdi-4x4-19183.html
autopart.tn:20070,ACTYON SPORTS I (QJ),QJ,2.0 Xdi 4WD,2007,,https://autopart.tn/article/disque-de-frein-82/ssangyong-175/actyon-sports-i-qj-7952/2-0-xdi-4wd-30692.html
autopart.tn:20070,ACTYON I,,200 Xdi 4WD,2006,,https://autopart.tn/article/disque-de-frein-82/ssangyong-175/actyon-i-5619/200-xdi-4wd-19893.html
autopart.tn:20129,KYRON,,2.0 Xdi 4x4,2005,,https://autopart.tn/article/disque-de-frein-82/ssangyong-175/kyron-5484/2-0-xdi-4x4-19183.html
autopart.tn:20129,ACTYON SPORTS I (QJ),QJ,2.0 Xdi,2007,,https://autopart.tn/article/disque-de-frein-82/ssangyong-175/actyon-sports-i-qj-7952/2-0-xdi-59019.html
autopart.tn:20129,ACTYON I,,200 Xdi 4WD,2006,,https://autopart.tn/article/disque-de-frein-82/ssangyong-175/actyon-i-5619/200-xdi-4wd-19893.html
autopart.tn:78314,KYRON,,2.0 Xdi 4x4,2005,,https://autopart.tn/article/disque-de-frein-82/ssangyong-175/kyron-5484/2-0-xdi-4x4-19183.html
autopart.tn:78314,ACTYON SPORTS I (QJ),QJ,2.0 Xdi,2007,,https://autopart.tn/article/disque-de-frein-82/ssangyong-175/actyon-sports-i-qj-7952/2-0-xdi-59019.html
autopart.tn:78314,ACTYON I,,200 Xdi 4WD,2006,,https://autopart.tn/article/disque-de-frein-82/ssangyong-175/actyon-i-5619/200-xdi-4wd-19893.html
autopart.tn:57558,KORANDO (KJ),KJ,3.2 (KJ),1996,2002,https://autopart.tn/article/machoire-de-frein-281/ssangyong-175/korando-kj-1905/3-2-kj-7912.html
autopart.tn:57558,KYRON,,2.0 Xdi 4x4,2005,,https://autopart.tn/article/machoire-de-frein-281/ssangyong-175/kyron-5484/2-0-xdi-4x4-19183.html
autopart.tn:57558,ACTYON SPORTS I (QJ),QJ,2.0 Xdi,2007,,https://autopart.tn/article/machoire-de-frein-281/ssangyong-175/actyon-sports-i-qj-7952/2-0-xdi-59019.html
autopart.tn:57558,KORANDO (K4),K4,2.2 D,1988,1996,https://autopart.tn/article/machoire-de-frein-281/ssangyong-175/korando-k4-1939/2-2-d-8160.html
autopart.tn:57558,ACTYON I,,200 Xdi 4WD,2006,,https://autopart.tn/article/machoire-de-frein-281/ssangyong-175/actyon-i-5619/200-xdi-4wd-19893.html
autopart.tn:57558,KORANDO Cabrio (KJ),KJ,2.3,1999,2006,https://autopart.tn/article/machoire-de-frein-281/ssangyong-175/korando-cabrio-kj-3427/2-3-18282.html
autopart.tn:46602,KYRON,,2.0 Xdi 4x4,2005,,https://autopart.tn/article/machoire-de-frein-281/ssangyong-175/kyron-5484/2-0-xdi-4x4-19183.html
autopart.tn:46602,KORANDO (KJ),KJ,3.2,1997,2006,https://autopart.tn/article/machoire-de-frein-281/ssangyong-175/korando-kj-1905/3-2-17338.html
autopart.tn:46602,KORANDO (K4),K4,2.2 D,1988,1996,https://autopart.tn/article/machoire-de-frein-281/ssangyong-175/korando-k4-1939/2-2-d-8160.html
autopart.tn:46602,ACTYON I,,200 Xdi 4WD,2007,,https://autopart.tn/article/machoire-de-frein-281/ssangyong-175/actyon-i-5619/200-xdi-4wd-14644.html
autopart.tn:46602,ACTYON SPORTS I (QJ),QJ,2.0 Xdi,2007,,https://autopart.tn/article/machoire-de-frein-281/ssangyong-175/actyon-sports-i-qj-7952/2-0-xdi-59019.html
autopart.tn:46602,KORANDO Cabrio (KJ),KJ,2.9 D,1997,2000,https://autopart.tn/article/machoire-de-frein-281/ssangyong-175/korando-cabrio-kj-3427/2-9-d-11286.html
autopart.tn:78016,KYRON,,2.0 Xdi 4x4,2005,,https://autopart.tn/article/machoire-de-frein-281/ssangyong-175/kyron-5484/2-0-xdi-4x4-19183.html
autopart.tn:78016,KORANDO (KJ),KJ,3.2,1997,2006,https://autopart.tn/article/machoire-de-frein-281/ssangyong-175/korando-kj-1905/3-2-17338.html
autopart.tn:78016,KORANDO (K4),K4,2.2 D,1988,1996,https://autopart.tn/article/machoire-de-frein-281/ssangyong-175/korando-k4-1939/2-2-d-8160.html
autopart.tn:78016,ACTYON I,,2.0 Xdi,2007,,https://autopart.tn/article/machoire-de-frein-281/ssangyong-175/actyon-i-5619/2-0-xdi-14629.html
autopart.tn:78016,ACTYON SPORTS I (QJ),QJ,2.0 Xdi,2007,,https://autopart.tn/article/machoire-de-frein-281/ssangyong-175/actyon-sports-i-qj-7952/2-0-xdi-59019.html
autopart.tn:78016,KORANDO Cabrio (KJ),KJ,2.3,1999,2006,https://autopart.tn/article/machoire-de-frein-281/ssangyong-175/korando-cabrio-kj-3427/2-3-18282.html
autopart.tn:69558,ACTYON SPORTS I (QJ),QJ,2.0 Xdi 4WD,2007,,https://autopart.tn/article/tendeur-courroie-trapezoidale-a-nervures-540/ssangyong-175/actyon-sports-i-qj-7952/2-0-xdi-4wd-30692.html
autopart.tn:69558,KYRON,,2.0 Xdi,2010,,https://autopart.tn/article/tendeur-courroie-trapezoidale-a-nervures-540/ssangyong-175/kyron-5484/2-0-xdi-14398.html
autopart.tn:69558,ACTYON I,,200 Xdi 4WD,2006,,https://autopart.tn/article/tendeur-courroie-trapezoidale-a-nervures-540/ssangyong-175/actyon-i-5619/200-xdi-4wd-19893.html
autopart.tn:65753,KYRON,,2.0 Xdi 4x4,2005,,https://autopart.tn/article/poulies-10005/ssangyong-175/kyron-5484/2-0-xdi-4x4-19183.html
autopart.tn:65753,KORANDO (KJ),KJ,3.2,1997,2006,https://autopart.tn/article/poulies-10005/ssangyong-175/korando-kj-1905/3-2-17338.html
autopart.tn:65753,ACTYON SPORTS I (QJ),QJ,2.0 Xdi 4WD,2007,,https://autopart.tn/article/poulies-10005/ssangyong-175/actyon-sports-i-qj-7952/2-0-xdi-4wd-30692.html
autopart.tn:65753,ACTYON I,,200 Xdi 4WD,2006,,https://autopart.tn/article/poulies-10005/ssangyong-175/actyon-i-5619/200-xdi-4wd-19893.html
autopart.tn:65753,KORANDO Cabrio (KJ),KJ,2.9 D,1997,2000,https://autopart.tn/article/poulies-10005/ssangyong-175/korando-cabrio-kj-3427/2-9-d-11286.html
autopart.tn:65753,KORANDO (KJ),KJ,2.9 TD,1998,2006,https://autopart.tn/article/poulies-10005/ssangyong-175/korando-kj-1905/2-9-td-10168.html
autopart.tn:58057,KYRON,,2.0 Xdi 4x4,2005,,https://autopart.tn/article/poulies-10005/ssangyong-175/kyron-5484/2-0-xdi-4x4-19183.html
autopart.tn:58057,ACTYON SPORTS I (QJ),QJ,2.0 Xdi 4WD,2007,,https://autopart.tn/article/poulies-10005/ssangyong-175/actyon-sports-i-qj-7952/2-0-xdi-4wd-30692.html
autopart.tn:58057,ACTYON I,,200 Xdi 4WD,2006,,https://autopart.tn/article/poulies-10005/ssangyong-175/actyon-i-5619/200-xdi-4wd-19893.html
autopart.tn:45932,KYRON,,2.0 Xdi,2005,,https://autopart.tn/article/poulies-10005/ssangyong-175/kyron-5484/2-0-xdi-19184.html
autopart.tn:45932,ACTYON SPORTS I (QJ),QJ,2.0 Xdi 4WD,2007,,https://autopart.tn/article/poulies-10005/ssangyong-175/actyon-sports-i-qj-7952/2-0-xdi-4wd-30692.html
autopart.tn:45932,ACTYON I,,200 Xdi 4WD,2006,,https://autopart.tn/article/poulies-10005/ssangyong-175/actyon-i-5619/200-xdi-4wd-19893.html
autopart.tn:4645,KORANDO (KJ),KJ,3.2 (KJ),1996,2002,https://autopart.tn/article/poulies-10005/ssangyong-175/korando-kj-1905/3-2-kj-7912.html
autopart.tn:4645,KORANDO (CK),CK,2.0 e-XDi,2010,,https://autopart.tn/article/poulies-10005/ssangyong-175/korando-ck-9129/2-0-e-xdi-6346.html
autopart.tn:4645,KYRON,,2.0 Xdi,2005,,https://autopart.tn/article/poulies-10005/ssangyong-175/kyron-5484/2-0-xdi-19184.html
autopart.tn:4645,ACTYON SPORTS I (QJ),QJ,2.0 Xdi,2007,,https://autopart.tn/article/poulies-10005/ssangyong-175/actyon-sports-i-qj-7952/2-0-xdi-59019.html
autopart.tn:4645,ACTYON I,,200 Xdi 4WD,2006,,https://autopart.tn/article/poulies-10005/ssangyong-175/actyon-i-5619/200-xdi-4wd-19893.html
autopart.tn:4645,ACTYON SPORTS II,,2.0 Xdi 4WD,2012,,https://autopart.tn/article/poulies-10005/ssangyong-175/actyon-sports-ii-11167/2-0-xdi-4wd-58685.html
autopart.tn:4645,KORANDO Cabrio (KJ),KJ,3.2,1997,2006,https://autopart.tn/article/poulies-10005/ssangyong-175/korando-cabrio-kj-3427/3-2-17339.html
autopart.tn:64844,KYRON,,2.0 Xdi 4x4,2005,,https://autopart.tn/article/bougie-de-prechauffage-243/ssangyong-175/kyron-5484/2-0-xdi-4x4-19183.html
autopart.tn:64844,ACTYON I,,200 Xdi 4WD,2006,,https://autopart.tn/article/bougie-de-prechauffage-243/ssangyong-175/actyon-i-5619/200-xdi-4wd-19893.html
autopart.tn:64844,ACTYON SPORTS I (QJ),QJ,2.0 Xdi,2007,,https://autopart.tn/article/bougie-de-prechauffage-243/ssangyong-175/actyon-sports-i-qj-7952/2-0-xdi-59019.html
autopart.tn:20509,KYRON,,2.0 Xdi 4x4,2005,,https://autopart.tn/article/bras-de-liaison-suspension-de-roue-273/ssangyong-175/kyron-5484/2-0-xdi-4x4-19183.html
autopart.tn:20509,ACTYON SPORTS I (QJ),QJ,2.0 Xdi 4WD,2007,,https://autopart.tn/article/bras-de-liaison-suspension-de-roue-273/ssangyong-175/actyon-sports-i-qj-7952/2-0-xdi-4wd-30692.html
autopart.tn:20509,ACTYON I,,200 Xdi 4WD,2006,,https://autopart.tn/article/bras-de-liaison-suspension-de-roue-273/ssangyong-175/actyon-i-5619/200-xdi-4wd-19893.html
autopart.tn:20509,ACTYON SPORTS II,,2.0 Xdi 4WD,2012,,https://autopart.tn/article/bras-de-liaison-suspension-de-roue-273/ssangyong-175/actyon-sports-ii-11167/2-0-xdi-4wd-58685.html
autopart.tn:23945,KYRON,,2.0 Xdi,2005,,https://autopart.tn/article/bras-de-liaison-suspension-de-roue-273/ssangyong-175/kyron-5484/2-0-xdi-19184.html
autopart.tn:23945,ACTYON SPORTS I (QJ),QJ,2.0 Xdi 4WD,2007,,https://autopart.tn/article/bras-de-liaison-suspension-de-roue-273/ssangyong-175/actyon-sports-i-qj-7952/2-0-xdi-4wd-30692.html
autopart.tn:23945,ACTYON I,,200 Xdi 4WD,2006,,https://autopart.tn/article/bras-de-liaison-suspension-de-roue-273/ssangyong-175/actyon-i-5619/200-xdi-4wd-19893.html
autopart.tn:23945,ACTYON SPORTS II,,2.0 Xdi 4WD,2012,,https://autopart.tn/article/bras-de-liaison-suspension-de-roue-273/ssangyong-175/actyon-sports-ii-11167/2-0-xdi-4wd-58685.html
autopart.tn:23946,ACTYON I,,2.0 Xdi,2007,,https://autopart.tn/article/bras-de-liaison-suspension-de-roue-273/ssangyong-175/actyon-i-5619/2-0-xdi-14629.html
autopart.tn:23946,KYRON,,2.0 Xdi 4x4,2010,,https://autopart.tn/article/bras-de-liaison-suspension-de-roue-273/ssangyong-175/kyron-5484/2-0-xdi-4x4-14421.html
autopart.tn:23946,ACTYON SPORTS II,,2.0 Xdi 4WD,2012,,https://autopart.tn/article/bras-de-liaison-suspension-de-roue-273/ssangyong-175/actyon-sports-ii-11167/2-0-xdi-4wd-58685.html
autopart.tn:23946,ACTYON SPORTS I (QJ),QJ,2.0 Xdi 4WD,2007,,https://autopart.tn/article/bras-de-liaison-suspension-de-roue-273/ssangyong-175/actyon-sports-i-qj-7952/2-0-xdi-4wd-30692.html
autopart.tn:20508,KYRON,,2.0 Xdi,2005,,https://autopart.tn/article/bras-de-liaison-suspension-de-roue-273/ssangyong-175/kyron-5484/2-0-xdi-19184.html
autopart.tn:20508,ACTYON SPORTS I (QJ),QJ,2.0 Xdi,2007,,https://autopart.tn/article/bras-de-liaison-suspension-de-roue-273/ssangyong-175/actyon-sports-i-qj-7952/2-0-xdi-59019.html
autopart.tn:20508,ACTYON I,,2.0 Xdi,2007,,https://autopart.tn/article/bras-de-liaison-suspension-de-roue-273/ssangyong-175/actyon-i-5619/2-0-xdi-14629.html
autopart.tn:20508,ACTYON SPORTS II,,2.0 Xdi 4WD,2012,,https://autopart.tn/article/bras-de-liaison-suspension-de-roue-273/ssangyong-175/actyon-sports-ii-11167/2-0-xdi-4wd-58685.html
autopart.tn:82272,KYRON,,2.0 Xdi,2005,,https://autopart.tn/article/bras-de-liaison-suspension-de-roue-273/ssangyong-175/kyron-5484/2-0-xdi-19184.html
autopart.tn:82272,ACTYON SPORTS I (QJ),QJ,2.0 Xdi,2007,,https://autopart.tn/article/bras-de-liaison-suspension-de-roue-273/ssangyong-175/actyon-sports-i-qj-7952/2-0-xdi-59019.html
autopart.tn:82272,ACTYON I,,2.0 Xdi,2007,,https://autopart.tn/article/bras-de-liaison-suspension-de-roue-273/ssangyong-175/actyon-i-5619/2-0-xdi-14629.html
autopart.tn:24468,KYRON,,2.0 Xdi 4x4,2005,,https://autopart.tn/article/bras-de-liaison-suspension-de-roue-273/ssangyong-175/kyron-5484/2-0-xdi-4x4-19183.html
autopart.tn:24468,ACTYON SPORTS I (QJ),QJ,2.0 Xdi,2007,,https://autopart.tn/article/bras-de-liaison-suspension-de-roue-273/ssangyong-175/actyon-sports-i-qj-7952/2-0-xdi-59019.html
autopart.tn:24468,ACTYON I,,200 Xdi 4WD,2006,,https://autopart.tn/article/bras-de-liaison-suspension-de-roue-273/ssangyong-175/actyon-i-5619/200-xdi-4wd-19893.html
autopart.tn:78567,KYRON,,2.0 Xdi,2005,,https://autopart.tn/article/bras-de-liaison-suspension-de-roue-273/ssangyong-175/kyron-5484/2-0-xdi-19184.html
autopart.tn:78567,ACTYON SPORTS I (QJ),QJ,2.0 Xdi 4WD,2007,,https://autopart.tn/article/bras-de-liaison-suspension-de-roue-273/ssangyong-175/actyon-sports-i-qj-7952/2-0-xdi-4wd-30692.html
autopart.tn:78567,ACTYON I,,200 Xdi 4WD,2006,,https://autopart.tn/article/bras-de-liaison-suspension-de-roue-273/ssangyong-175/actyon-i-5619/200-xdi-4wd-19893.html
autopart.tn:74351,KYRON,,2.0 Xdi 4x4,2005,,https://autopart.tn/article/suspension-bras-de-liaison-251/ssangyong-175/kyron-5484/2-0-xdi-4x4-19183.html
autopart.tn:74351,ACTYON SPORTS I (QJ),QJ,2.0 Xdi 4WD,2007,,https://autopart.tn/article/suspension-bras-de-liaison-251/ssangyong-175/actyon-sports-i-qj-7952/2-0-xdi-4wd-30692.html
autopart.tn:74351,ACTYON I,,200 Xdi 4WD,2006,,https://autopart.tn/article/suspension-bras-de-liaison-251/ssangyong-175/actyon-i-5619/200-xdi-4wd-19893.html
autopart.tn:65853,KYRON,,2.0 Xdi 4x4,2005,,https://autopart.tn/article/suspension-bras-de-liaison-251/ssangyong-175/kyron-5484/2-0-xdi-4x4-19183.html
autopart.tn:65853,ACTYON SPORTS I (QJ),QJ,2.0 Xdi,2007,,https://autopart.tn/article/suspension-bras-de-liaison-251/ssangyong-175/actyon-sports-i-qj-7952/2-0-xdi-59019.html
autopart.tn:65853,ACTYON I,,200 Xdi 4WD,2006,,https://autopart.tn/article/suspension-bras-de-liaison-251/ssangyong-175/actyon-i-5619/200-xdi-4wd-19893.html
autopart.tn:82270,ACTYON SPORTS I (QJ),QJ,2.0 Xdi 4WD,2007,,https://autopart.tn/article/suspension-bras-de-liaison-251/ssangyong-175/actyon-sports-i-qj-7952/2-0-xdi-4wd-30692.html
autopart.tn:82270,KYRON,,2.0 Xdi,2010,,https://autopart.tn/article/suspension-bras-de-liaison-251/ssangyong-175/kyron-5484/2-0-xdi-14398.html
autopart.tn:82270,ACTYON I,,2.0 Xdi,2007,,https://autopart.tn/article/suspension-bras-de-liaison-251/ssangyong-175/actyon-i-5619/2-0-xdi-14629.html
autopart.tn:82271,KYRON,,2.0 Xdi 4x4,2005,,https://autopart.tn/article/suspension-bras-de-liaison-251/ssangyong-175/kyron-5484/2-0-xdi-4x4-19183.html
autopart.tn:82271,ACTYON SPORTS I (QJ),QJ,2.0 Xdi,2007,,https://autopart.tn/article/suspension-bras-de-liaison-251/ssangyong-175/actyon-sports-i-qj-7952/2-0-xdi-59019.html
autopart.tn:82271,ACTYON I,,2.0 Xdi,2007,,https://autopart.tn/article/suspension-bras-de-liaison-251/ssangyong-175/actyon-i-5619/2-0-xdi-14629.html
autopart.tn:55364,KORANDO (KJ),KJ,3.2 (KJ),1996,2002,https://autopart.tn/article/suspension-bras-de-liaison-251/ssangyong-175/korando-kj-1905/3-2-kj-7912.html
autopart.tn:55364,KYRON,,2.0 Xdi,2005,,https://autopart.tn/article/suspension-bras-de-liaison-251/ssangyong-175/kyron-5484/2-0-xdi-19184.html
autopart.tn:55364,ACTYON SPORTS I (QJ),QJ,2.0 Xdi 4WD,2007,,https://autopart.tn/article/suspension-bras-de-liaison-251/ssangyong-175/actyon-sports-i-qj-7952/2-0-xdi-4wd-30692.html
autopart.tn:55364,KORANDO (K4),K4,2.2 D,1988,1996,https://autopart.tn/article/suspension-bras-de-liaison-251/ssangyong-175/korando-k4-1939/2-2-d-8160.html
autopart.tn:55364,ACTYON I,,2.0 Xdi,2007,,https://autopart.tn/article/suspension-bras-de-liaison-251/ssangyong-175/actyon-i-5619/2-0-xdi-14629.html
autopart.tn:55364,KORANDO Cabrio (KJ),KJ,3.2,1997,2006,https://autopart.tn/article/suspension-bras-de-liaison-251/ssangyong-175/korando-cabrio-kj-3427/3-2-17339.html
autopart.tn:24450,KYRON,,2.0 Xdi,2005,,https://autopart.tn/article/suspension-bras-de-liaison-251/ssangyong-175/kyron-5484/2-0-xdi-19184.html
autopart.tn:24450,ACTYON SPORTS I (QJ),QJ,2.0 Xdi 4WD,2007,,https://autopart.tn/article/suspension-bras-de-liaison-251/ssangyong-175/actyon-sports-i-qj-7952/2-0-xdi-4wd-30692.html
autopart.tn:24450,ACTYON I,,200 Xdi 4WD,2006,,https://autopart.tn/article/suspension-bras-de-liaison-251/ssangyong-175/actyon-i-5619/200-xdi-4wd-19893.html
autopart.tn:89922,ACTYON I,,200 Xdi 4WD,2007,,https://autopart.tn/article/suspension-bras-de-liaison-251/ssangyong-175/actyon-i-5619/200-xdi-4wd-14644.html
autopart.tn:22855,ACTYON SPORTS II,,2.0 Xdi 4WD,2012,,https://autopart.tn/article/suspension-bras-de-liaison-251/ssangyong-175/actyon-sports-ii-11167/2-0-xdi-4wd-58685.html
autopart.tn:22855,KYRON,,2.0 Xdi,2005,,https://autopart.tn/article/suspension-bras-de-liaison-251/ssangyong-175/kyron-5484/2-0-xdi-19184.html
autopart.tn:22855,ACTYON SPORTS I (QJ),QJ,2.0 Xdi 4WD,2007,,https://autopart.tn/article/suspension-bras-de-liaison-251/ssangyong-175/actyon-sports-i-qj-7952/2-0-xdi-4wd-30692.html
autopart.tn:22855,ACTYON I,,200 Xdi 4WD,2007,,https://autopart.tn/article/suspension-bras-de-liaison-251/ssangyong-175/actyon-i-5619/200-xdi-4wd-14644.html
autopart.tn:77534,KYRON,,2.0 Xdi,2005,,https://autopart.tn/article/suspension-bras-de-liaison-251/ssangyong-175/kyron-5484/2-0-xdi-19184.html
autopart.tn:77534,ACTYON SPORTS I (QJ),QJ,2.0 Xdi 4WD,2007,,https://autopart.tn/article/suspension-bras-de-liaison-251/ssangyong-175/actyon-sports-i-qj-7952/2-0-xdi-4wd-30692.html
autopart.tn:77534,ACTYON I,,200 Xdi 4WD,2006,,https://autopart.tn/article/suspension-bras-de-liaison-251/ssangyong-175/actyon-i-5619/200-xdi-4wd-19893.html
autopart.tn:18807,KYRON,,2.0 Xdi 4x4,2005,,https://autopart.tn/article/rotule-de-direction-2066/ssangyong-175/kyron-5484/2-0-xdi-4x4-19183.html
autopart.tn:18807,ACTYON SPORTS I (QJ),QJ,2.0 Xdi 4WD,2007,,https://autopart.tn/article/rotule-de-direction-2066/ssangyong-175/actyon-sports-i-qj-7952/2-0-xdi-4wd-30692.html
autopart.tn:18807,ACTYON SPORTS II,,2.0 Xdi 4WD,2012,,https://autopart.tn/article/rotule-de-direction-2066/ssangyong-175/actyon-sports-ii-11167/2-0-xdi-4wd-58685.html
autopart.tn:18807,ACTYON I,,2.0 Xdi,2007,,https://autopart.tn/article/rotule-de-direction-2066/ssangyong-175/actyon-i-5619/2-0-xdi-14629.html
autopart.tn:23629,KYRON,,2.0 Xdi 4x4,2005,,https://autopart.tn/article/rotule-de-direction-2066/ssangyong-175/kyron-5484/2-0-xdi-4x4-19183.html
autopart.tn:23629,ACTYON SPORTS II,,2.0 Xdi 4WD,2012,,https://autopart.tn/article/rotule-de-direction-2066/ssangyong-175/actyon-sports-ii-11167/2-0-xdi-4wd-58685.html
autopart.tn:23629,ACTYON I,,2.0 Xdi,2007,,https://autopart.tn/article/rotule-de-direction-2066/ssangyong-175/actyon-i-5619/2-0-xdi-14629.html
autopart.tn:23629,ACTYON SPORTS I (QJ),QJ,2.0 Xdi,2007,,https://autopart.tn/article/rotule-de-direction-2066/ssangyong-175/actyon-sports-i-qj-7952/2-0-xdi-59019.html
autopart.tn:90021,KYRON,,2.0 Xdi 4x4,2005,,https://autopart.tn/article/rotule-de-direction-2066/ssangyong-175/kyron-5484/2-0-xdi-4x4-19183.html
autopart.tn:90021,ACTYON SPORTS I (QJ),QJ,2.0 Xdi,2007,,https://autopart.tn/article/rotule-de-direction-2066/ssangyong-175/actyon-sports-i-qj-7952/2-0-xdi-59019.html
autopart.tn:90021,ACTYON I,,2.0 Xdi,2007,,https://autopart.tn/article/rotule-de-direction-2066/ssangyong-175/actyon-i-5619/2-0-xdi-14629.html
autopart.tn:90020,KYRON,,2.0 Xdi 4x4,2005,,https://autopart.tn/article/rotule-de-direction-2066/ssangyong-175/kyron-5484/2-0-xdi-4x4-19183.html
autopart.tn:90020,ACTYON SPORTS I (QJ),QJ,2.0 Xdi 4WD,2007,,https://autopart.tn/article/rotule-de-direction-2066/ssangyong-175/actyon-sports-i-qj-7952/2-0-xdi-4wd-30692.html
autopart.tn:90020,ACTYON I,,200 Xdi 4WD,2006,,https://autopart.tn/article/rotule-de-direction-2066/ssangyong-175/actyon-i-5619/200-xdi-4wd-19893.html
autopart.tn:78506,KYRON,,2.0 Xdi,2005,,https://autopart.tn/article/rotule-de-direction-2066/ssangyong-175/kyron-5484/2-0-xdi-19184.html
autopart.tn:78506,ACTYON SPORTS I (QJ),QJ,2.0 Xdi 4WD,2007,,https://autopart.tn/article/rotule-de-direction-2066/ssangyong-175/actyon-sports-i-qj-7952/2-0-xdi-4wd-30692.html
autopart.tn:78506,ACTYON I,,200 Xdi 4WD,2006,,https://autopart.tn/article/rotule-de-direction-2066/ssangyong-175/actyon-i-5619/200-xdi-4wd-19893.html
autopart.tn:78483,KYRON,,2.0 Xdi,2005,,https://autopart.tn/article/rotule-de-direction-2066/ssangyong-175/kyron-5484/2-0-xdi-19184.html
autopart.tn:78483,ACTYON SPORTS I (QJ),QJ,2.0 Xdi 4WD,2007,,https://autopart.tn/article/rotule-de-direction-2066/ssangyong-175/actyon-sports-i-qj-7952/2-0-xdi-4wd-30692.html
autopart.tn:78483,ACTYON I,,200 Xdi 4WD,2006,,https://autopart.tn/article/rotule-de-direction-2066/ssangyong-175/actyon-i-5619/200-xdi-4wd-19893.html
autopart.tn:20579,ACTYON SPORTS II,,2.0 Xdi 4WD,2012,,https://autopart.tn/article/rotule-de-suspension-2462/ssangyong-175/actyon-sports-ii-11167/2-0-xdi-4wd-58685.html
autopart.tn:20579,KYRON,,2.0 Xdi,2005,,https://autopart.tn/article/rotule-de-suspension-2462/ssangyong-175/kyron-5484/2-0-xdi-19184.html
autopart.tn:20579,ACTYON SPORTS I (QJ),QJ,2.0 Xdi 4WD,2007,,https://autopart.tn/article/rotule-de-suspension-2462/ssangyong-175/actyon-sports-i-qj-7952/2-0-xdi-4wd-30692.html
autopart.tn:20579,ACTYON I,,2.0 Xdi,2007,,https://autopart.tn/article/rotule-de-suspension-2462/ssangyong-175/actyon-i-5619/2-0-xdi-14629.html
autopart.tn:22838,KYRON,,2.0 Xdi,2005,,https://autopart.tn/article/rotule-de-suspension-2462/ssangyong-175/kyron-5484/2-0-xdi-19184.html
autopart.tn:22838,ACTYON SPORTS I (QJ),QJ,2.0 Xdi 4WD,2007,,https://autopart.tn/article/rotule-de-suspension-2462/ssangyong-175/actyon-sports-i-qj-7952/2-0-xdi-4wd-30692.html
autopart.tn:22838,ACTYON I,,2.0 Xdi,2007,,https://autopart.tn/article/rotule-de-suspension-2462/ssangyong-175/actyon-i-5619/2-0-xdi-14629.html
autopart.tn:78536,KYRON,,2.0 Xdi,2005,,https://autopart.tn/article/rotule-de-suspension-2462/ssangyong-175/kyron-5484/2-0-xdi-19184.html
autopart.tn:78536,ACTYON SPORTS I (QJ),QJ,2.0 Xdi 4WD,2007,,https://autopart.tn/article/rotule-de-suspension-2462/ssangyong-175/actyon-sports-i-qj-7952/2-0-xdi-4wd-30692.html
autopart.tn:78536,ACTYON I,,2.0 Xdi,2007,,https://autopart.tn/article/rotule-de-suspension-2462/ssangyong-175/actyon-i-5619/2-0-xdi-14629.html
autopart.tn:89961,KORANDO (CK),CK,2.2 Xdi 4WD,2015,,https://autopart.tn/article/entretoise-tige-stabilisateur-3229/ssangyong-175/korando-ck-9129/2-2-xdi-4wd-117776.html
autopart.tn:89961,KYRON,,2.0 Xdi 4x4,2005,,https://autopart.tn/article/entretoise-tige-stabilisateur-3229/ssangyong-175/kyron-5484/2-0-xdi-4x4-19183.html
autopart.tn:89961,KORANDO (KJ),KJ,3.2,1997,2006,https://autopart.tn/article/entretoise-tige-stabilisateur-3229/ssangyong-175/korando-kj-1905/3-2-17338.html
autopart.tn:89961,ACTYON SPORTS I (QJ),QJ,2.0 Xdi 4WD,2007,,https://autopart.tn/article/entretoise-tige-stabilisateur-3229/ssangyong-175/actyon-sports-i-qj-7952/2-0-xdi-4wd-30692.html
autopart.tn:89961,ACTYON I,,2.0 Xdi,2007,,https://autopart.tn/article/entretoise-tige-stabilisateur-3229/ssangyong-175/actyon-i-5619/2-0-xdi-14629.html
autopart.tn:89961,KORANDO Cabrio (KJ),KJ,3.2,1997,2006,https://autopart.tn/article/entretoise-tige-stabilisateur-3229/ssangyong-175/korando-cabrio-kj-3427/3-2-17339.html
autopart.tn:77567,KORANDO (KJ),KJ,3.2,1997,2006,https://autopart.tn/article/entretoise-tige-stabilisateur-3229/ssangyong-175/korando-kj-1905/3-2-17338.html
autopart.tn:77567,ACTYON SPORTS I (QJ),QJ,2.0 Xdi 4WD,2007,,https://autopart.tn/article/entretoise-tige-stabilisateur-3229/ssangyong-175/actyon-sports-i-qj-7952/2-0-xdi-4wd-30692.html
autopart.tn:77567,ACTYON I,,200 Xdi 4WD,2007,,https://autopart.tn/article/entretoise-tige-stabilisateur-3229/ssangyong-175/actyon-i-5619/200-xdi-4wd-14644.html
autopart.tn:77567,KORANDO (K4),K4,2.2 D,1988,1996,https://autopart.tn/article/entretoise-tige-stabilisateur-3229/ssangyong-175/korando-k4-1939/2-2-d-8160.html
autopart.tn:77567,KORANDO Cabrio (KJ),KJ,3.2,1997,2006,https://autopart.tn/article/entretoise-tige-stabilisateur-3229/ssangyong-175/korando-cabrio-kj-3427/3-2-17339.html
autopart.tn:77568,KYRON,,2.0 Xdi 4x4,2005,,https://autopart.tn/article/entretoise-tige-stabilisateur-3229/ssangyong-175/kyron-5484/2-0-xdi-4x4-19183.html
autopart.tn:77568,ACTYON SPORTS I (QJ),QJ,2.0 Xdi 4WD,2007,,https://autopart.tn/article/entretoise-tige-stabilisateur-3229/ssangyong-175/actyon-sports-i-qj-7952/2-0-xdi-4wd-30692.html
autopart.tn:77568,ACTYON I,,200 Xdi 4WD,2007,,https://autopart.tn/article/entretoise-tige-stabilisateur-3229/ssangyong-175/actyon-i-5619/200-xdi-4wd-14644.html
autopart.tn:78573,KYRON,,2.0 Xdi 4x4,2005,,https://autopart.tn/article/entretoise-tige-stabilisateur-3229/ssangyong-175/kyron-5484/2-0-xdi-4x4-19183.html
autopart.tn:78573,ACTYON SPORTS I (QJ),QJ,2.0 Xdi 4WD,2007,,https://autopart.tn/article/entretoise-tige-stabilisateur-3229/ssangyong-175/actyon-sports-i-qj-7952/2-0-xdi-4wd-30692.html
autopart.tn:78573,ACTYON I,,200 Xdi 4WD,2006,,https://autopart.tn/article/entretoise-tige-stabilisateur-3229/ssangyong-175/actyon-i-5619/200-xdi-4wd-19893.html
autopart.tn:78591,KYRON,,2.0 Xdi 4x4,2005,,https://autopart.tn/article/entretoise-tige-stabilisateur-3229/ssangyong-175/kyron-5484/2-0-xdi-4x4-19183.html
autopart.tn:78591,ACTYON SPORTS I (QJ),QJ,2.0 Xdi,2007,,https://autopart.tn/article/entretoise-tige-stabilisateur-3229/ssangyong-175/actyon-sports-i-qj-7952/2-0-xdi-59019.html
autopart.tn:78591,ACTYON I,,200 Xdi 4WD,2006,,https://autopart.tn/article/entretoise-tige-stabilisateur-3229/ssangyong-175/actyon-i-5619/200-xdi-4wd-19893.html
autopart.tn:78165,KORANDO (KJ),KJ,3.2,1997,2006,https://autopart.tn/article/entretoise-tige-stabilisateur-3229/ssangyong-175/korando-kj-1905/3-2-17338.html
autopart.tn:78165,ACTYON SPORTS I (QJ),QJ,2.0 Xdi 4WD,2007,,https://autopart.tn/article/entretoise-tige-stabilisateur-3229/ssangyong-175/actyon-sports-i-qj-7952/2-0-xdi-4wd-30692.html
autopart.tn:78165,ACTYON I,,200 Xdi 4WD,2006,,https://autopart.tn/article/entretoise-tige-stabilisateur-3229/ssangyong-175/actyon-i-5619/200-xdi-4wd-19893.html
autopart.tn:78165,KORANDO (K4),K4,2.2 D,1988,1996,https://autopart.tn/article/entretoise-tige-stabilisateur-3229/ssangyong-175/korando-k4-1939/2-2-d-8160.html
autopart.tn:78165,KORANDO Cabrio (KJ),KJ,3.2,1997,2006,https://autopart.tn/article/entretoise-tige-stabilisateur-3229/ssangyong-175/korando-cabrio-kj-3427/3-2-17339.html
autopart.tn:65852,ACTYON SPORTS I (QJ),QJ,2.0 Xdi 4WD,2007,,https://autopart.tn/article/suspension-stabilisateur-1334/ssangyong-175/actyon-sports-i-qj-7952/2-0-xdi-4wd-30692.html
autopart.tn:65852,ACTYON I,,200 Xdi 4WD,2006,,https://autopart.tn/article/suspension-stabilisateur-1334/ssangyong-175/actyon-i-5619/200-xdi-4wd-19893.html
autopart.tn:77457,ACTYON SPORTS I (QJ),QJ,2.0 Xdi 4WD,2007,,https://autopart.tn/article/suspension-stabilisateur-1334/ssangyong-175/actyon-sports-i-qj-7952/2-0-xdi-4wd-30692.html
autopart.tn:77457,ACTYON I,,200 Xdi 4WD,2006,,https://autopart.tn/article/suspension-stabilisateur-1334/ssangyong-175/actyon-i-5619/200-xdi-4wd-19893.html
autopart.tn:44861,KYRON,,2.0 Xdi,2005,,https://autopart.tn/article/kit-d-embrayage-479/ssangyong-175/kyron-5484/2-0-xdi-19184.html
autopart.tn:44861,ACTYON SPORTS I (QJ),QJ,2.0 Xdi 4WD,2007,,https://autopart.tn/article/kit-d-embrayage-479/ssangyong-175/actyon-sports-i-qj-7952/2-0-xdi-4wd-30692.html
autopart.tn:44861,ACTYON I,,2.0 Xdi,2007,,https://autopart.tn/article/kit-d-embrayage-479/ssangyong-175/actyon-i-5619/2-0-xdi-14629.html
autopart.tn:58731,KYRON,,2.0 Xdi,2005,,https://autopart.tn/article/butee-hydraulique-embrayage-47/ssangyong-175/kyron-5484/2-0-xdi-19184.html
autopart.tn:58731,ACTYON SPORTS I (QJ),QJ,2.0 Xdi 4WD,2007,,https://autopart.tn/article/butee-hydraulique-embrayage-47/ssangyong-175/actyon-sports-i-qj-7952/2-0-xdi-4wd-30692.html
autopart.tn:58731,ACTYON I,,2.0 Xdi,2007,,https://autopart.tn/article/butee-hydraulique-embrayage-47/ssangyong-175/actyon-i-5619/2-0-xdi-14629.html
autopart.tn:89472,KYRON,,2.0 Xdi 4x4,2005,,https://autopart.tn/article/volant-moteur-577/ssangyong-175/kyron-5484/2-0-xdi-4x4-19183.html
autopart.tn:89472,ACTYON SPORTS I (QJ),QJ,2.0 Xdi 4WD,2007,,https://autopart.tn/article/volant-moteur-577/ssangyong-175/actyon-sports-i-qj-7952/2-0-xdi-4wd-30692.html
autopart.tn:89472,ACTYON I,,200 Xdi 4WD,2006,,https://autopart.tn/article/volant-moteur-577/ssangyong-175/actyon-i-5619/200-xdi-4wd-19893.html
autopart.tn:33308,KYRON,,2.0 Xdi 4x4,2005,,https://autopart.tn/article/demarreur-2/ssangyong-175/kyron-5484/2-0-xdi-4x4-19183.html
autopart.tn:33308,KORANDO (KJ),KJ,2.9 TD,1998,2006,https://autopart.tn/article/demarreur-2/ssangyong-175/korando-kj-1905/2-9-td-10168.html
autopart.tn:33308,ACTYON SPORTS I (QJ),QJ,2.0 Xdi 4WD,2007,,https://autopart.tn/article/demarreur-2/ssangyong-175/actyon-sports-i-qj-7952/2-0-xdi-4wd-30692.html
autopart.tn:33308,ACTYON I,,2.0 Xdi,2007,,https://autopart.tn/article/demarreur-2/ssangyong-175/actyon-i-5619/2-0-xdi-14629.html
autopart.tn:48076,KYRON,,2.0 Xdi 4x4,2005,,https://autopart.tn/article/poulie-roue-libre-alternateur-1390/ssangyong-175/kyron-5484/2-0-xdi-4x4-19183.html
autopart.tn:48076,ACTYON SPORTS I (QJ),QJ,2.0 Xdi 4WD,2007,,https://autopart.tn/article/poulie-roue-libre-alternateur-1390/ssangyong-175/actyon-sports-i-qj-7952/2-0-xdi-4wd-30692.html
autopart.tn:48076,ACTYON I,,200 Xdi 4WD,2006,,https://autopart.tn/article/poulie-roue-libre-alternateur-1390/ssangyong-175/actyon-i-5619/200-xdi-4wd-19893.html
autopart.tn:39919,KYRON,,2.0 Xdi 4x4,2005,,https://autopart.tn/article/poulie-roue-libre-alternateur-1390/ssangyong-175/kyron-5484/2-0-xdi-4x4-19183.html
autopart.tn:39919,ACTYON SPORTS I (QJ),QJ,2.0 Xdi 4WD,2007,,https://autopart.tn/article/poulie-roue-libre-alternateur-1390/ssangyong-175/actyon-sports-i-qj-7952/2-0-xdi-4wd-30692.html
autopart.tn:39919,ACTYON I,,200 Xdi 4WD,2006,,https://autopart.tn/article/poulie-roue-libre-alternateur-1390/ssangyong-175/actyon-i-5619/200-xdi-4wd-19893.html
autopart.tn:56158,KYRON,,2.0 Xdi 4x4,2005,,https://autopart.tn/article/poulie-roue-libre-alternateur-1390/ssangyong-175/kyron-5484/2-0-xdi-4x4-19183.html
autopart.tn:56158,ACTYON I,,2.0 Xdi,2007,,https://autopart.tn/article/poulie-roue-libre-alternateur-1390/ssangyong-175/actyon-i-5619/2-0-xdi-14629.html
autopart.tn:56158,ACTYON SPORTS I (QJ),QJ,2.0 Xdi 4WD,2007,,https://autopart.tn/article/poulie-roue-libre-alternateur-1390/ssangyong-175/actyon-sports-i-qj-7952/2-0-xdi-4wd-30692.html
autopart.tn:2760,ACTYON SPORTS II,,2.0 Xdi 4WD,2012,,https://autopart.tn/article/balai-d-essuie-glace-298/ssangyong-175/actyon-sports-ii-11167/2-0-xdi-4wd-58685.html
autopart.tn:2760,ACTYON SPORTS I (QJ),QJ,2.0 Xdi,2007,,https://autopart.tn/article/balai-d-essuie-glace-298/ssangyong-175/actyon-sports-i-qj-7952/2-0-xdi-59019.html
autopart.tn:2760,ACTYON I,,200 Xdi 4WD,2007,,https://autopart.tn/article/balai-d-essuie-glace-298/ssangyong-175/actyon-i-5619/200-xdi-4wd-14644.html
autopart.tn:76843,KYRON,,2.0 Xdi 4x4,2005,,https://autopart.tn/article/radiateur-refroidissement-du-moteur-470/ssangyong-175/kyron-5484/2-0-xdi-4x4-19183.html
autopart.tn:76843,ACTYON SPORTS I (QJ),QJ,2.0 Xdi 4WD,2007,,https://autopart.tn/article/radiateur-refroidissement-du-moteur-470/ssangyong-175/actyon-sports-i-qj-7952/2-0-xdi-4wd-30692.html
autopart.tn:76843,ACTYON I,,200 Xdi 4WD,2006,,https://autopart.tn/article/radiateur-refroidissement-du-moteur-470/ssangyong-175/actyon-i-5619/200-xdi-4wd-19893.html
autopart.tn:25260,KYRON,,2.0 Xdi 4x4,2005,,https://autopart.tn/article/thermostat-d-eau-316/ssangyong-175/kyron-5484/2-0-xdi-4x4-19183.html
autopart.tn:25260,KORANDO (KJ),KJ,2.9 TD,1998,2006,https://autopart.tn/article/thermostat-d-eau-316/ssangyong-175/korando-kj-1905/2-9-td-10168.html
autopart.tn:25260,ACTYON SPORTS I (QJ),QJ,2.0 Xdi 4WD,2007,,https://autopart.tn/article/thermostat-d-eau-316/ssangyong-175/actyon-sports-i-qj-7952/2-0-xdi-4wd-30692.html
autopart.tn:25260,ACTYON I,,200 Xdi 4WD,2006,,https://autopart.tn/article/thermostat-d-eau-316/ssangyong-175/actyon-i-5619/200-xdi-4wd-19893.html
autopart.tn:25260,KORANDO Cabrio (KJ),KJ,2.9 D,1997,2000,https://autopart.tn/article/thermostat-d-eau-316/ssangyong-175/korando-cabrio-kj-3427/2-9-d-11286.html
autopart.tn:65767,KYRON,,2.0 Xdi 4x4,2005,,https://autopart.tn/article/thermostat-d-eau-316/ssangyong-175/kyron-5484/2-0-xdi-4x4-19183.html
autopart.tn:65767,ACTYON SPORTS I (QJ),QJ,2.0 Xdi 4WD,2007,,https://autopart.tn/article/thermostat-d-eau-316/ssangyong-175/actyon-sports-i-qj-7952/2-0-xdi-4wd-30692.html
autopart.tn:65767,ACTYON I,,200 Xdi 4WD,2006,,https://autopart.tn/article/thermostat-d-eau-316/ssangyong-175/actyon-i-5619/200-xdi-4wd-19893.html
autopart.tn:84413,KYRON,,2.0 Xdi 4x4,2005,,https://autopart.tn/article/huile-moteur-3224/ssangyong-175/kyron-5484/2-0-xdi-4x4-19183.html
autopart.tn:84413,KORANDO (KJ),KJ,2.3,1999,2006,https://autopart.tn/article/huile-moteur-3224/ssangyong-175/korando-kj-1905/2-3-18283.html
autopart.tn:84413,ACTYON I,,200 Xdi 4WD,2006,,https://autopart.tn/article/huile-moteur-3224/ssangyong-175/actyon-i-5619/200-xdi-4wd-19893.html
autopart.tn:84413,ACTYON SPORTS I (QJ),QJ,2.0 Xdi 4WD,2007,,https://autopart.tn/article/huile-moteur-3224/ssangyong-175/actyon-sports-i-qj-7952/2-0-xdi-4wd-30692.html
autopart.tn:84413,KORANDO Cabrio (KJ),KJ,3.2,1997,2006,https://autopart.tn/article/huile-moteur-3224/ssangyong-175/korando-cabrio-kj-3427/3-2-17339.html
autopart.tn:84412,KYRON,,2.0 Xdi 4x4,2005,,https://autopart.tn/article/huile-moteur-3224/ssangyong-175/kyron-5484/2-0-xdi-4x4-19183.html
autopart.tn:84412,ACTYON I,,200 Xdi 4WD,2006,,https://autopart.tn/article/huile-moteur-3224/ssangyong-175/actyon-i-5619/200-xdi-4wd-19893.html
autopart.tn:84412,KORANDO (KJ),KJ,2.3,1997,2000,https://autopart.tn/article/huile-moteur-3224/ssangyong-175/korando-kj-1905/2-3-8698.html
autopart.tn:84412,ACTYON SPORTS I (QJ),QJ,2.0 Xdi 4WD,2007,,https://autopart.tn/article/huile-moteur-3224/ssangyong-175/actyon-sports-i-qj-7952/2-0-xdi-4wd-30692.html
autopart.tn:84412,KORANDO Cabrio (KJ),KJ,3.2,1997,2006,https://autopart.tn/article/huile-moteur-3224/ssangyong-175/korando-cabrio-kj-3427/3-2-17339.html
autopart.tn:64777,KYRON,,2.0 Xdi 4x4,2005,,https://autopart.tn/article/huile-moteur-3224/ssangyong-175/kyron-5484/2-0-xdi-4x4-19183.html
autopart.tn:64777,KORANDO (CK),CK,2.2 Xdi,2015,,https://autopart.tn/article/huile-moteur-3224/ssangyong-175/korando-ck-9129/2-2-xdi-117775.html
autopart.tn:64777,ACTYON I,,200 Xdi 4WD,2006,,https://autopart.tn/article/huile-moteur-3224/ssangyong-175/actyon-i-5619/200-xdi-4wd-19893.html
autopart.tn:64777,ACTYON SPORTS I (QJ),QJ,2.0 Xdi 4WD,2007,,https://autopart.tn/article/huile-moteur-3224/ssangyong-175/actyon-sports-i-qj-7952/2-0-xdi-4wd-30692.html
autopart.tn:56327,KORANDO (CK),CK,2.2 Xdi 4WD,2015,,https://autopart.tn/article/huile-moteur-3224/ssangyong-175/korando-ck-9129/2-2-xdi-4wd-117776.html
autopart.tn:56327,KYRON,,2.0 Xdi 4x4,2005,,https://autopart.tn/article/huile-moteur-3224/ssangyong-175/kyron-5484/2-0-xdi-4x4-19183.html
autopart.tn:56327,ACTYON SPORTS I (QJ),QJ,2.0 Xdi 4WD,2007,,https://autopart.tn/article/huile-moteur-3224/ssangyong-175/actyon-sports-i-qj-7952/2-0-xdi-4wd-30692.html
autopart.tn:56327,ACTYON I,,200 Xdi 4WD,2006,,https://autopart.tn/article/huile-moteur-3224/ssangyong-175/actyon-i-5619/200-xdi-4wd-19893.html
autopart.tn:81527,KORANDO (CK),CK,2.2 Xdi 4WD,2015,,https://autopart.tn/article/huile-moteur-3224/ssangyong-175/korando-ck-9129/2-2-xdi-4wd-117776.html
autopart.tn:81527,KYRON,,2.0 Xdi 4x4,2005,,https://autopart.tn/article/huile-moteur-3224/ssangyong-175/kyron-5484/2-0-xdi-4x4-19183.html
autopart.tn:81527,ACTYON I,,200 Xdi 4WD,2006,,https://autopart.tn/article/huile-moteur-3224/ssangyong-175/actyon-i-5619/200-xdi-4wd-19893.html
autopart.tn:81527,ACTYON SPORTS I (QJ),QJ,2.0 Xdi 4WD,2007,,https://autopart.tn/article/huile-moteur-3224/ssangyong-175/actyon-sports-i-qj-7952/2-0-xdi-4wd-30692.html
autopart.tn:50731,KYRON,,2.0 Xdi 4x4,2005,,https://autopart.tn/article/huile-moteur-3224/ssangyong-175/kyron-5484/2-0-xdi-4x4-19183.html
autopart.tn:50731,KORANDO (CK),CK,2.2 Xdi,2015,,https://autopart.tn/article/huile-moteur-3224/ssangyong-175/korando-ck-9129/2-2-xdi-117775.html
autopart.tn:50731,ACTYON SPORTS I (QJ),QJ,2.0 Xdi 4WD,2007,,https://autopart.tn/article/huile-moteur-3224/ssangyong-175/actyon-sports-i-qj-7952/2-0-xdi-4wd-30692.html
autopart.tn:50731,ACTYON I,,200 Xdi 4WD,2006,,https://autopart.tn/article/huile-moteur-3224/ssangyong-175/actyon-i-5619/200-xdi-4wd-19893.html
autopart.tn:56326,KORANDO (CK),CK,2.2 Xdi 4WD,2015,,https://autopart.tn/article/huile-moteur-3224/ssangyong-175/korando-ck-9129/2-2-xdi-4wd-117776.html
autopart.tn:56326,KYRON,,2.0 Xdi 4x4,2005,,https://autopart.tn/article/huile-moteur-3224/ssangyong-175/kyron-5484/2-0-xdi-4x4-19183.html
autopart.tn:56326,ACTYON I,,200 Xdi 4WD,2006,,https://autopart.tn/article/huile-moteur-3224/ssangyong-175/actyon-i-5619/200-xdi-4wd-19893.html
autopart.tn:56326,ACTYON SPORTS I (QJ),QJ,2.0 Xdi 4WD,2007,,https://autopart.tn/article/huile-moteur-3224/ssangyong-175/actyon-sports-i-qj-7952/2-0-xdi-4wd-30692.html
autopart.tn:67307,KYRON,,2.0 Xdi 4x4,2005,,https://autopart.tn/article/huile-moteur-3224/ssangyong-175/kyron-5484/2-0-xdi-4x4-19183.html
autopart.tn:67307,ACTYON SPORTS I (QJ),QJ,2.0 Xdi,2007,,https://autopart.tn/article/huile-moteur-3224/ssangyong-175/actyon-sports-i-qj-7952/2-0-xdi-59019.html
autopart.tn:67307,ACTYON I,,200 Xdi 4WD,2006,,https://autopart.tn/article/huile-moteur-3224/ssangyong-175/actyon-i-5619/200-xdi-4wd-19893.html
autopart.tn:67307,KORANDO (KJ),KJ,2.3,2002,2006,https://autopart.tn/article/huile-moteur-3224/ssangyong-175/korando-kj-1905/2-3-9798.html
autopart.tn:67307,KORANDO Cabrio (KJ),KJ,2.3,1999,2006,https://autopart.tn/article/huile-moteur-3224/ssangyong-175/korando-cabrio-kj-3427/2-3-18282.html
autopart.tn:50742,KYRON,,2.0 Xdi 4x4,2005,,https://autopart.tn/article/antigel-3356/ssangyong-175/kyron-5484/2-0-xdi-4x4-19183.html
autopart.tn:50742,KORANDO (CK),CK,2.2 Xdi,2015,,https://autopart.tn/article/antigel-3356/ssangyong-175/korando-ck-9129/2-2-xdi-117775.html
autopart.tn:50742,ACTYON SPORTS I (QJ),QJ,2.0 Xdi,2007,,https://autopart.tn/article/antigel-3356/ssangyong-175/actyon-sports-i-qj-7952/2-0-xdi-59019.html
autopart.tn:50742,KORANDO (KJ),KJ,2.3,1999,2006,https://autopart.tn/article/antigel-3356/ssangyong-175/korando-kj-1905/2-3-18283.html
autopart.tn:50742,KORANDO (K4),K4,2.2 D,1988,1996,https://autopart.tn/article/antigel-3356/ssangyong-175/korando-k4-1939/2-2-d-8160.html
autopart.tn:50742,ACTYON I,,200 Xdi 4WD,2006,,https://autopart.tn/article/antigel-3356/ssangyong-175/actyon-i-5619/200-xdi-4wd-19893.html
autopart.tn:50742,KORANDO Cabrio (KJ),KJ,3.2,1997,2006,https://autopart.tn/article/antigel-3356/ssangyong-175/korando-cabrio-kj-3427/3-2-17339.html
autopart.tn:68024,KYRON,,2.0 Xdi,2005,,https://autopart.tn/article/huile-pour-boite-automatique-3069/ssangyong-175/kyron-5484/2-0-xdi-19184.html
autopart.tn:68024,ACTYON SPORTS I (QJ),QJ,2.0 Xdi 4WD,2007,,https://autopart.tn/article/huile-pour-boite-automatique-3069/ssangyong-175/actyon-sports-i-qj-7952/2-0-xdi-4wd-30692.html
autopart.tn:68024,ACTYON I,,200 Xdi 4WD,2006,,https://autopart.tn/article/huile-pour-boite-automatique-3069/ssangyong-175/actyon-i-5619/200-xdi-4wd-19893.html
autopart.tn:68024,KORANDO (CK),CK,2.0 e-XDi 4WD,2010,,https://autopart.tn/article/huile-pour-boite-automatique-3069/ssangyong-175/korando-ck-9129/2-0-e-xdi-4wd-6347.html
autopart.tn:50713,KYRON,,2.0 Xdi,2005,,https://autopart.tn/article/huile-pour-boite-automatique-3069/ssangyong-175/kyron-5484/2-0-xdi-19184.html
autopart.tn:50713,ACTYON SPORTS I (QJ),QJ,2.0 Xdi 4WD,2007,,https://autopart.tn/article/huile-pour-boite-automatique-3069/ssangyong-175/actyon-sports-i-qj-7952/2-0-xdi-4wd-30692.html
autopart.tn:50713,ACTYON I,,200 Xdi 4WD,2006,,https://autopart.tn/article/huile-pour-boite-automatique-3069/ssangyong-175/actyon-i-5619/200-xdi-4wd-19893.html
autopart.tn:50713,KORANDO (CK),CK,2.0 e-XDi 4WD,2010,,https://autopart.tn/article/huile-pour-boite-automatique-3069/ssangyong-175/korando-ck-9129/2-0-e-xdi-4wd-6347.html
autopart.tn:17780,KORANDO (KJ),KJ,3.2 (KJ),1996,2002,https://autopart.tn/article/filtre-a-huile-7/ssangyong-175/korando-kj-1905/3-2-kj-7912.html
autopart.tn:17780,KYRON,,2.0 Xdi 4x4,2005,,https://autopart.tn/article/filtre-a-huile-7/ssangyong-175/kyron-5484/2-0-xdi-4x4-19183.html
autopart.tn:17780,ACTYON I,,200 Xdi 4WD,2006,,https://autopart.tn/article/filtre-a-huile-7/ssangyong-175/actyon-i-5619/200-xdi-4wd-19893.html
autopart.tn:17780,ACTYON SPORTS I (QJ),QJ,2.0 Xdi 4WD,2007,,https://autopart.tn/article/filtre-a-huile-7/ssangyong-175/actyon-sports-i-qj-7952/2-0-xdi-4wd-30692.html
autopart.tn:17780,KORANDO Cabrio (KJ),KJ,3.2,1997,2006,https://autopart.tn/article/filtre-a-huile-7/ssangyong-175/korando-cabrio-kj-3427/3-2-17339.html
autopart.tn:19111,KYRON,,2.0 Xdi 4x4,2005,,https://autopart.tn/article/filtre-a-carburant-9/ssangyong-175/kyron-5484/2-0-xdi-4x4-19183.html
autopart.tn:19111,ACTYON I,,200 Xdi 4WD,2006,,https://autopart.tn/article/filtre-a-carburant-9/ssangyong-175/actyon-i-5619/200-xdi-4wd-19893.html
autopart.tn:19111,ACTYON SPORTS I (QJ),QJ,2.0 Xdi 4WD,2007,,https://autopart.tn/article/filtre-a-carburant-9/ssangyong-175/actyon-sports-i-qj-7952/2-0-xdi-4wd-30692.html
autopart.tn:19919,KORANDO (KJ),KJ,2.9 D (KJ),1996,2000,https://autopart.tn/article/machoire-de-frein-281/ssangyong-175/korando-kj-1905/2-9-d-kj-7910.html
autopart.tn:19919,ACTYON I,,200 Xdi 4WD,2006,,https://autopart.tn/article/machoire-de-frein-281/ssangyong-175/actyon-i-5619/200-xdi-4wd-19893.html
autopart.tn:38097,ACTYON I,,2.0 Xdi,2005,,https://autopart.tn/article/courroie-trapezoidale-a-nervures-305/ssangyong-175/actyon-i-5619/2-0-xdi-30143.html
autopart.tn:77597,KYRON,,2.0 Xdi 4x4,2005,,https://autopart.tn/article/amortisseur-854/ssangyong-175/kyron-5484/2-0-xdi-4x4-19183.html
autopart.tn:77597,ACTYON SPORTS I (QJ),QJ,2.0 Xdi 4WD,2007,,https://autopart.tn/article/amortisseur-854/ssangyong-175/actyon-sports-i-qj-7952/2-0-xdi-4wd-30692.html
autopart.tn:77597,ACTYON I,,200 Xdi 4WD,2006,,https://autopart.tn/article/amortisseur-854/ssangyong-175/actyon-i-5619/200-xdi-4wd-19893.html
autopart.tn:77500,KYRON,,2.0 Xdi 4x4,2005,,https://autopart.tn/article/bras-de-liaison-suspension-de-roue-273/ssangyong-175/kyron-5484/2-0-xdi-4x4-19183.html
autopart.tn:77500,ACTYON SPORTS I (QJ),QJ,2.0 Xdi 4WD,2007,,https://autopart.tn/article/bras-de-liaison-suspension-de-roue-273/ssangyong-175/actyon-sports-i-qj-7952/2-0-xdi-4wd-30692.html
autopart.tn:77500,ACTYON I,,200 Xdi 4WD,2006,,https://autopart.tn/article/bras-de-liaison-suspension-de-roue-273/ssangyong-175/actyon-i-5619/200-xdi-4wd-19893.html
autopart.tn:77501,KYRON,,2.0 Xdi 4x4,2005,,https://autopart.tn/article/bras-de-liaison-suspension-de-roue-273/ssangyong-175/kyron-5484/2-0-xdi-4x4-19183.html
autopart.tn:77501,ACTYON SPORTS I (QJ),QJ,2.0 Xdi 4WD,2007,,https://autopart.tn/article/bras-de-liaison-suspension-de-roue-273/ssangyong-175/actyon-sports-i-qj-7952/2-0-xdi-4wd-30692.html
autopart.tn:77501,ACTYON I,,200 Xdi 4WD,2006,,https://autopart.tn/article/bras-de-liaison-suspension-de-roue-273/ssangyong-175/actyon-i-5619/200-xdi-4wd-19893.html
autopart.tn:78570,KYRON,,2.0 Xdi,2005,,https://autopart.tn/article/bras-de-liaison-suspension-de-roue-273/ssangyong-175/kyron-5484/2-0-xdi-19184.html
autopart.tn:78570,ACTYON SPORTS I (QJ),QJ,2.0 Xdi 4WD,2007,,https://autopart.tn/article/bras-de-liaison-suspension-de-roue-273/ssangyong-175/actyon-sports-i-qj-7952/2-0-xdi-4wd-30692.html
autopart.tn:78570,ACTYON I,,2.0 Xdi,2005,,https://autopart.tn/article/bras-de-liaison-suspension-de-roue-273/ssangyong-175/actyon-i-5619/2-0-xdi-30143.html
autopart.tn:19219,KYRON,,2.0 Xdi 4x4,2005,,https://autopart.tn/article/pompe-a-eau-1260/ssangyong-175/kyron-5484/2-0-xdi-4x4-19183.html
autopart.tn:19219,ACTYON I,,200 Xdi 4WD,2006,,https://autopart.tn/article/pompe-a-eau-1260/ssangyong-175/actyon-i-5619/200-xdi-4wd-19893.html
autopart.tn:19249,KYRON,,2.0 Xdi 4x4,2005,,https://autopart.tn/article/embrayage-ventilateur-de-radiateur-509/ssangyong-175/kyron-5484/2-0-xdi-4x4-19183.html
autopart.tn:19249,ACTYON I,,200 Xdi 4WD,2006,,https://autopart.tn/article/embrayage-ventilateur-de-radiateur-509/ssangyong-175/actyon-i-5619/200-xdi-4wd-19893.html
autopart.tn:74327,KYRON,,2.0 Xdi 4x4,2005,,https://autopart.tn/article/huile-moteur-3224/ssangyong-175/kyron-5484/2-0-xdi-4x4-19183.html
autopart.tn:74327,KORANDO (KJ),KJ,2.9 TD,1998,2006,https://autopart.tn/article/huile-moteur-3224/ssangyong-175/korando-kj-1905/2-9-td-10168.html
autopart.tn:74327,ACTYON SPORTS I (QJ),QJ,2.0 Xdi,2007,,https://autopart.tn/article/huile-moteur-3224/ssangyong-175/actyon-sports-i-qj-7952/2-0-xdi-59019.html
autopart.tn:74327,ACTYON I,,200 Xdi 4WD,2006,,https://autopart.tn/article/huile-moteur-3224/ssangyong-175/actyon-i-5619/200-xdi-4wd-19893.html
autopart.tn:74327,KORANDO Cabrio (KJ),KJ,3.2,1997,2006,https://autopart.tn/article/huile-moteur-3224/ssangyong-175/korando-cabrio-kj-3427/3-2-17339.html
autopart.tn:90058,KYRON,,2.0 Xdi 4x4,2005,,https://autopart.tn/article/huile-moteur-3224/ssangyong-175/kyron-5484/2-0-xdi-4x4-19183.html
autopart.tn:90058,KORANDO (KJ),KJ,2.9 TD,1998,2006,https://autopart.tn/article/huile-moteur-3224/ssangyong-175/korando-kj-1905/2-9-td-10168.html
autopart.tn:90058,ACTYON SPORTS I (QJ),QJ,2.0 Xdi,2007,,https://autopart.tn/article/huile-moteur-3224/ssangyong-175/actyon-sports-i-qj-7952/2-0-xdi-59019.html
autopart.tn:90058,ACTYON I,,2.0 Xdi,2005,,https://autopart.tn/article/huile-moteur-3224/ssangyong-175/actyon-i-5619/2-0-xdi-30143.html
autopart.tn:90058,KORANDO Cabrio (KJ),KJ,3.2,1997,2006,https://autopart.tn/article/huile-moteur-3224/ssangyong-175/korando-cabrio-kj-3427/3-2-17339.html
autopart.tn:64827,KORANDO (KJ),KJ,3.2 (KJ),1996,2002,https://autopart.tn/article/huile-moteur-3224/ssangyong-175/korando-kj-1905/3-2-kj-7912.html
autopart.tn:64827,KYRON,,2.0 Xdi 4x4,2005,,https://autopart.tn/article/huile-moteur-3224/ssangyong-175/kyron-5484/2-0-xdi-4x4-19183.html
autopart.tn:64827,ACTYON I,,2.0 Xdi,2005,,https://autopart.tn/article/huile-moteur-3224/ssangyong-175/actyon-i-5619/2-0-xdi-30143.html
autopart.tn:64827,ACTYON SPORTS I (QJ),QJ,2.0 Xdi 4WD,2007,,https://autopart.tn/article/huile-moteur-3224/ssangyong-175/actyon-sports-i-qj-7952/2-0-xdi-4wd-30692.html
autopart.tn:64827,KORANDO Cabrio (KJ),KJ,3.2,1997,2006,https://autopart.tn/article/huile-moteur-3224/ssangyong-175/korando-cabrio-kj-3427/3-2-17339.html
autopart.tn:64181,KORANDO (KJ),KJ,3.2 (KJ),1996,2002,https://autopart.tn/article/huile-moteur-3224/ssangyong-175/korando-kj-1905/3-2-kj-7912.html
autopart.tn:64181,KYRON,,2.0 Xdi 4x4,2005,,https://autopart.tn/article/huile-moteur-3224/ssangyong-175/kyron-5484/2-0-xdi-4x4-19183.html
autopart.tn:64181,ACTYON SPORTS I (QJ),QJ,2.0 Xdi 4WD,2007,,https://autopart.tn/article/huile-moteur-3224/ssangyong-175/actyon-sports-i-qj-7952/2-0-xdi-4wd-30692.html
autopart.tn:64181,KORANDO (K4),K4,2.2 D,1988,1996,https://autopart.tn/article/huile-moteur-3224/ssangyong-175/korando-k4-1939/2-2-d-8160.html
autopart.tn:64181,ACTYON I,,200 Xdi 4WD,2006,,https://autopart.tn/article/huile-moteur-3224/ssangyong-175/actyon-i-5619/200-xdi-4wd-19893.html
autopart.tn:64181,KORANDO Cabrio (KJ),KJ,3.2,1997,2006,https://autopart.tn/article/huile-moteur-3224/ssangyong-175/korando-cabrio-kj-3427/3-2-17339.html
autopart.tn:64182,KORANDO (KJ),KJ,3.2 (KJ),1996,2002,https://autopart.tn/article/huile-moteur-3224/ssangyong-175/korando-kj-1905/3-2-kj-7912.html
autopart.tn:64182,KYRON,,2.0 Xdi 4x4,2005,,https://autopart.tn/article/huile-moteur-3224/ssangyong-175/kyron-5484/2-0-xdi-4x4-19183.html
autopart.tn:64182,ACTYON SPORTS I (QJ),QJ,2.0 Xdi 4WD,2007,,https://autopart.tn/article/huile-moteur-3224/ssangyong-175/actyon-sports-i-qj-7952/2-0-xdi-4wd-30692.html
autopart.tn:64182,KORANDO (K4),K4,2.2 D,1988,1996,https://autopart.tn/article/huile-moteur-3224/ssangyong-175/korando-k4-1939/2-2-d-8160.html
autopart.tn:64182,ACTYON I,,200 Xdi 4WD,2006,,https://autopart.tn/article/huile-moteur-3224/ssangyong-175/actyon-i-5619/200-xdi-4wd-19893.html
autopart.tn:64182,KORANDO Cabrio (KJ),KJ,3.2,1997,2006,https://autopart.tn/article/huile-moteur-3224/ssangyong-175/korando-cabrio-kj-3427/3-2-17339.html
autopart.tn:50722,KYRON,,2.0 Xdi 4x4,2005,,https://autopart.tn/article/huile-moteur-3224/ssangyong-175/kyron-5484/2-0-xdi-4x4-19183.html
autopart.tn:50722,ACTYON I,,200 Xdi 4WD,2006,,https://autopart.tn/article/huile-moteur-3224/ssangyong-175/actyon-i-5619/200-xdi-4wd-19893.html
autopart.tn:50722,KORANDO (KJ),KJ,2.3,1997,2000,https://autopart.tn/article/huile-moteur-3224/ssangyong-175/korando-kj-1905/2-3-8698.html
autopart.tn:50722,ACTYON SPORTS I (QJ),QJ,2.0 Xdi,2007,,https://autopart.tn/article/huile-moteur-3224/ssangyong-175/actyon-sports-i-qj-7952/2-0-xdi-59019.html
autopart.tn:50722,KORANDO Cabrio (KJ),KJ,3.2,1997,2006,https://autopart.tn/article/huile-moteur-3224/ssangyong-175/korando-cabrio-kj-3427/3-2-17339.html
autopart.tn:50723,KYRON,,2.0 Xdi 4x4,2005,,https://autopart.tn/article/huile-moteur-3224/ssangyong-175/kyron-5484/2-0-xdi-4x4-19183.html
autopart.tn:50723,ACTYON I,,200 Xdi 4WD,2006,,https://autopart.tn/article/huile-moteur-3224/ssangyong-175/actyon-i-5619/200-xdi-4wd-19893.html
autopart.tn:50723,KORANDO (KJ),KJ,2.3,1997,2000,https://autopart.tn/article/huile-moteur-3224/ssangyong-175/korando-kj-1905/2-3-8698.html
autopart.tn:50723,ACTYON SPORTS I (QJ),QJ,2.0 Xdi,2007,,https://autopart.tn/article/huile-moteur-3224/ssangyong-175/actyon-sports-i-qj-7952/2-0-xdi-59019.html
autopart.tn:50723,KORANDO Cabrio (KJ),KJ,3.2,1997,2006,https://autopart.tn/article/huile-moteur-3224/ssangyong-175/korando-cabrio-kj-3427/3-2-17339.html
autopart.tn:50724,KYRON,,2.0 Xdi 4x4,2005,,https://autopart.tn/article/huile-moteur-3224/ssangyong-175/kyron-5484/2-0-xdi-4x4-19183.html
autopart.tn:50724,KORANDO (KJ),KJ,3.2,1997,2006,https://autopart.tn/article/huile-moteur-3224/ssangyong-175/korando-kj-1905/3-2-17338.html
autopart.tn:50724,ACTYON SPORTS I (QJ),QJ,2.0 Xdi,2007,,https://autopart.tn/article/huile-moteur-3224/ssangyong-175/actyon-sports-i-qj-7952/2-0-xdi-59019.html
autopart.tn:50724,ACTYON I,,200 Xdi 4WD,2006,,https://autopart.tn/article/huile-moteur-3224/ssangyong-175/actyon-i-5619/200-xdi-4wd-19893.html
autopart.tn:50724,KORANDO Cabrio (KJ),KJ,3.2,1997,2006,https://autopart.tn/article/huile-moteur-3224/ssangyong-175/korando-cabrio-kj-3427/3-2-17339.html
autopart.tn:50740,KYRON,,2.0 Xdi 4x4,2005,,https://autopart.tn/article/antigel-3356/ssangyong-175/kyron-5484/2-0-xdi-4x4-19183.html
autopart.tn:50740,KORANDO (KJ),KJ,3.2,1997,2006,https://autopart.tn/article/antigel-3356/ssangyong-175/korando-kj-1905/3-2-17338.html
autopart.tn:50740,ACTYON SPORTS I (QJ),QJ,2.0 Xdi,2007,,https://autopart.tn/article/antigel-3356/ssangyong-175/actyon-sports-i-qj-7952/2-0-xdi-59019.html
autopart.tn:50740,KORANDO (K4),K4,2.2 D,1988,1996,https://autopart.tn/article/antigel-3356/ssangyong-175/korando-k4-1939/2-2-d-8160.html
autopart.tn:50740,ACTYON I,,2.0 Xdi,2005,,https://autopart.tn/article/antigel-3356/ssangyong-175/actyon-i-5619/2-0-xdi-30143.html
autopart.tn:50740,KORANDO Cabrio (KJ),KJ,3.2,1997,2006,https://autopart.tn/article/antigel-3356/ssangyong-175/korando-cabrio-kj-3427/3-2-17339.html
autopart.tn:50710,KORANDO (KJ),KJ,3.2,1997,2006,https://autopart.tn/article/huile-pour-boite-automatique-3069/ssangyong-175/korando-kj-1905/3-2-17338.html
autopart.tn:50710,ACTYON I,,200 Xdi 4WD,2006,,https://autopart.tn/article/huile-pour-boite-automatique-3069/ssangyong-175/actyon-i-5619/200-xdi-4wd-19893.html
autopart.tn:50710,ACTYON SPORTS I (QJ),QJ,2.0 Xdi,2007,,https://autopart.tn/article/huile-pour-boite-automatique-3069/ssangyong-175/actyon-sports-i-qj-7952/2-0-xdi-59019.html
autopart.tn:50710,KORANDO Cabrio (KJ),KJ,3.2,1997,2006,https://autopart.tn/article/huile-pour-boite-automatique-3069/ssangyong-175/korando-cabrio-kj-3427/3-2-17339.html
autopart.tn:68014,KORANDO (KJ),KJ,3.2,1997,2006,https://autopart.tn/article/huile-pour-boite-automatique-3069/ssangyong-175/korando-kj-1905/3-2-17338.html
autopart.tn:68014,ACTYON SPORTS I (QJ),QJ,2.0 Xdi,2007,,https://autopart.tn/article/huile-pour-boite-automatique-3069/ssangyong-175/actyon-sports-i-qj-7952/2-0-xdi-59019.html
autopart.tn:68014,ACTYON I,,200 Xdi 4WD,2006,,https://autopart.tn/article/huile-pour-boite-automatique-3069/ssangyong-175/actyon-i-5619/200-xdi-4wd-19893.html
autopart.tn:68014,KORANDO Cabrio (KJ),KJ,3.2,1997,2006,https://autopart.tn/article/huile-pour-boite-automatique-3069/ssangyong-175/korando-cabrio-kj-3427/3-2-17339.html
autopart.tn:50711,ACTYON SPORTS I (QJ),QJ,2.0 Xdi,2007,,https://autopart.tn/article/huile-pour-boite-automatique-3069/ssangyong-175/actyon-sports-i-qj-7952/2-0-xdi-59019.html
autopart.tn:50711,KORANDO (KJ),KJ,2.3,1999,2006,https://autopart.tn/article/huile-pour-boite-automatique-3069/ssangyong-175/korando-kj-1905/2-3-18283.html
autopart.tn:50711,ACTYON I,,200 Xdi 4WD,2006,,https://autopart.tn/article/huile-pour-boite-automatique-3069/ssangyong-175/actyon-i-5619/200-xdi-4wd-19893.html
autopart.tn:50711,KORANDO Cabrio (KJ),KJ,3.2,1997,2006,https://autopart.tn/article/huile-pour-boite-automatique-3069/ssangyong-175/korando-cabrio-kj-3427/3-2-17339.html
autopart.tn:22816,KYRON,,2.0 Xdi 4x4,2005,,https://autopart.tn/article/kit-de-roulements-de-roue-654/ssangyong-175/kyron-5484/2-0-xdi-4x4-19183.html
autopart.tn:22816,ACTYON SPORTS II,,2.0 Xdi 4WD,2012,,https://autopart.tn/article/kit-de-roulements-de-roue-654/ssangyong-175/actyon-sports-ii-11167/2-0-xdi-4wd-58685.html
autopart.tn:22816,ACTYON I,,200 Xdi 4WD,2006,,https://autopart.tn/article/kit-de-roulements-de-roue-654/ssangyong-175/actyon-i-5619/200-xdi-4wd-19893.html
autopart.tn:22816,ACTYON SPORTS I (QJ),QJ,2.0 Xdi 4WD,2007,,https://autopart.tn/article/kit-de-roulements-de-roue-654/ssangyong-175/actyon-sports-i-qj-7952/2-0-xdi-4wd-30692.html
autopart.tn:18812,KYRON,,2.0 Xdi 4x4,2005,,https://autopart.tn/article/courroie-trapezoidale-a-nervures-305/ssangyong-175/kyron-5484/2-0-xdi-4x4-19183.html
autopart.tn:18812,ACTYON I,,200 Xdi 4WD,2006,,https://autopart.tn/article/courroie-trapezoidale-a-nervures-305/ssangyong-175/actyon-i-5619/200-xdi-4wd-19893.html
autopart.tn:68630,KYRON,,2.0 Xdi 4x4,2005,,https://autopart.tn/article/bras-de-liaison-suspension-de-roue-273/ssangyong-175/kyron-5484/2-0-xdi-4x4-19183.html
autopart.tn:68630,ACTYON SPORTS I (QJ),QJ,2.0 Xdi 4WD,2007,,https://autopart.tn/article/bras-de-liaison-suspension-de-roue-273/ssangyong-175/actyon-sports-i-qj-7952/2-0-xdi-4wd-30692.html
autopart.tn:68244,KYRON,,2.0 Xdi 4x4,2005,,https://autopart.tn/article/courroie-trapezoidale-a-nervures-305/ssangyong-175/kyron-5484/2-0-xdi-4x4-19183.html
autopart.tn:68244,ACTYON SPORTS I (QJ),QJ,2.0 Xdi 4WD,2007,,https://autopart.tn/article/courroie-trapezoidale-a-nervures-305/ssangyong-175/actyon-sports-i-qj-7952/2-0-xdi-4wd-30692.html
autopart.tn:18643,KYRON,,2.0 Xdi,2005,,https://autopart.tn/article/entretoise-tige-stabilisateur-3229/ssangyong-175/kyron-5484/2-0-xdi-19184.html
autopart.tn:18643,ACTYON SPORTS I (QJ),QJ,2.0 Xdi 4WD,2007,,https://autopart.tn/article/entretoise-tige-stabilisateur-3229/ssangyong-175/actyon-sports-i-qj-7952/2-0-xdi-4wd-30692.html
autopart.tn:19103,KORANDO (CK),CK,2.2 Xdi 4WD,2015,,https://autopart.tn/article/filtre-a-carburant-9/ssangyong-175/korando-ck-9129/2-2-xdi-4wd-117776.html
autopart.tn:19103,ACTYON SPORTS II,,2.0 Xdi 4WD,2012,,https://autopart.tn/article/filtre-a-carburant-9/ssangyong-175/actyon-sports-ii-11167/2-0-xdi-4wd-58685.html
autopart.tn:19673,KORANDO (CK),CK,2.0 e-XDi,2010,,https://autopart.tn/article/kit-de-plaquettes-de-frein-frein-a-disque-402/ssangyong-175/korando-ck-9129/2-0-e-xdi-6346.html
autopart.tn:19673,ACTYON SPORTS II,,2.0 Xdi 4WD,2012,,https://autopart.tn/article/kit-de-plaquettes-de-frein-frein-a-disque-402/ssangyong-175/actyon-sports-ii-11167/2-0-xdi-4wd-58685.html
autopart.tn:20131,ACTYON SPORTS II,,2.0 Xdi 4WD,2012,,https://autopart.tn/article/disque-de-frein-82/ssangyong-175/actyon-sports-ii-11167/2-0-xdi-4wd-58685.html
autopart.tn:20131,KORANDO (CK),CK,2.2 Xdi,2015,,https://autopart.tn/article/disque-de-frein-82/ssangyong-175/korando-ck-9129/2-2-xdi-117775.html
autopart.tn:23856,KORANDO (CK),CK,2.2 Xdi 4WD,2015,,https://autopart.tn/article/disque-de-frein-82/ssangyong-175/korando-ck-9129/2-2-xdi-4wd-117776.html
autopart.tn:23856,ACTYON SPORTS II,,2.0 Xdi 4WD,2012,,https://autopart.tn/article/disque-de-frein-82/ssangyong-175/actyon-sports-ii-11167/2-0-xdi-4wd-58685.html
autopart.tn:19220,KORANDO (CK),CK,2.2 Xdi 4WD,2015,,https://autopart.tn/article/pompe-a-eau-1260/ssangyong-175/korando-ck-9129/2-2-xdi-4wd-117776.html
autopart.tn:19220,ACTYON SPORTS II,,2.0 Xdi 4WD,2012,,https://autopart.tn/article/pompe-a-eau-1260/ssangyong-175/actyon-sports-ii-11167/2-0-xdi-4wd-58685.html
autopart.tn:1747,CHAIRMAN,,2.8 CW600,2009,,https://autopart.tn/article/kit-de-plaquettes-de-frein-frein-a-disque-402/ssangyong-175/chairman-13866/2-8-cw600-111481.html
autopart.tn:1930,CHAIRMAN,,2.8 CW600,2009,,https://autopart.tn/article/machoire-de-frein-281/ssangyong-175/chairman-13866/2-8-cw600-111481.html
autopart.tn:23376,KYRON,,2.0 Xdi,2010,,https://autopart.tn/article/filtre-a-carburant-9/ssangyong-175/kyron-5484/2-0-xdi-14398.html
autopart.tn:23376,CHAIRMAN (HT_),HT_,3.6,2011,,https://autopart.tn/article/filtre-a-carburant-9/ssangyong-175/chairman-ht-5680/3-6-14384.html
autopart.tn:57027,KORANDO (CK),CK,2.2 Xdi 4WD,2015,,https://autopart.tn/article/filtre-a-huile-7/ssangyong-175/korando-ck-9129/2-2-xdi-4wd-117776.html
autopart.tn:49471,KORANDO (CK),CK,2.0 e-XDi,2010,,https://autopart.tn/article/filtre-a-huile-7/ssangyong-175/korando-ck-9129/2-0-e-xdi-6346.html
autopart.tn:23675,KORANDO (CK),CK,2.0 e-XDi,2010,,https://autopart.tn/article/filtre-a-air-8/ssangyong-175/korando-ck-9129/2-0-e-xdi-6346.html
autopart.tn:46871,KORANDO (CK),CK,2.0 e-XDi,2010,,https://autopart.tn/article/filtre-a-air-8/ssangyong-175/korando-ck-9129/2-0-e-xdi-6346.html
autopart.tn:82508,KORANDO (CK),CK,2.2 Xdi 4WD,2015,,https://autopart.tn/article/filtre-a-carburant-9/ssangyong-175/korando-ck-9129/2-2-xdi-4wd-117776.html
autopart.tn:23701,KORANDO (CK),CK,2.2 Xdi 4WD,2015,,https://autopart.tn/article/filtre-air-de-l-habitacle-424/ssangyong-175/korando-ck-9129/2-2-xdi-4wd-117776.html
autopart.tn:46872,KORANDO (CK),CK,2.2 Xdi 4WD,2015,,https://autopart.tn/article/filtre-air-de-l-habitacle-424/ssangyong-175/korando-ck-9129/2-2-xdi-4wd-117776.html
autopart.tn:23809,KORANDO (CK),CK,2.0 e-XDi,2010,,https://autopart.tn/article/kit-de-plaquettes-de-frein-frein-a-disque-402/ssangyong-175/korando-ck-9129/2-0-e-xdi-6346.html
autopart.tn:46897,KORANDO (CK),CK,2.2 Xdi 4WD,2015,,https://autopart.tn/article/kit-de-plaquettes-de-frein-frein-a-disque-402/ssangyong-175/korando-ck-9129/2-2-xdi-4wd-117776.html
autopart.tn:46839,KORANDO (CK),CK,2.2 Xdi 4WD,2015,,https://autopart.tn/article/kit-de-plaquettes-de-frein-frein-a-disque-402/ssangyong-175/korando-ck-9129/2-2-xdi-4wd-117776.html
autopart.tn:46219,KORANDO (CK),CK,2.2 Xdi 4WD,2015,,https://autopart.tn/article/kit-de-plaquettes-de-frein-frein-a-disque-402/ssangyong-175/korando-ck-9129/2-2-xdi-4wd-117776.html
autopart.tn:41547,KORANDO (CK),CK,2.2 Xdi 4WD,2015,,https://autopart.tn/article/kit-de-plaquettes-de-frein-frein-a-disque-402/ssangyong-175/korando-ck-9129/2-2-xdi-4wd-117776.html
autopart.tn:20130,KORANDO (CK),CK,2.2 Xdi 4WD,2015,,https://autopart.tn/article/disque-de-frein-82/ssangyong-175/korando-ck-9129/2-2-xdi-4wd-117776.html
autopart.tn:19921,KORANDO (CK),CK,2.0 e-XDi,2010,,https://autopart.tn/article/machoire-de-frein-281/ssangyong-175/korando-ck-9129/2-0-e-xdi-6346.html
autopart.tn:65818,KORANDO (CK),CK,2.0 e-XDi,2010,,https://autopart.tn/article/tendeur-courroie-trapezoidale-a-nervures-540/ssangyong-175/korando-ck-9129/2-0-e-xdi-6346.html
autopart.tn:86124,KORANDO (CK),CK,2.0 e-XDi,2010,,https://autopart.tn/article/bougie-de-prechauffage-243/ssangyong-175/korando-ck-9129/2-0-e-xdi-6346.html
autopart.tn:44666,KORANDO (CK),CK,2.0 e-XDi,2010,,https://autopart.tn/article/volant-moteur-577/ssangyong-175/korando-ck-9129/2-0-e-xdi-6346.html
autopart.tn:32557,KORANDO (CK),CK,2.2 Xdi 4WD,2015,,https://autopart.tn/article/alternateur-4/ssangyong-175/korando-ck-9129/2-2-xdi-4wd-117776.html
autopart.tn:39963,KORANDO (CK),CK,2.0 e-XDi,2010,,https://autopart.tn/article/poulie-roue-libre-alternateur-1390/ssangyong-175/korando-ck-9129/2-0-e-xdi-6346.html
autopart.tn:41913,KORANDO (CK),CK,2.2 Xdi 4WD,2015,,https://autopart.tn/article/balai-d-essuie-glace-298/ssangyong-175/korando-ck-9129/2-2-xdi-4wd-117776.html
autopart.tn:2785,KORANDO (CK),CK,2.2 Xdi 4WD,2015,,https://autopart.tn/article/balai-d-essuie-glace-298/ssangyong-175/korando-ck-9129/2-2-xdi-4wd-117776.html
autopart.tn:2789,KORANDO (CK),CK,2.2 Xdi 4WD,2015,,https://autopart.tn/article/balai-d-essuie-glace-298/ssangyong-175/korando-ck-9129/2-2-xdi-4wd-117776.html
autopart.tn:2764,KORANDO (CK),CK,2.2 Xdi,2015,,https://autopart.tn/article/balai-d-essuie-glace-298/ssangyong-175/korando-ck-9129/2-2-xdi-117775.html
autopart.tn:2764,KORANDO (CK),CK,2.2 Xdi 4WD,2015,,https://autopart.tn/article/balai-d-essuie-glace-298/ssangyong-175/korando-ck-9129/2-2-xdi-4wd-117776.html
autopart.tn:72237,KORANDO (CK),CK,2.2 Xdi,2015,,https://autopart.tn/article/balai-d-essuie-glace-298/ssangyong-175/korando-ck-9129/2-2-xdi-117775.html
autopart.tn:72237,KORANDO (K4),K4,2.2 D,1988,1996,https://autopart.tn/article/balai-d-essuie-glace-298/ssangyong-175/korando-k4-1939/2-2-d-8160.html
autopart.tn:86582,KORANDO (CK),CK,2.2 Xdi,2015,,https://autopart.tn/article/joint-soufflet-arbre-de-commande-193/ssangyong-175/korando-ck-9129/2-2-xdi-117775.html
autopart.tn:86582,KORANDO (KJ),KJ,3.2,1997,2006,https://autopart.tn/article/joint-soufflet-arbre-de-commande-193/ssangyong-175/korando-kj-1905/3-2-17338.html
autopart.tn:86582,KORANDO (K4),K4,2.2 D,1988,1996,https://autopart.tn/article/joint-soufflet-arbre-de-commande-193/ssangyong-175/korando-k4-1939/2-2-d-8160.html
autopart.tn:86582,KORANDO Cabrio (KJ),KJ,3.2,1997,2006,https://autopart.tn/article/joint-soufflet-arbre-de-commande-193/ssangyong-175/korando-cabrio-kj-3427/3-2-17339.html
autopart.tn:85104,KORANDO (CK),CK,2.2 Xdi,2015,,https://autopart.tn/article/huile-moteur-3224/ssangyong-175/korando-ck-9129/2-2-xdi-117775.html
autopart.tn:64779,KORANDO (CK),CK,2.0 e-XDi 4WD,2010,,https://autopart.tn/article/huile-pour-boite-de-vitesses-3225/ssangyong-175/korando-ck-9129/2-0-e-xdi-4wd-6347.html
autopart.tn:18680,KORANDO (CK),CK,2.2 Xdi 4WD,2015,,https://autopart.tn/article/filtre-a-huile-7/ssangyong-175/korando-ck-9129/2-2-xdi-4wd-117776.html
autopart.tn:18688,KORANDO (CK),CK,2.0 e-XDi 4WD,2010,,https://autopart.tn/article/filtre-a-huile-7/ssangyong-175/korando-ck-9129/2-0-e-xdi-4wd-6347.html
autopart.tn:57697,KORANDO (CK),CK,2.2 Xdi 4WD,2015,,https://autopart.tn/article/filtre-a-carburant-9/ssangyong-175/korando-ck-9129/2-2-xdi-4wd-117776.html
autopart.tn:78238,KORANDO (CK),CK,2.2 Xdi 4WD,2015,,https://autopart.tn/article/filtre-a-carburant-9/ssangyong-175/korando-ck-9129/2-2-xdi-4wd-117776.html
autopart.tn:78238,KYRON,,2.0 Xdi,2010,,https://autopart.tn/article/filtre-a-carburant-9/ssangyong-175/kyron-5484/2-0-xdi-14398.html
autopart.tn:88175,KORANDO (CK),CK,2.2 Xdi 4WD,2015,,https://autopart.tn/article/kit-de-plaquettes-de-frein-frein-a-disque-402/ssangyong-175/korando-ck-9129/2-2-xdi-4wd-117776.html
autopart.tn:78401,KORANDO (CK),CK,2.2 Xdi 4WD,2015,,https://autopart.tn/article/kit-de-plaquettes-de-frein-frein-a-disque-402/ssangyong-175/korando-ck-9129/2-2-xdi-4wd-117776.html
autopart.tn:78404,KORANDO (CK),CK,2.0 e-XDi 4WD,2010,,https://autopart.tn/article/kit-de-plaquettes-de-frein-frein-a-disque-402/ssangyong-175/korando-ck-9129/2-0-e-xdi-4wd-6347.html
autopart.tn:19920,KORANDO (CK),CK,2.0 e-XDi 4WD,2010,,https://autopart.tn/article/machoire-de-frein-281/ssangyong-175/korando-ck-9129/2-0-e-xdi-4wd-6347.html
autopart.tn:88782,KORANDO (CK),CK,2.0 e-XDi 4WD,2010,,https://autopart.tn/article/kit-de-distribution-307/ssangyong-175/korando-ck-9129/2-0-e-xdi-4wd-6347.html
autopart.tn:18829,KORANDO (CK),CK,2.0 e-XDi 4WD,2010,,https://autopart.tn/article/poulies-10005/ssangyong-175/korando-ck-9129/2-0-e-xdi-4wd-6347.html
autopart.tn:84996,KORANDO (CK),CK,2.0 e-XDi 4WD,2010,,https://autopart.tn/article/poulie-vilebrequin-3213/ssangyong-175/korando-ck-9129/2-0-e-xdi-4wd-6347.html
autopart.tn:87884,KORANDO (CK),CK,2.2 Xdi,2015,,https://autopart.tn/article/amortisseur-854/ssangyong-175/korando-ck-9129/2-2-xdi-117775.html
autopart.tn:90023,KORANDO (CK),CK,2.2 Xdi,2015,,https://autopart.tn/article/rotule-de-direction-2066/ssangyong-175/korando-ck-9129/2-2-xdi-117775.html
autopart.tn:90043,KORANDO (CK),CK,2.2 Xdi 4WD,2015,,https://autopart.tn/article/rotule-de-suspension-2462/ssangyong-175/korando-ck-9129/2-2-xdi-4wd-117776.html
autopart.tn:22815,KORANDO (CK),CK,2.2 Xdi 4WD,2015,,https://autopart.tn/article/kit-de-roulements-de-roue-654/ssangyong-175/korando-ck-9129/2-2-xdi-4wd-117776.html
autopart.tn:50650,KORANDO (CK),CK,2.0 e-XDi 4WD,2010,,https://autopart.tn/article/poulie-roue-libre-alternateur-1390/ssangyong-175/korando-ck-9129/2-0-e-xdi-4wd-6347.html
autopart.tn:60128,KORANDO (CK),CK,2.2 Xdi,2015,,https://autopart.tn/article/balai-d-essuie-glace-298/ssangyong-175/korando-ck-9129/2-2-xdi-117775.html
autopart.tn:50750,KORANDO (CK),CK,2.0 e-XDi 4WD,2010,,https://autopart.tn/article/huile-pour-boite-de-vitesses-3225/ssangyong-175/korando-ck-9129/2-0-e-xdi-4wd-6347.html
autopart.tn:23604,KORANDO (CK),CK,2.2 Xdi 4WD,2015,,https://autopart.tn/article/filtre-a-huile-7/ssangyong-175/korando-ck-9129/2-2-xdi-4wd-117776.html
autopart.tn:57537,KORANDO (CK),CK,2.2 Xdi,2015,,https://autopart.tn/article/disque-de-frein-82/ssangyong-175/korando-ck-9129/2-2-xdi-117775.html
autopart.tn:79732,KORANDO (CK),CK,2.2 Xdi 4WD,2015,,https://autopart.tn/article/courroie-trapezoidale-a-nervures-305/ssangyong-175/korando-ck-9129/2-2-xdi-4wd-117776.html
autopart.tn:67356,KORANDO (CK),CK,2.2 Xdi 4WD,2015,,https://autopart.tn/article/huile-pour-boite-automatique-3069/ssangyong-175/korando-ck-9129/2-2-xdi-4wd-117776.html
autopart.tn:68011,KORANDO (CK),CK,2.2 Xdi,2015,,https://autopart.tn/article/huile-pour-boite-automatique-3069/ssangyong-175/korando-ck-9129/2-2-xdi-117775.html
autopart.tn:50714,KORANDO (CK),CK,2.2 Xdi,2015,,https://autopart.tn/article/huile-pour-boite-automatique-3069/ssangyong-175/korando-ck-9129/2-2-xdi-117775.html
autopart.tn:18469,KORANDO (KJ),KJ,2.9 D (KJ),1996,2000,https://autopart.tn/article/filtre-a-huile-7/ssangyong-175/korando-kj-1905/2-9-d-kj-7910.html
autopart.tn:18469,KORANDO (K4),K4,2.2 D,1988,1996,https://autopart.tn/article/filtre-a-huile-7/ssangyong-175/korando-k4-1939/2-2-d-8160.html
autopart.tn:68314,KORANDO (KJ),KJ,2.9 D (KJ),1996,2000,https://autopart.tn/article/filtre-a-huile-7/ssangyong-175/korando-kj-1905/2-9-d-kj-7910.html
autopart.tn:68314,KORANDO (K4),K4,2.2 D,1988,1996,https://autopart.tn/article/filtre-a-huile-7/ssangyong-175/korando-k4-1939/2-2-d-8160.html
autopart.tn:17781,KORANDO (KJ),KJ,2.9 D (KJ),1996,2000,https://autopart.tn/article/filtre-a-huile-7/ssangyong-175/korando-kj-1905/2-9-d-kj-7910.html
autopart.tn:17781,KORANDO (K4),K4,2.2 D,1988,1996,https://autopart.tn/article/filtre-a-huile-7/ssangyong-175/korando-k4-1939/2-2-d-8160.html
autopart.tn:89427,KORANDO (KJ),KJ,2.9 D (KJ),1996,2000,https://autopart.tn/article/filtre-a-huile-7/ssangyong-175/korando-kj-1905/2-9-d-kj-7910.html
autopart.tn:89427,KORANDO (K4),K4,2.2 D,1988,1996,https://autopart.tn/article/filtre-a-huile-7/ssangyong-175/korando-k4-1939/2-2-d-8160.html
autopart.tn:18940,KORANDO (K4),K4,2.2 D,1988,1996,https://autopart.tn/article/filtre-a-air-8/ssangyong-175/korando-k4-1939/2-2-d-8160.html
autopart.tn:18940,KORANDO (KJ),KJ,2.3 D (KJ),1996,1998,https://autopart.tn/article/filtre-a-air-8/ssangyong-175/korando-kj-1905/2-3-d-kj-7911.html
autopart.tn:3923,KORANDO (K4),K4,2.2 D,1988,1996,https://autopart.tn/article/filtre-a-air-8/ssangyong-175/korando-k4-1939/2-2-d-8160.html
autopart.tn:3923,KORANDO (KJ),KJ,2.3 D (KJ),1996,1998,https://autopart.tn/article/filtre-a-air-8/ssangyong-175/korando-kj-1905/2-3-d-kj-7911.html
autopart.tn:1315,KORANDO (K4),K4,2.2 D,1988,1996,https://autopart.tn/article/filtre-a-carburant-9/ssangyong-175/korando-k4-1939/2-2-d-8160.html
autopart.tn:4087,KORANDO (KJ),KJ,3.2 (KJ),1996,2002,https://autopart.tn/article/filtre-a-carburant-9/ssangyong-175/korando-kj-1905/3-2-kj-7912.html
autopart.tn:4087,KORANDO (K4),K4,2.2 D,1988,1996,https://autopart.tn/article/filtre-a-carburant-9/ssangyong-175/korando-k4-1939/2-2-d-8160.html
autopart.tn:4087,KORANDO Cabrio (KJ),KJ,3.2,1997,2006,https://autopart.tn/article/filtre-a-carburant-9/ssangyong-175/korando-cabrio-kj-3427/3-2-17339.html
autopart.tn:4102,KORANDO (K4),K4,2.2 D,1988,1996,https://autopart.tn/article/filtre-a-carburant-9/ssangyong-175/korando-k4-1939/2-2-d-8160.html
autopart.tn:57726,KORANDO (K4),K4,2.2 D,1988,1996,https://autopart.tn/article/filtre-a-carburant-9/ssangyong-175/korando-k4-1939/2-2-d-8160.html
autopart.tn:89382,KORANDO (KJ),KJ,2.9 D (KJ),1996,2000,https://autopart.tn/article/filtre-a-carburant-9/ssangyong-175/korando-kj-1905/2-9-d-kj-7910.html
autopart.tn:89382,KORANDO (K4),K4,2.2 D,1988,1996,https://autopart.tn/article/filtre-a-carburant-9/ssangyong-175/korando-k4-1939/2-2-d-8160.html
autopart.tn:44660,KORANDO (K4),K4,2.2 D,1988,1996,https://autopart.tn/article/filtre-a-carburant-9/ssangyong-175/korando-k4-1939/2-2-d-8160.html
autopart.tn:19795,KORANDO (KJ),KJ,3.2,1997,2006,https://autopart.tn/article/kit-de-plaquettes-de-frein-frein-a-disque-402/ssangyong-175/korando-kj-1905/3-2-17338.html
autopart.tn:19795,KORANDO (K4),K4,2.2 D,1988,1996,https://autopart.tn/article/kit-de-plaquettes-de-frein-frein-a-disque-402/ssangyong-175/korando-k4-1939/2-2-d-8160.html
autopart.tn:19795,KORANDO Cabrio (KJ),KJ,3.2,1997,2006,https://autopart.tn/article/kit-de-plaquettes-de-frein-frein-a-disque-402/ssangyong-175/korando-cabrio-kj-3427/3-2-17339.html
autopart.tn:19640,KORANDO (KJ),KJ,3.2 (KJ),1996,2002,https://autopart.tn/article/kit-de-plaquettes-de-frein-frein-a-disque-402/ssangyong-175/korando-kj-1905/3-2-kj-7912.html
autopart.tn:19640,KORANDO (K4),K4,2.2 D,1988,1996,https://autopart.tn/article/kit-de-plaquettes-de-frein-frein-a-disque-402/ssangyong-175/korando-k4-1939/2-2-d-8160.html
autopart.tn:19640,KORANDO Cabrio (KJ),KJ,3.2,1997,2006,https://autopart.tn/article/kit-de-plaquettes-de-frein-frein-a-disque-402/ssangyong-175/korando-cabrio-kj-3427/3-2-17339.html
autopart.tn:19669,KORANDO (KJ),KJ,3.2 (KJ),1996,2002,https://autopart.tn/article/kit-de-plaquettes-de-frein-frein-a-disque-402/ssangyong-175/korando-kj-1905/3-2-kj-7912.html
autopart.tn:19669,KORANDO (K4),K4,2.2 D,1988,1996,https://autopart.tn/article/kit-de-plaquettes-de-frein-frein-a-disque-402/ssangyong-175/korando-k4-1939/2-2-d-8160.html
autopart.tn:19669,KORANDO Cabrio (KJ),KJ,3.2,1997,2006,https://autopart.tn/article/kit-de-plaquettes-de-frein-frein-a-disque-402/ssangyong-175/korando-cabrio-kj-3427/3-2-17339.html
autopart.tn:20069,KORANDO (KJ),KJ,3.2 (KJ),1996,2002,https://autopart.tn/article/disque-de-frein-82/ssangyong-175/korando-kj-1905/3-2-kj-7912.html
autopart.tn:20069,KORANDO (K4),K4,2.2 D,1988,1996,https://autopart.tn/article/disque-de-frein-82/ssangyong-175/korando-k4-1939/2-2-d-8160.html
autopart.tn:20069,KORANDO Cabrio (KJ),KJ,3.2,1997,2006,https://autopart.tn/article/disque-de-frein-82/ssangyong-175/korando-cabrio-kj-3427/3-2-17339.html
autopart.tn:19844,KORANDO (KJ),KJ,3.2 (KJ),1996,2002,https://autopart.tn/article/machoire-de-frein-281/ssangyong-175/korando-kj-1905/3-2-kj-7912.html
autopart.tn:19844,KORANDO (K4),K4,2.2 D,1988,1996,https://autopart.tn/article/machoire-de-frein-281/ssangyong-175/korando-k4-1939/2-2-d-8160.html
autopart.tn:19844,KORANDO Cabrio (KJ),KJ,3.2,1997,2006,https://autopart.tn/article/machoire-de-frein-281/ssangyong-175/korando-cabrio-kj-3427/3-2-17339.html
autopart.tn:31947,KORANDO (K4),K4,2.2 D,1988,1996,https://autopart.tn/article/courroie-trapezoidale-a-nervures-305/ssangyong-175/korando-k4-1939/2-2-d-8160.html
autopart.tn:46849,KORANDO (KJ),KJ,3.2 (KJ),1996,2002,https://autopart.tn/article/rotule-de-suspension-2462/ssangyong-175/korando-kj-1905/3-2-kj-7912.html
autopart.tn:46849,KORANDO (K4),K4,2.2 D,1988,1996,https://autopart.tn/article/rotule-de-suspension-2462/ssangyong-175/korando-k4-1939/2-2-d-8160.html
autopart.tn:46849,KORANDO Cabrio (KJ),KJ,3.2,1997,2006,https://autopart.tn/article/rotule-de-suspension-2462/ssangyong-175/korando-cabrio-kj-3427/3-2-17339.html
autopart.tn:46879,KORANDO (KJ),KJ,3.2 (KJ),1996,2002,https://autopart.tn/article/rotule-de-suspension-2462/ssangyong-175/korando-kj-1905/3-2-kj-7912.html
autopart.tn:46879,KORANDO (K4),K4,2.2 D,1988,1996,https://autopart.tn/article/rotule-de-suspension-2462/ssangyong-175/korando-k4-1939/2-2-d-8160.html
autopart.tn:46879,KORANDO Cabrio (KJ),KJ,3.2,1997,2006,https://autopart.tn/article/rotule-de-suspension-2462/ssangyong-175/korando-cabrio-kj-3427/3-2-17339.html
autopart.tn:45585,KORANDO (K4),K4,2.2 D,1988,1996,https://autopart.tn/article/joint-d-etancheite-culasse-318/ssangyong-175/korando-k4-1939/2-2-d-8160.html
autopart.tn:45727,KORANDO (K4),K4,2.2 D,1988,1996,https://autopart.tn/article/pochette-joint-10015/ssangyong-175/korando-k4-1939/2-2-d-8160.html
autopart.tn:45540,KORANDO (K4),K4,2.2 D,1988,1996,https://autopart.tn/article/joint-d-etancheite-carter-d-huile-137/ssangyong-175/korando-k4-1939/2-2-d-8160.html
autopart.tn:45499,KORANDO (K4),K4,2.2 D,1988,1996,https://autopart.tn/article/joint-de-cache-culbuteurs-321/ssangyong-175/korando-k4-1939/2-2-d-8160.html
autopart.tn:33222,KORANDO (K4),K4,2.2 D,1988,1996,https://autopart.tn/article/demarreur-2/ssangyong-175/korando-k4-1939/2-2-d-8160.html
autopart.tn:27783,KORANDO (K4),K4,2.2 D,1988,1996,https://autopart.tn/article/balai-d-essuie-glace-298/ssangyong-175/korando-k4-1939/2-2-d-8160.html
autopart.tn:27741,KORANDO (K4),K4,2.2 D,1988,1996,https://autopart.tn/article/balai-d-essuie-glace-298/ssangyong-175/korando-k4-1939/2-2-d-8160.html
autopart.tn:23665,KORANDO (KJ),KJ,3.2 (KJ),1996,2002,https://autopart.tn/article/filtre-a-air-8/ssangyong-175/korando-kj-1905/3-2-kj-7912.html
autopart.tn:23665,KORANDO Cabrio (KJ),KJ,3.2,1997,2006,https://autopart.tn/article/filtre-a-air-8/ssangyong-175/korando-cabrio-kj-3427/3-2-17339.html
autopart.tn:23665,KORANDO (KJ),KJ,2.9 TD,1998,2006,https://autopart.tn/article/filtre-a-air-8/ssangyong-175/korando-kj-1905/2-9-td-10168.html
autopart.tn:1295,KORANDO (KJ),KJ,2.0,1997,2002,https://autopart.tn/article/filtre-a-air-8/ssangyong-175/korando-kj-1905/2-0-8697.html
autopart.tn:83459,KORANDO (KJ),KJ,2.0,1997,2002,https://autopart.tn/article/filtre-a-air-8/ssangyong-175/korando-kj-1905/2-0-8697.html
autopart.tn:46883,KORANDO (KJ),KJ,3.2 (KJ),1996,2002,https://autopart.tn/article/filtre-a-air-8/ssangyong-175/korando-kj-1905/3-2-kj-7912.html
autopart.tn:46883,KORANDO Cabrio (KJ),KJ,3.2,1997,2006,https://autopart.tn/article/filtre-a-air-8/ssangyong-175/korando-cabrio-kj-3427/3-2-17339.html
autopart.tn:89346,KORANDO (KJ),KJ,3.2 (KJ),1996,2002,https://autopart.tn/article/filtre-a-carburant-9/ssangyong-175/korando-kj-1905/3-2-kj-7912.html
autopart.tn:89346,KORANDO Cabrio (KJ),KJ,3.2,1997,2006,https://autopart.tn/article/filtre-a-carburant-9/ssangyong-175/korando-cabrio-kj-3427/3-2-17339.html
autopart.tn:85016,KORANDO (KJ),KJ,3.2 (KJ),1996,2002,https://autopart.tn/article/disque-de-frein-82/ssangyong-175/korando-kj-1905/3-2-kj-7912.html
autopart.tn:85016,KORANDO Cabrio (KJ),KJ,3.2,1997,2006,https://autopart.tn/article/disque-de-frein-82/ssangyong-175/korando-cabrio-kj-3427/3-2-17339.html
autopart.tn:65836,KORANDO (KJ),KJ,3.2 (KJ),1996,2002,https://autopart.tn/article/disque-de-frein-82/ssangyong-175/korando-kj-1905/3-2-kj-7912.html
autopart.tn:65836,KORANDO Cabrio (KJ),KJ,3.2,1997,2006,https://autopart.tn/article/disque-de-frein-82/ssangyong-175/korando-cabrio-kj-3427/3-2-17339.html
autopart.tn:20349,KORANDO (KJ),KJ,3.2 (KJ),1996,2002,https://autopart.tn/article/maitre-cylindre-de-frein-258/ssangyong-175/korando-kj-1905/3-2-kj-7912.html
autopart.tn:20349,KORANDO Cabrio (KJ),KJ,2.9 D,1997,2000,https://autopart.tn/article/maitre-cylindre-de-frein-258/ssangyong-175/korando-cabrio-kj-3427/2-9-d-11286.html
autopart.tn:14,KORANDO (KJ),KJ,2.3,2002,2006,https://autopart.tn/article/coulisse-chaine-de-distribution-1075/ssangyong-175/korando-kj-1905/2-3-9798.html
autopart.tn:14,KORANDO Cabrio (KJ),KJ,2.3,1999,2006,https://autopart.tn/article/coulisse-chaine-de-distribution-1075/ssangyong-175/korando-cabrio-kj-3427/2-3-18282.html
autopart.tn:558,KORANDO (KJ),KJ,2.3,1999,2006,https://autopart.tn/article/coulisse-chaine-de-distribution-1075/ssangyong-175/korando-kj-1905/2-3-18283.html
autopart.tn:558,KORANDO Cabrio (KJ),KJ,2.3,2002,2006,https://autopart.tn/article/coulisse-chaine-de-distribution-1075/ssangyong-175/korando-cabrio-kj-3427/2-3-9799.html
autopart.tn:59386,KORANDO (KJ),KJ,2.3,1999,2006,https://autopart.tn/article/tendeur-chaine-de-distribution-571/ssangyong-175/korando-kj-1905/2-3-18283.html
autopart.tn:59386,KORANDO Cabrio (KJ),KJ,2.3,1999,2006,https://autopart.tn/article/tendeur-chaine-de-distribution-571/ssangyong-175/korando-cabrio-kj-3427/2-3-18282.html
autopart.tn:18826,KORANDO (KJ),KJ,2.0,1997,2002,https://autopart.tn/article/tendeur-courroie-trapezoidale-a-nervures-540/ssangyong-175/korando-kj-1905/2-0-8697.html
autopart.tn:76218,KORANDO (KJ),KJ,2.3,2002,2006,https://autopart.tn/article/tendeur-courroie-trapezoidale-a-nervures-540/ssangyong-175/korando-kj-1905/2-3-9798.html
autopart.tn:76218,KORANDO Cabrio (KJ),KJ,2.3,1999,2006,https://autopart.tn/article/tendeur-courroie-trapezoidale-a-nervures-540/ssangyong-175/korando-cabrio-kj-3427/2-3-18282.html
autopart.tn:42822,KORANDO (KJ),KJ,2.3,1999,2006,https://autopart.tn/article/tendeur-courroie-trapezoidale-a-nervures-540/ssangyong-175/korando-kj-1905/2-3-18283.html
autopart.tn:42822,KORANDO Cabrio (KJ),KJ,2.3,1999,2006,https://autopart.tn/article/tendeur-courroie-trapezoidale-a-nervures-540/ssangyong-175/korando-cabrio-kj-3427/2-3-18282.html
autopart.tn:89556,KORANDO (KJ),KJ,2.3,2002,2006,https://autopart.tn/article/courroie-trapezoidale-a-nervures-305/ssangyong-175/korando-kj-1905/2-3-9798.html
autopart.tn:89556,KORANDO Cabrio (KJ),KJ,2.3,1999,2006,https://autopart.tn/article/courroie-trapezoidale-a-nervures-305/ssangyong-175/korando-cabrio-kj-3427/2-3-18282.html
autopart.tn:38073,KORANDO (KJ),KJ,2.3,1999,2006,https://autopart.tn/article/courroie-trapezoidale-a-nervures-305/ssangyong-175/korando-kj-1905/2-3-18283.html
autopart.tn:38073,KORANDO Cabrio (KJ),KJ,2.3,2002,2006,https://autopart.tn/article/courroie-trapezoidale-a-nervures-305/ssangyong-175/korando-cabrio-kj-3427/2-3-9799.html
autopart.tn:85544,KORANDO (KJ),KJ,2.3,1999,2006,https://autopart.tn/article/poulies-10005/ssangyong-175/korando-kj-1905/2-3-18283.html
autopart.tn:85544,KORANDO Cabrio (KJ),KJ,2.3,1999,2006,https://autopart.tn/article/poulies-10005/ssangyong-175/korando-cabrio-kj-3427/2-3-18282.html
autopart.tn:53366,KORANDO (KJ),KJ,2.0,1997,2002,https://autopart.tn/article/bougie-d-allumage-686/ssangyong-175/korando-kj-1905/2-0-8697.html
autopart.tn:61685,KORANDO (KJ),KJ,3.2 (KJ),1996,2002,https://autopart.tn/article/bougie-d-allumage-686/ssangyong-175/korando-kj-1905/3-2-kj-7912.html
autopart.tn:61685,KORANDO Cabrio (KJ),KJ,3.2,1997,2006,https://autopart.tn/article/bougie-d-allumage-686/ssangyong-175/korando-cabrio-kj-3427/3-2-17339.html
autopart.tn:49488,KORANDO (KJ),KJ,3.2,1997,2006,https://autopart.tn/article/bobine-d-allumage-689/ssangyong-175/korando-kj-1905/3-2-17338.html
autopart.tn:49488,KORANDO Cabrio (KJ),KJ,3.2,1997,2006,https://autopart.tn/article/bobine-d-allumage-689/ssangyong-175/korando-cabrio-kj-3427/3-2-17339.html
autopart.tn:62561,KORANDO (KJ),KJ,2.3,1997,2000,https://autopart.tn/article/bobine-d-allumage-689/ssangyong-175/korando-kj-1905/2-3-8698.html
autopart.tn:22022,KORANDO (KJ),KJ,3.2 (KJ),1996,2002,https://autopart.tn/article/bobine-d-allumage-689/ssangyong-175/korando-kj-1905/3-2-kj-7912.html
autopart.tn:22022,KORANDO Cabrio (KJ),KJ,2.3,1999,2006,https://autopart.tn/article/bobine-d-allumage-689/ssangyong-175/korando-cabrio-kj-3427/2-3-18282.html
autopart.tn:21357,KORANDO (KJ),KJ,3.2 (KJ),1996,2002,https://autopart.tn/article/amortisseur-854/ssangyong-175/korando-kj-1905/3-2-kj-7912.html
autopart.tn:21357,KORANDO Cabrio (KJ),KJ,2.3,1999,2006,https://autopart.tn/article/amortisseur-854/ssangyong-175/korando-cabrio-kj-3427/2-3-18282.html
autopart.tn:20577,KORANDO (KJ),KJ,3.2 (KJ),1996,2002,https://autopart.tn/article/rotule-de-suspension-2462/ssangyong-175/korando-kj-1905/3-2-kj-7912.html
autopart.tn:20577,KORANDO Cabrio (KJ),KJ,3.2,1997,2006,https://autopart.tn/article/rotule-de-suspension-2462/ssangyong-175/korando-cabrio-kj-3427/3-2-17339.html
autopart.tn:20578,KORANDO (KJ),KJ,3.2 (KJ),1996,2002,https://autopart.tn/article/rotule-de-suspension-2462/ssangyong-175/korando-kj-1905/3-2-kj-7912.html
autopart.tn:20578,KORANDO Cabrio (KJ),KJ,3.2,1997,2006,https://autopart.tn/article/rotule-de-suspension-2462/ssangyong-175/korando-cabrio-kj-3427/3-2-17339.html
autopart.tn:18525,KORANDO (KJ),KJ,2.3,1997,2000,https://autopart.tn/article/rotule-de-direction-interieure-barre-de-connexion-51/ssangyong-175/korando-kj-1905/2-3-8698.html
autopart.tn:18525,KORANDO Cabrio (KJ),KJ,3.2,1997,2006,https://autopart.tn/article/rotule-de-direction-interieure-barre-de-connexion-51/ssangyong-175/korando-cabrio-kj-3427/3-2-17339.html
autopart.tn:68388,KORANDO (KJ),KJ,2.9 TD,1998,2006,https://autopart.tn/article/butee-hydraulique-embrayage-47/ssangyong-175/korando-kj-1905/2-9-td-10168.html
autopart.tn:68388,KORANDO Cabrio (KJ),KJ,2.3,1997,2000,https://autopart.tn/article/butee-hydraulique-embrayage-47/ssangyong-175/korando-cabrio-kj-3427/2-3-9093.html
autopart.tn:45562,KORANDO (KJ),KJ,2.0,1997,2002,https://autopart.tn/article/joint-d-etancheite-culasse-318/ssangyong-175/korando-kj-1905/2-0-8697.html
autopart.tn:63939,KORANDO (KJ),KJ,2.3,1999,2006,https://autopart.tn/article/joint-d-etancheite-carter-d-huile-137/ssangyong-175/korando-kj-1905/2-3-18283.html
autopart.tn:63939,KORANDO Cabrio (KJ),KJ,2.3,1999,2006,https://autopart.tn/article/joint-d-etancheite-carter-d-huile-137/ssangyong-175/korando-cabrio-kj-3427/2-3-18282.html
autopart.tn:45538,KORANDO (KJ),KJ,2.3,1999,2006,https://autopart.tn/article/joint-d-etancheite-carter-d-huile-137/ssangyong-175/korando-kj-1905/2-3-18283.html
autopart.tn:45538,KORANDO Cabrio (KJ),KJ,2.3,1999,2006,https://autopart.tn/article/joint-d-etancheite-carter-d-huile-137/ssangyong-175/korando-cabrio-kj-3427/2-3-18282.html
autopart.tn:19228,KORANDO (KJ),KJ,2.0,1997,2002,https://autopart.tn/article/pompe-a-eau-1260/ssangyong-175/korando-kj-1905/2-0-8697.html
autopart.tn:4905,KORANDO (KJ),KJ,2.0,1997,2002,https://autopart.tn/article/pompe-a-eau-1260/ssangyong-175/korando-kj-1905/2-0-8697.html
autopart.tn:45487,KORANDO (KJ),KJ,2.3,2002,2006,https://autopart.tn/article/joint-de-cache-culbuteurs-321/ssangyong-175/korando-kj-1905/2-3-9798.html
autopart.tn:45487,KORANDO Cabrio (KJ),KJ,2.3,1999,2006,https://autopart.tn/article/joint-de-cache-culbuteurs-321/ssangyong-175/korando-cabrio-kj-3427/2-3-18282.html
autopart.tn:49658,KORANDO (KJ),KJ,2.0,1997,2002,https://autopart.tn/article/joint-de-cache-culbuteurs-321/ssangyong-175/korando-kj-1905/2-0-8697.html
autopart.tn:49658,KORANDO Cabrio (KJ),KJ,2.3,1999,2006,https://autopart.tn/article/joint-de-cache-culbuteurs-321/ssangyong-175/korando-cabrio-kj-3427/2-3-18282.html
autopart.tn:45750,KORANDO (KJ),KJ,2.0,1997,2002,https://autopart.tn/article/pochette-joint-10015/ssangyong-175/korando-kj-1905/2-0-8697.html
autopart.tn:21837,KORANDO (KJ),KJ,3.2 (KJ),1996,2002,https://autopart.tn/article/sonde-de-temperature-liquide-de-refroidissement-830/ssangyong-175/korando-kj-1905/3-2-kj-7912.html
autopart.tn:21837,KORANDO Cabrio (KJ),KJ,3.2,1997,2006,https://autopart.tn/article/sonde-de-temperature-liquide-de-refroidissement-830/ssangyong-175/korando-cabrio-kj-3427/3-2-17339.html
autopart.tn:62600,KORANDO (KJ),KJ,2.9 TD,1998,2006,https://autopart.tn/article/balai-d-essuie-glace-298/ssangyong-175/korando-kj-1905/2-9-td-10168.html
autopart.tn:62600,KORANDO Cabrio (KJ),KJ,3.2,1997,2006,https://autopart.tn/article/balai-d-essuie-glace-298/ssangyong-175/korando-cabrio-kj-3427/3-2-17339.html
autopart.tn:2786,KORANDO (KJ),KJ,3.2 (KJ),1996,2002,https://autopart.tn/article/balai-d-essuie-glace-298/ssangyong-175/korando-kj-1905/3-2-kj-7912.html
autopart.tn:2786,KORANDO Cabrio (KJ),KJ,3.2,1997,2006,https://autopart.tn/article/balai-d-essuie-glace-298/ssangyong-175/korando-cabrio-kj-3427/3-2-17339.html
autopart.tn:44833,KORANDO (KJ),KJ,3.2 (KJ),1996,2002,https://autopart.tn/article/balai-d-essuie-glace-298/ssangyong-175/korando-kj-1905/3-2-kj-7912.html
autopart.tn:44833,KORANDO Cabrio (KJ),KJ,3.2,1997,2006,https://autopart.tn/article/balai-d-essuie-glace-298/ssangyong-175/korando-cabrio-kj-3427/3-2-17339.html
autopart.tn:25483,KORANDO (KJ),KJ,2.3,1997,2000,https://autopart.tn/article/pipette-eau-3219/ssangyong-175/korando-kj-1905/2-3-8698.html
autopart.tn:25483,KORANDO Cabrio (KJ),KJ,2.3,1999,2006,https://autopart.tn/article/pipette-eau-3219/ssangyong-175/korando-cabrio-kj-3427/2-3-18282.html
autopart.tn:40230,KORANDO (KJ),KJ,2.3,2002,2006,https://autopart.tn/article/thermostat-d-eau-316/ssangyong-175/korando-kj-1905/2-3-9798.html
autopart.tn:40230,KORANDO Cabrio (KJ),KJ,2.3,1999,2006,https://autopart.tn/article/thermostat-d-eau-316/ssangyong-175/korando-cabrio-kj-3427/2-3-18282.html
autopart.tn:20199,KORANDO (KJ),KJ,2.0,1997,2002,https://autopart.tn/article/joint-soufflet-arbre-de-commande-193/ssangyong-175/korando-kj-1905/2-0-8697.html
autopart.tn:89497,KORANDO (KJ),KJ,2.9 D (KJ),1996,2000,https://autopart.tn/article/courroie-trapezoidale-a-nervures-305/ssangyong-175/korando-kj-1905/2-9-d-kj-7910.html
autopart.tn:89497,KORANDO Cabrio (KJ),KJ,2.3,1999,2006,https://autopart.tn/article/courroie-trapezoidale-a-nervures-305/ssangyong-175/korando-cabrio-kj-3427/2-3-18282.html
autopart.tn:38086,KORANDO (KJ),KJ,2.3,1999,2006,https://autopart.tn/article/courroie-trapezoidale-a-nervures-305/ssangyong-175/korando-kj-1905/2-3-18283.html
autopart.tn:38086,KORANDO Cabrio (KJ),KJ,2.3,1999,2006,https://autopart.tn/article/courroie-trapezoidale-a-nervures-305/ssangyong-175/korando-cabrio-kj-3427/2-3-18282.html
autopart.tn:53368,KORANDO (KJ),KJ,2.3,1997,2000,https://autopart.tn/article/bougie-d-allumage-686/ssangyong-175/korando-kj-1905/2-3-8698.html
autopart.tn:53368,KORANDO Cabrio (KJ),KJ,2.3,1997,2000,https://autopart.tn/article/bougie-d-allumage-686/ssangyong-175/korando-cabrio-kj-3427/2-3-9093.html
autopart.tn:20633,KORANDO (KJ),KJ,2.9 TD,1998,2006,https://autopart.tn/article/cylindre-recepteur-embrayage-620/ssangyong-175/korando-kj-1905/2-9-td-10168.html
autopart.tn:20633,KORANDO Cabrio (KJ),KJ,2.9 D,1997,2000,https://autopart.tn/article/cylindre-recepteur-embrayage-620/ssangyong-175/korando-cabrio-kj-3427/2-9-d-11286.html
autopart.tn:81324,KORANDO (KJ),KJ,2.3,1999,2006,https://autopart.tn/article/joint-de-cache-culbuteurs-321/ssangyong-175/korando-kj-1905/2-3-18283.html
autopart.tn:81324,KORANDO Cabrio (KJ),KJ,2.3,1999,2006,https://autopart.tn/article/joint-de-cache-culbuteurs-321/ssangyong-175/korando-cabrio-kj-3427/2-3-18282.html
autopart.tn:1421,KORANDO (KJ),KJ,2.3,1997,2000,https://autopart.tn/article/pochette-joint-10015/ssangyong-175/korando-kj-1905/2-3-8698.html
autopart.tn:75915,KORANDO (KJ),KJ,2.3,1997,2000,https://autopart.tn/article/pompe-a-eau-1260/ssangyong-175/korando-kj-1905/2-3-8698.html
autopart.tn:75915,KORANDO Cabrio (KJ),KJ,2.3,1997,2000,https://autopart.tn/article/pompe-a-eau-1260/ssangyong-175/korando-cabrio-kj-3427/2-3-9093.html
autopart.tn:46509,KORANDO (KJ),KJ,2.3,1997,2000,https://autopart.tn/article/joint-d-etancheite-carter-d-huile-137/ssangyong-175/korando-kj-1905/2-3-8698.html
autopart.tn:22993,KORANDO (KJ),KJ,2.3,1997,2000,https://autopart.tn/article/capteur-d-angle-vilebrequin-833/ssangyong-175/korando-kj-1905/2-3-8698.html
autopart.tn:40229,KORANDO (KJ),KJ,2.3,1997,2000,https://autopart.tn/article/thermostat-d-eau-316/ssangyong-175/korando-kj-1905/2-3-8698.html
autopart.tn:40229,KORANDO Cabrio (KJ),KJ,2.3,1997,2000,https://autopart.tn/article/thermostat-d-eau-316/ssangyong-175/korando-cabrio-kj-3427/2-3-9093.html
autopart.tn:1296,KORANDO (KJ),KJ,2.3,2002,2006,https://autopart.tn/article/filtre-a-air-8/ssangyong-175/korando-kj-1905/2-3-9798.html
autopart.tn:89439,KORANDO (KJ),KJ,2.3,2002,2006,https://autopart.tn/article/filtre-a-air-8/ssangyong-175/korando-kj-1905/2-3-9798.html
autopart.tn:89439,KORANDO Cabrio (KJ),KJ,2.3,2002,2006,https://autopart.tn/article/filtre-a-air-8/ssangyong-175/korando-cabrio-kj-3427/2-3-9799.html
autopart.tn:50221,KORANDO (KJ),KJ,2.3,2002,2006,https://autopart.tn/article/thermostat-d-eau-316/ssangyong-175/korando-kj-1905/2-3-9798.html
autopart.tn:50221,KORANDO Cabrio (KJ),KJ,2.3,2002,2006,https://autopart.tn/article/thermostat-d-eau-316/ssangyong-175/korando-cabrio-kj-3427/2-3-9799.html
autopart.tn:3807,KORANDO (KJ),KJ,2.3,1999,2006,https://autopart.tn/article/filtre-a-huile-7/ssangyong-175/korando-kj-1905/2-3-18283.html
autopart.tn:3807,KORANDO Cabrio (KJ),KJ,2.3,1999,2006,https://autopart.tn/article/filtre-a-huile-7/ssangyong-175/korando-cabrio-kj-3427/2-3-18282.html
autopart.tn:22633,KORANDO (KJ),KJ,2.3,1999,2006,https://autopart.tn/article/Poulie-Tendeur-Courroie-De-Distribution-308/ssangyong-175/korando-kj-1905/2-3-18283.html
autopart.tn:22633,KORANDO Cabrio (KJ),KJ,2.3,1999,2006,https://autopart.tn/article/Poulie-Tendeur-Courroie-De-Distribution-308/ssangyong-175/korando-cabrio-kj-3427/2-3-18282.html
autopart.tn:4911,KORANDO (KJ),KJ,3.2,1999,2000,https://autopart.tn/article/pompe-a-eau-1260/ssangyong-175/korando-kj-1905/3-2-18284.html
autopart.tn:4911,KORANDO Cabrio (KJ),KJ,2.3,1999,2006,https://autopart.tn/article/pompe-a-eau-1260/ssangyong-175/korando-cabrio-kj-3427/2-3-18282.html
autopart.tn:71646,KORANDO (KJ),KJ,3.2,1999,2000,https://autopart.tn/article/pipette-eau-3219/ssangyong-175/korando-kj-1905/3-2-18284.html
autopart.tn:71646,KORANDO Cabrio (KJ),KJ,2.3,1999,2006,https://autopart.tn/article/pipette-eau-3219/ssangyong-175/korando-cabrio-kj-3427/2-3-18282.html
autopart.tn:68317,KORANDO (KJ),KJ,2.9 D (KJ),1996,2000,https://autopart.tn/article/filtre-a-air-8/ssangyong-175/korando-kj-1905/2-9-d-kj-7910.html
autopart.tn:68317,KORANDO Cabrio (KJ),KJ,2.9 D,1997,2000,https://autopart.tn/article/filtre-a-air-8/ssangyong-175/korando-cabrio-kj-3427/2-9-d-11286.html
autopart.tn:53094,KORANDO (KJ),KJ,2.3 D (KJ),1996,1998,https://autopart.tn/article/filtre-a-air-8/ssangyong-175/korando-kj-1905/2-3-d-kj-7911.html
autopart.tn:4099,KORANDO (KJ),KJ,2.9 TD,1998,2006,https://autopart.tn/article/filtre-a-carburant-9/ssangyong-175/korando-kj-1905/2-9-td-10168.html
autopart.tn:4099,KORANDO Cabrio (KJ),KJ,2.9 D,1997,2000,https://autopart.tn/article/filtre-a-carburant-9/ssangyong-175/korando-cabrio-kj-3427/2-9-d-11286.html
autopart.tn:77076,KORANDO (KJ),KJ,2.9 TD,1998,2006,https://autopart.tn/article/filtre-a-carburant-9/ssangyong-175/korando-kj-1905/2-9-td-10168.html
autopart.tn:77076,KORANDO Cabrio (KJ),KJ,2.9 D,1997,2000,https://autopart.tn/article/filtre-a-carburant-9/ssangyong-175/korando-cabrio-kj-3427/2-9-d-11286.html
autopart.tn:76253,KORANDO (KJ),KJ,2.3 D (KJ),1996,1998,https://autopart.tn/article/tendeur-courroie-trapezoidale-a-nervures-540/ssangyong-175/korando-kj-1905/2-3-d-kj-7911.html
autopart.tn:76253,KORANDO Cabrio (KJ),KJ,2.9 D,1997,2000,https://autopart.tn/article/tendeur-courroie-trapezoidale-a-nervures-540/ssangyong-175/korando-cabrio-kj-3427/2-9-d-11286.html
autopart.tn:45788,KORANDO (KJ),KJ,2.9 TD,1998,2006,https://autopart.tn/article/tendeur-courroie-trapezoidale-a-nervures-540/ssangyong-175/korando-kj-1905/2-9-td-10168.html
autopart.tn:45788,KORANDO Cabrio (KJ),KJ,2.9 D,1997,2000,https://autopart.tn/article/tendeur-courroie-trapezoidale-a-nervures-540/ssangyong-175/korando-cabrio-kj-3427/2-9-d-11286.html
autopart.tn:4612,KORANDO (KJ),KJ,2.9 TD,1998,2006,https://autopart.tn/article/tendeur-courroie-trapezoidale-a-nervures-540/ssangyong-175/korando-kj-1905/2-9-td-10168.html
autopart.tn:4612,KORANDO Cabrio (KJ),KJ,2.9 D,1997,2000,https://autopart.tn/article/tendeur-courroie-trapezoidale-a-nervures-540/ssangyong-175/korando-cabrio-kj-3427/2-9-d-11286.html
autopart.tn:106,KORANDO (KJ),KJ,2.9 D (KJ),1996,2000,https://autopart.tn/article/poulies-10005/ssangyong-175/korando-kj-1905/2-9-d-kj-7910.html
autopart.tn:42809,KORANDO (KJ),KJ,3.2 (KJ),1996,2002,https://autopart.tn/article/poulies-10005/ssangyong-175/korando-kj-1905/3-2-kj-7912.html
autopart.tn:42809,KORANDO Cabrio (KJ),KJ,3.2,1997,2006,https://autopart.tn/article/poulies-10005/ssangyong-175/korando-cabrio-kj-3427/3-2-17339.html
autopart.tn:52993,KORANDO (KJ),KJ,3.2 (KJ),1996,2002,https://autopart.tn/article/poulies-10005/ssangyong-175/korando-kj-1905/3-2-kj-7912.html
autopart.tn:52993,KORANDO Cabrio (KJ),KJ,3.2,1997,2006,https://autopart.tn/article/poulies-10005/ssangyong-175/korando-cabrio-kj-3427/3-2-17339.html
autopart.tn:67557,KORANDO (KJ),KJ,2.9 TD,1998,2006,https://autopart.tn/article/poulies-10005/ssangyong-175/korando-kj-1905/2-9-td-10168.html
autopart.tn:67557,KORANDO Cabrio (KJ),KJ,2.9 D,1997,2000,https://autopart.tn/article/poulies-10005/ssangyong-175/korando-cabrio-kj-3427/2-9-d-11286.html
autopart.tn:49134,KORANDO (KJ),KJ,2.9 TD,1998,2006,https://autopart.tn/article/chaine-de-distribution-1123/ssangyong-175/korando-kj-1905/2-9-td-10168.html
autopart.tn:49134,KORANDO Cabrio (KJ),KJ,2.9 D,1997,2000,https://autopart.tn/article/chaine-de-distribution-1123/ssangyong-175/korando-cabrio-kj-3427/2-9-d-11286.html
autopart.tn:49121,KORANDO (KJ),KJ,2.9 TD,1998,2006,https://autopart.tn/article/coulisse-chaine-de-distribution-1075/ssangyong-175/korando-kj-1905/2-9-td-10168.html
autopart.tn:49121,KORANDO Cabrio (KJ),KJ,2.9 D,1997,2000,https://autopart.tn/article/coulisse-chaine-de-distribution-1075/ssangyong-175/korando-cabrio-kj-3427/2-9-d-11286.html
autopart.tn:49653,KORANDO (KJ),KJ,2.9 TD,1998,2006,https://autopart.tn/article/coulisse-chaine-de-distribution-1075/ssangyong-175/korando-kj-1905/2-9-td-10168.html
autopart.tn:49653,KORANDO Cabrio (KJ),KJ,2.9 D,1997,2000,https://autopart.tn/article/coulisse-chaine-de-distribution-1075/ssangyong-175/korando-cabrio-kj-3427/2-9-d-11286.html
autopart.tn:61785,KORANDO (KJ),KJ,2.9 D (KJ),1996,2000,https://autopart.tn/article/courroie-trapezoidale-a-nervures-305/ssangyong-175/korando-kj-1905/2-9-d-kj-7910.html
autopart.tn:61797,KORANDO (KJ),KJ,2.9 D (KJ),1996,2000,https://autopart.tn/article/courroie-trapezoidale-a-nervures-305/ssangyong-175/korando-kj-1905/2-9-d-kj-7910.html
autopart.tn:45806,KORANDO (KJ),KJ,2.9 TD,1998,2006,https://autopart.tn/article/courroie-trapezoidale-a-nervures-305/ssangyong-175/korando-kj-1905/2-9-td-10168.html
autopart.tn:45806,KORANDO Cabrio (KJ),KJ,2.9 D,1997,2000,https://autopart.tn/article/courroie-trapezoidale-a-nervures-305/ssangyong-175/korando-cabrio-kj-3427/2-9-d-11286.html
autopart.tn:38079,KORANDO (KJ),KJ,2.9 TD,1998,2006,https://autopart.tn/article/courroie-trapezoidale-a-nervures-305/ssangyong-175/korando-kj-1905/2-9-td-10168.html
autopart.tn:38079,KORANDO Cabrio (KJ),KJ,2.9 D,1997,2000,https://autopart.tn/article/courroie-trapezoidale-a-nervures-305/ssangyong-175/korando-cabrio-kj-3427/2-9-d-11286.html
autopart.tn:35980,KORANDO (KJ),KJ,2.9 TD,1998,2006,https://autopart.tn/article/bougie-de-prechauffage-243/ssangyong-175/korando-kj-1905/2-9-td-10168.html
autopart.tn:17763,KORANDO (KJ),KJ,2.9 D (KJ),1996,2000,https://autopart.tn/article/bougie-de-prechauffage-243/ssangyong-175/korando-kj-1905/2-9-d-kj-7910.html
autopart.tn:4575,KORANDO (KJ),KJ,2.9 D (KJ),1996,2000,https://autopart.tn/article/bougie-de-prechauffage-243/ssangyong-175/korando-kj-1905/2-9-d-kj-7910.html
autopart.tn:4575,KORANDO Cabrio (KJ),KJ,2.9 D,1997,2000,https://autopart.tn/article/bougie-de-prechauffage-243/ssangyong-175/korando-cabrio-kj-3427/2-9-d-11286.html
autopart.tn:46505,KORANDO (KJ),KJ,2.3 D (KJ),1996,1998,https://autopart.tn/article/joint-d-etancheite-carter-d-huile-137/ssangyong-175/korando-kj-1905/2-3-d-kj-7911.html
autopart.tn:45575,KORANDO (KJ),KJ,2.3 D (KJ),1996,1998,https://autopart.tn/article/joint-d-etancheite-culasse-318/ssangyong-175/korando-kj-1905/2-3-d-kj-7911.html
autopart.tn:45732,KORANDO (KJ),KJ,2.3 D (KJ),1996,1998,https://autopart.tn/article/pochette-joint-10015/ssangyong-175/korando-kj-1905/2-3-d-kj-7911.html
autopart.tn:45756,KORANDO (KJ),KJ,2.3 D (KJ),1996,1998,https://autopart.tn/article/pochette-joint-10015/ssangyong-175/korando-kj-1905/2-3-d-kj-7911.html
autopart.tn:55269,KORANDO (KJ),KJ,2.3 D (KJ),1996,1998,https://autopart.tn/article/pompe-a-eau-1260/ssangyong-175/korando-kj-1905/2-3-d-kj-7911.html
autopart.tn:74056,KORANDO (KJ),KJ,2.3 D (KJ),1996,1998,https://autopart.tn/article/joint-de-cache-culbuteurs-321/ssangyong-175/korando-kj-1905/2-3-d-kj-7911.html
autopart.tn:259,KORANDO (KJ),KJ,2.3 D (KJ),1996,1998,https://autopart.tn/article/joint-de-cache-culbuteurs-321/ssangyong-175/korando-kj-1905/2-3-d-kj-7911.html
autopart.tn:34179,KORANDO (KJ),KJ,2.3 D (KJ),1996,1998,https://autopart.tn/article/demarreur-2/ssangyong-175/korando-kj-1905/2-3-d-kj-7911.html
autopart.tn:20221,KORANDO (KJ),KJ,2.9 TD,1998,2006,https://autopart.tn/article/joint-arbre-longitudinal-1427/ssangyong-175/korando-kj-1905/2-9-td-10168.html
autopart.tn:20221,KORANDO Cabrio (KJ),KJ,2.9 D,1997,2000,https://autopart.tn/article/joint-arbre-longitudinal-1427/ssangyong-175/korando-cabrio-kj-3427/2-9-d-11286.html
autopart.tn:18931,KORANDO (KJ),KJ,2.9 D (KJ),1996,2000,https://autopart.tn/article/filtre-a-air-8/ssangyong-175/korando-kj-1905/2-9-d-kj-7910.html
autopart.tn:76703,KORANDO (KJ),KJ,2.9 D (KJ),1996,2000,https://autopart.tn/article/filtre-a-air-8/ssangyong-175/korando-kj-1905/2-9-d-kj-7910.html
autopart.tn:68197,KORANDO (KJ),KJ,2.9 TD,1998,2006,https://autopart.tn/article/filtre-a-carburant-9/ssangyong-175/korando-kj-1905/2-9-td-10168.html
autopart.tn:68197,KORANDO Cabrio (KJ),KJ,2.9 D,1997,2000,https://autopart.tn/article/filtre-a-carburant-9/ssangyong-175/korando-cabrio-kj-3427/2-9-d-11286.html
autopart.tn:61786,KORANDO (KJ),KJ,2.9 D (KJ),1996,2000,https://autopart.tn/article/courroie-trapezoidale-a-nervures-305/ssangyong-175/korando-kj-1905/2-9-d-kj-7910.html
autopart.tn:45814,KORANDO (KJ),KJ,2.9 D (KJ),1996,2000,https://autopart.tn/article/courroie-trapezoidale-a-nervures-305/ssangyong-175/korando-kj-1905/2-9-d-kj-7910.html
autopart.tn:38072,KORANDO (KJ),KJ,2.9 D (KJ),1996,2000,https://autopart.tn/article/courroie-trapezoidale-a-nervures-305/ssangyong-175/korando-kj-1905/2-9-d-kj-7910.html
autopart.tn:24004,KORANDO (KJ),KJ,2.9 D (KJ),1996,2000,https://autopart.tn/article/kit-d-embrayage-479/ssangyong-175/korando-kj-1905/2-9-d-kj-7910.html
autopart.tn:24004,KORANDO Cabrio (KJ),KJ,2.9 D,1997,2000,https://autopart.tn/article/kit-d-embrayage-479/ssangyong-175/korando-cabrio-kj-3427/2-9-d-11286.html
autopart.tn:45578,KORANDO (KJ),KJ,2.9 D (KJ),1996,2000,https://autopart.tn/article/joint-d-etancheite-culasse-318/ssangyong-175/korando-kj-1905/2-9-d-kj-7910.html
autopart.tn:45578,KORANDO Cabrio (KJ),KJ,2.9 D,1997,2000,https://autopart.tn/article/joint-d-etancheite-culasse-318/ssangyong-175/korando-cabrio-kj-3427/2-9-d-11286.html
autopart.tn:53532,KORANDO (KJ),KJ,2.9 D (KJ),1996,2000,https://autopart.tn/article/joint-d-etancheite-carter-d-huile-137/ssangyong-175/korando-kj-1905/2-9-d-kj-7910.html
autopart.tn:46514,KORANDO (KJ),KJ,2.9 D (KJ),1996,2000,https://autopart.tn/article/joint-d-etancheite-carter-d-huile-137/ssangyong-175/korando-kj-1905/2-9-d-kj-7910.html
autopart.tn:46514,KORANDO Cabrio (KJ),KJ,2.9 D,1997,2000,https://autopart.tn/article/joint-d-etancheite-carter-d-huile-137/ssangyong-175/korando-cabrio-kj-3427/2-9-d-11286.html
autopart.tn:53521,KORANDO (KJ),KJ,2.9 D (KJ),1996,2000,https://autopart.tn/article/joint-de-cache-culbuteurs-321/ssangyong-175/korando-kj-1905/2-9-d-kj-7910.html
autopart.tn:49659,KORANDO (KJ),KJ,2.9 TD,1998,2006,https://autopart.tn/article/joint-de-cache-culbuteurs-321/ssangyong-175/korando-kj-1905/2-9-td-10168.html
autopart.tn:49659,KORANDO Cabrio (KJ),KJ,2.9 D,1997,2000,https://autopart.tn/article/joint-de-cache-culbuteurs-321/ssangyong-175/korando-cabrio-kj-3427/2-9-d-11286.html
autopart.tn:45758,KORANDO (KJ),KJ,2.9 D (KJ),1996,2000,https://autopart.tn/article/pochette-joint-10015/ssangyong-175/korando-kj-1905/2-9-d-kj-7910.html
autopart.tn:45758,KORANDO Cabrio (KJ),KJ,2.9 D,1997,2000,https://autopart.tn/article/pochette-joint-10015/ssangyong-175/korando-cabrio-kj-3427/2-9-d-11286.html
autopart.tn:39961,KORANDO (KJ),KJ,2.9 TD,1998,2006,https://autopart.tn/article/poulie-roue-libre-alternateur-1390/ssangyong-175/korando-kj-1905/2-9-td-10168.html
autopart.tn:39961,KORANDO Cabrio (KJ),KJ,2.9 D,1997,2000,https://autopart.tn/article/poulie-roue-libre-alternateur-1390/ssangyong-175/korando-cabrio-kj-3427/2-9-d-11286.html
autopart.tn:67308,KORANDO (KJ),KJ,2.9 TD,1998,2006,https://autopart.tn/article/huile-moteur-3224/ssangyong-175/korando-kj-1905/2-9-td-10168.html
autopart.tn:67308,KORANDO Cabrio (KJ),KJ,2.9 D,1997,2000,https://autopart.tn/article/huile-moteur-3224/ssangyong-175/korando-cabrio-kj-3427/2-9-d-11286.html
autopart.tn:31648,KORANDO (KJ),KJ,3.2 (KJ),1996,2002,https://autopart.tn/article/courroie-trapezoidale-a-nervures-305/ssangyong-175/korando-kj-1905/3-2-kj-7912.html
autopart.tn:31648,KORANDO Cabrio (KJ),KJ,3.2,1997,2006,https://autopart.tn/article/courroie-trapezoidale-a-nervures-305/ssangyong-175/korando-cabrio-kj-3427/3-2-17339.html
autopart.tn:45539,KORANDO (KJ),KJ,3.2 (KJ),1996,2002,https://autopart.tn/article/joint-d-etancheite-carter-d-huile-137/ssangyong-175/korando-kj-1905/3-2-kj-7912.html
autopart.tn:45539,KORANDO Cabrio (KJ),KJ,3.2,1997,2006,https://autopart.tn/article/joint-d-etancheite-carter-d-huile-137/ssangyong-175/korando-cabrio-kj-3427/3-2-17339.html
autopart.tn:58879,KORANDO (KJ),KJ,3.2 (KJ),1996,2002,https://autopart.tn/article/debitmetre-de-masse-d-air-3926/ssangyong-175/korando-kj-1905/3-2-kj-7912.html
autopart.tn:58879,KORANDO Cabrio (KJ),KJ,3.2,1997,2006,https://autopart.tn/article/debitmetre-de-masse-d-air-3926/ssangyong-175/korando-cabrio-kj-3427/3-2-17339.html
autopart.tn:59978,KORANDO (KJ),KJ,3.2,1997,2006,https://autopart.tn/article/thermostat-d-eau-316/ssangyong-175/korando-kj-1905/3-2-17338.html
autopart.tn:59978,KORANDO Cabrio (KJ),KJ,3.2,1997,2006,https://autopart.tn/article/thermostat-d-eau-316/ssangyong-175/korando-cabrio-kj-3427/3-2-17339.html
autopart.tn:56842,KORANDO (KJ),KJ,3.2 (KJ),1996,2002,https://autopart.tn/article/thermostat-d-eau-316/ssangyong-175/korando-kj-1905/3-2-kj-7912.html
autopart.tn:56842,KORANDO Cabrio (KJ),KJ,3.2,1997,2006,https://autopart.tn/article/thermostat-d-eau-316/ssangyong-175/korando-cabrio-kj-3427/3-2-17339.html
autopart.tn:1286,KORANDO (KJ),KJ,2.9 D (KJ),1996,2000,https://autopart.tn/article/filtre-a-air-8/ssangyong-175/korando-kj-1905/2-9-d-kj-7910.html
autopart.tn:1286,KORANDO Cabrio (KJ),KJ,2.9 D,1997,2000,https://autopart.tn/article/filtre-a-air-8/ssangyong-175/korando-cabrio-kj-3427/2-9-d-11286.html
autopart.tn:77436,KORANDO (KJ),KJ,2.9 D (KJ),1996,2000,https://autopart.tn/article/filtre-a-air-8/ssangyong-175/korando-kj-1905/2-9-d-kj-7910.html
autopart.tn:77436,KORANDO Cabrio (KJ),KJ,2.9 D,1997,2000,https://autopart.tn/article/filtre-a-air-8/ssangyong-175/korando-cabrio-kj-3427/2-9-d-11286.html
autopart.tn:38081,KORANDO (KJ),KJ,2.9 TD,1998,2006,https://autopart.tn/article/courroie-trapezoidale-a-nervures-305/ssangyong-175/korando-kj-1905/2-9-td-10168.html
autopart.tn:38081,KORANDO Cabrio (KJ),KJ,2.9 D,1997,2000,https://autopart.tn/article/courroie-trapezoidale-a-nervures-305/ssangyong-175/korando-cabrio-kj-3427/2-9-d-11286.html
autopart.tn:74052,KORANDO (KJ),KJ,2.9 TD,1998,2006,https://autopart.tn/article/joint-d-etancheite-carter-d-huile-137/ssangyong-175/korando-kj-1905/2-9-td-10168.html
autopart.tn:74052,KORANDO Cabrio (KJ),KJ,2.9 D,1997,2000,https://autopart.tn/article/joint-d-etancheite-carter-d-huile-137/ssangyong-175/korando-cabrio-kj-3427/2-9-d-11286.html
autopart.tn:46507,KORANDO (KJ),KJ,2.9 D (KJ),1996,2000,https://autopart.tn/article/joint-de-cache-culbuteurs-321/ssangyong-175/korando-kj-1905/2-9-d-kj-7910.html
autopart.tn:46507,KORANDO Cabrio (KJ),KJ,2.9 D,1997,2000,https://autopart.tn/article/joint-de-cache-culbuteurs-321/ssangyong-175/korando-cabrio-kj-3427/2-9-d-11286.html
autopart.tn:51817,KORANDO (KJ),KJ,2.9 D (KJ),1996,2000,https://autopart.tn/article/filtre-a-air-8/ssangyong-175/korando-kj-1905/2-9-d-kj-7910.html
autopart.tn:1273,KORANDO (KJ),KJ,3.2,1999,2000,https://autopart.tn/article/bougie-d-allumage-686/ssangyong-175/korando-kj-1905/3-2-18284.html
autopart.tn:1273,KORANDO Cabrio (KJ),KJ,3.2,1999,2002,https://autopart.tn/article/bougie-d-allumage-686/ssangyong-175/korando-cabrio-kj-3427/3-2-18285.html
autopart.tn:77093,KORANDO (KJ),KJ,2.9 TD,1998,2006,https://autopart.tn/article/filtre-a-huile-7/ssangyong-175/korando-kj-1905/2-9-td-10168.html
autopart.tn:20717,KORANDO (KJ),KJ,2.9 TD,1998,2006,https://autopart.tn/article/kit-d-embrayage-479/ssangyong-175/korando-kj-1905/2-9-td-10168.html
autopart.tn:74057,KORANDO (KJ),KJ,2.9 TD,1998,2006,https://autopart.tn/article/joint-de-cache-culbuteurs-321/ssangyong-175/korando-kj-1905/2-9-td-10168.html
autopart.tn:19812,KYRON,,2.0 Xdi,2010,,https://autopart.tn/article/kit-de-plaquettes-de-frein-frein-a-disque-402/ssangyong-175/kyron-5484/2-0-xdi-14398.html
autopart.tn:58072,KYRON,,2.0 Xdi 4x4,2005,,https://autopart.tn/article/kit-de-plaquettes-de-frein-frein-a-disque-402/ssangyong-175/kyron-5484/2-0-xdi-4x4-19183.html
autopart.tn:3177,KYRON,,2.0 Xdi 4x4,2010,,https://autopart.tn/article/verin-10004/ssangyong-175/kyron-5484/2-0-xdi-4x4-14421.html
autopart.tn:62597,KYRON,,2.0 Xdi 4x4,2005,,https://autopart.tn/article/balai-d-essuie-glace-298/ssangyong-175/kyron-5484/2-0-xdi-4x4-19183.html
autopart.tn:2788,KYRON,,2.0 Xdi 4x4,2005,,https://autopart.tn/article/balai-d-essuie-glace-298/ssangyong-175/kyron-5484/2-0-xdi-4x4-19183.html
autopart.tn:27742,KYRON,,2.0 Xdi 4x4,2005,,https://autopart.tn/article/balai-d-essuie-glace-298/ssangyong-175/kyron-5484/2-0-xdi-4x4-19183.html
autopart.tn:74321,KYRON,,2.0 Xdi,2005,,https://autopart.tn/article/huile-pour-direction-assistee-3354/ssangyong-175/kyron-5484/2-0-xdi-19184.html
autopart.tn:73868,KORANDO (KJ),KJ,3.2,1999,2000,https://autopart.tn/article/capteur-position-d-arbre-a-cames-3946/ssangyong-175/korando-kj-1905/3-2-18284.html
autopart.tn:49250,KYRON,,2.0 Xdi 4x4,2005,,https://autopart.tn/article/filtre-hydraulique-boite-automatique-416/ssangyong-175/kyron-5484/2-0-xdi-4x4-19183.html
autopart.tn:78063,KYRON,,2.0 Xdi 4x4,2005,,https://autopart.tn/article/kit-de-plaquettes-de-frein-frein-a-disque-402/ssangyong-175/kyron-5484/2-0-xdi-4x4-19183.html
autopart.tn:19916,KYRON,,2.0 Xdi 4x4,2005,,https://autopart.tn/article/machoire-de-frein-281/ssangyong-175/kyron-5484/2-0-xdi-4x4-19183.html
autopart.tn:78366,KYRON,,2.0 Xdi 4x4,2005,,https://autopart.tn/article/machoire-de-frein-281/ssangyong-175/kyron-5484/2-0-xdi-4x4-19183.html
autopart.tn:36018,KYRON,,2.0 Xdi 4x4,2005,,https://autopart.tn/article/balai-d-essuie-glace-298/ssangyong-175/kyron-5484/2-0-xdi-4x4-19183.html
autopart.tn:27745,KYRON,,2.0 Xdi 4x4,2005,,https://autopart.tn/article/balai-d-essuie-glace-298/ssangyong-175/kyron-5484/2-0-xdi-4x4-19183.html
autopart.tn:68013,KYRON,,2.0 Xdi 4x4,2005,,https://autopart.tn/article/antigel-3356/ssangyong-175/kyron-5484/2-0-xdi-4x4-19183.html
autopart.tn:38085,KORANDO (KJ),KJ,2.3,1999,2006,https://autopart.tn/article/courroie-trapezoidale-a-nervures-305/ssangyong-175/korando-kj-1905/2-3-18283.html
autopart.tn:76252,KORANDO (KJ),KJ,2.3,2002,2006,https://autopart.tn/article/tendeur-courroie-trapezoidale-a-nervures-540/ssangyong-175/korando-kj-1905/2-3-9798.html
autopart.tn:22355,KORANDO (KJ),KJ,2.3,1999,2006,https://autopart.tn/article/filtre-a-huile-7/ssangyong-175/korando-kj-1905/2-3-18283.html
autopart.tn:4901,KORANDO (KJ),KJ,2.9 D (KJ),1996,2000,https://autopart.tn/article/pompe-a-eau-1260/ssangyong-175/korando-kj-1905/2-9-d-kj-7910.html
autopart.tn:18646,KYRON,,2.0 Xdi,2005,,https://autopart.tn/article/entretoise-tige-stabilisateur-3229/ssangyong-175/kyron-5484/2-0-xdi-19184.html
autopart.tn:18644,KYRON,,2.0 Xdi,2005,,https://autopart.tn/article/entretoise-tige-stabilisateur-3229/ssangyong-175/kyron-5484/2-0-xdi-19184.html
autopart.tn:18645,KYRON,,2.0 Xdi,2005,,https://autopart.tn/article/entretoise-tige-stabilisateur-3229/ssangyong-175/kyron-5484/2-0-xdi-19184.html
autopart.tn:34794,KYRON,,2.0 Xdi 4x4,2005,,https://autopart.tn/article/filtre-hydraulique-boite-automatique-416/ssangyong-175/kyron-5484/2-0-xdi-4x4-19183.html
autopart.tn:86669,KYRON,,2.0 Xdi 4x4,2005,,https://autopart.tn/article/filtre-hydraulique-boite-automatique-416/ssangyong-175/kyron-5484/2-0-xdi-4x4-19183.html
