canonical_product_id,source,product_brand,canonical_reference,product_title,oem_reference,pair_reference,price_tnd,currency,availability,delivery_note,product_url,image_url,image_alt,criteria_text,technical_specs_json,all_images_json,collected_at,last_checked_at,status,quarantined_motorisation
autopart.tn:18658,autopart.tn,ASHIKA,10-ECO009,Filtre à huile ASHIKA 10-ECO009,A1041800109,,18.0,TND,En Stock,,https://autopart.tn/fiche/filtre-a-huile-7/ashika-257/10-eco009-18658.html,https://autopart.tn/pieces/257/10-ECO009_1.webp,Filtre à huile ASHIKA 10-ECO009,"Type de filtre: Cartouche filtrante | Longueur [mm]: 161 mm | Diamètre extérieur [mm]: 62 mm | Diamètre intérieur [mm]: 18,5 mm | Diamètre intérieur 1 [mm]: 0 mm | Diamètre de montage [mm]: 33 mm | pour numéro OE: A1041800109","{""Type de filtre"":""Cartouche filtrante"",""Longueur [mm]"":""161 mm"",""Diamètre extérieur [mm]"":""62 mm"",""Diamètre intérieur [mm]"":""18,5 mm"",""Diamètre intérieur 1 [mm]"":""0 mm"",""Diamètre de montage [mm]"":""33 mm"",""pour numéro OE"":""A1041800109""}","[""https://autopart.tn/pieces/257/10-ECO009_1.webp""]",2026-07-17T03:17:28.569Z,2026-07-17T03:17:28.569Z,active,False
autopart.tn:68315,autopart.tn,BLUE PRINT,ADG02105,Filtre à huile BLUE PRINT ADG02105,,,39.8,TND,En Stock,,https://autopart.tn/fiche/filtre-a-huile-7/blue-print-350/adg02105-68315.html,https://autopart.tn/pieces/350/ADG02105_1.webp,Filtre à huile BLUE PRINT ADG02105,"Type de filtre: Cartouche filtrante | Hauteur [mm]: 162 mm | Diamètre intérieur [mm]: 22 mm | Diamètre extérieur [mm]: 63 mm | Poids [kg]: 0,072 kg | Article complémentaire/Info complémentaire: avec joints","{""Type de filtre"":""Cartouche filtrante"",""Hauteur [mm]"":""162 mm"",""Diamètre intérieur [mm]"":""22 mm"",""Diamètre extérieur [mm]"":""63 mm"",""Poids [kg]"":""0,072 kg"",""Article complémentaire/Info complémentaire"":""avec joints""}","[""https://autopart.tn/pieces/350/ADG02105_1.webp""]",2026-07-17T02:49:17.623Z,2026-07-17T02:49:17.623Z,active,False
autopart.tn:68188,autopart.tn,FEBI BILSTEIN,32549,Filtre à huile FEBI BILSTEIN 32549,,,24.8,TND,En Stock,,https://autopart.tn/fiche/filtre-a-huile-7/febi-bilstein-101/32549-68188.html,https://autopart.tn/pieces/101/32549_1.webp,Filtre à huile FEBI BILSTEIN 32549,"Type de filtre: Cartouche filtrante | Diamètre intérieur [mm]: 22 mm | Hauteur [mm]: 162 mm | Diamètre extérieur [mm]: 63 mm | Poids [kg]: 0,072 kg | Article complémentaire/Info complémentaire: avec joints","{""Type de filtre"":""Cartouche filtrante"",""Diamètre intérieur [mm]"":""22 mm"",""Hauteur [mm]"":""162 mm"",""Diamètre extérieur [mm]"":""63 mm"",""Poids [kg]"":""0,072 kg"",""Article complémentaire/Info complémentaire"":""avec joints""}","[""https://autopart.tn/pieces/101/32549_1.webp""]",2026-07-17T02:54:44.141Z,2026-07-17T02:54:44.141Z,active,False
autopart.tn:48285,autopart.tn,KAMOKA,F101801,Filtre à huile KAMOKA F101801,,,27.5,TND,En Stock,,https://autopart.tn/fiche/filtre-a-huile-7/kamoka-185/f101801-48285.html,https://autopart.tn/pieces/185/F101801_1.webp,Filtre à huile KAMOKA F101801,Type de filtre: Cartouche filtrante | Diamètre intérieur 1 [mm]: 12 mm | Diamètre intérieur 2 [mm]: 25 mm | Diamètre extérieur 1 [mm]: 91 mm | Diamètre extérieur 2 [mm]: 88 mm | Hauteur [mm]: 167 mm,"{""Type de filtre"":""Cartouche filtrante"",""Diamètre intérieur 1 [mm]"":""12 mm"",""Diamètre intérieur 2 [mm]"":""25 mm"",""Diamètre extérieur 1 [mm]"":""91 mm"",""Diamètre extérieur 2 [mm]"":""88 mm"",""Hauteur [mm]"":""167 mm""}","[""https://autopart.tn/pieces/185/F101801_1.webp""]",2026-07-17T02:19:42.478Z,2026-07-17T02:19:42.478Z,active,False
autopart.tn:3849,autopart.tn,KAMOKA,F108601,Filtre à huile KAMOKA F108601,,,16.8,TND,En Stock,,https://autopart.tn/fiche/filtre-a-huile-7/kamoka-185/f108601-3849.html,https://autopart.tn/pieces/185/F108601_1.webp,Filtre à huile KAMOKA F108601,Type de filtre: Cartouche filtrante | Diamètre intérieur 1 [mm]: 24 mm | Diamètre intérieur 2 [mm]: 24 mm | Diamètre extérieur [mm]: 62 mm | Hauteur [mm]: 162 mm,"{""Type de filtre"":""Cartouche filtrante"",""Diamètre intérieur 1 [mm]"":""24 mm"",""Diamètre intérieur 2 [mm]"":""24 mm"",""Diamètre extérieur [mm]"":""62 mm"",""Hauteur [mm]"":""162 mm""}","[""https://autopart.tn/pieces/185/F108601_1.webp""]",2026-07-17T03:17:36.079Z,2026-07-17T03:17:36.079Z,active,False
autopart.tn:46970,autopart.tn,KAVO PARTS,SO-803,Filtre à huile KAVO PARTS SO-803,,,23.3,TND,En Stock,,https://autopart.tn/fiche/filtre-a-huile-7/kavo-parts-201/so-803-46970.html,https://autopart.tn/pieces/201/SO-803_1.webp,Filtre à huile KAVO PARTS SO-803,Hauteur [mm]: 161 mm | Diamètre extérieur [mm]: 62 mm | Type de filtre: Cartouche filtrante | Diamètre intérieur 1 [mm]: 22 mm | Diamètre intérieur 2 [mm]: 23 mm,"{""Hauteur [mm]"":""161 mm"",""Diamètre extérieur [mm]"":""62 mm"",""Type de filtre"":""Cartouche filtrante"",""Diamètre intérieur 1 [mm]"":""22 mm"",""Diamètre intérieur 2 [mm]"":""23 mm""}","[""https://autopart.tn/pieces/201/SO-803_1.webp""]",2026-07-17T03:06:37.265Z,2026-07-17T03:06:37.265Z,active,False
autopart.tn:53287,autopart.tn,Ridex,7O0063,Filtre à huile Ridex 7O0063,,,21.5,TND,En Stock,,https://autopart.tn/fiche/filtre-a-huile-7/ridex-6358/7o0063-53287.html,https://autopart.tn/pieces/6358/7O0063_1.webp,Filtre à huile Ridex 7O0063,Type de filtre: Cartouche filtrante | Diamètre [mm]: 47 mm | Diamètre 1 [mm]: 37 mm | Hauteur [mm]: 153 mm,"{""Type de filtre"":""Cartouche filtrante"",""Diamètre [mm]"":""47 mm"",""Diamètre 1 [mm]"":""37 mm"",""Hauteur [mm]"":""153 mm""}","[""https://autopart.tn/pieces/6358/7O0063_1.webp""]",2026-07-17T03:06:45.725Z,2026-07-17T03:06:45.725Z,active,False
autopart.tn:18980,autopart.tn,ASHIKA,20-0S-S03,Filtre à air ASHIKA 20-0S-S03,2319009001.0,,34.1,TND,En Stock,,https://autopart.tn/fiche/filtre-a-air-8/ashika-257/20-0s-s03-18980.html,https://autopart.tn/pieces/257/20-0S-S03_1.webp,Filtre à air ASHIKA 20-0S-S03,"Longueur [mm]: 300 mm | Largeur [mm]: 239,5 mm | Hauteur [mm]: 59 mm | Type de filtre: Cartouche filtrante | pour numéro OE: 2319009001","{""Longueur [mm]"":""300 mm"",""Largeur [mm]"":""239,5 mm"",""Hauteur [mm]"":""59 mm"",""Type de filtre"":""Cartouche filtrante"",""pour numéro OE"":""2319009001""}","[""https://autopart.tn/pieces/257/20-0S-S03_1.webp""]",2026-07-17T03:17:58.628Z,2026-07-17T03:17:58.628Z,active,False
autopart.tn:57687,autopart.tn,KAVO PARTS,SA-9855,Filtre à air KAVO PARTS SA-9855,,,34.5,TND,En Stock,,https://autopart.tn/fiche/filtre-a-air-8/kavo-parts-201/sa-9855-57687.html,https://autopart.tn/pieces/201/SA-9855_1.webp,Filtre à air KAVO PARTS SA-9855,Longueur [mm]: 300 mm | Largeur [mm]: 238 mm | Hauteur [mm]: 58 mm | Type de filtre: Cartouche filtrante,"{""Longueur [mm]"":""300 mm"",""Largeur [mm]"":""238 mm"",""Hauteur [mm]"":""58 mm"",""Type de filtre"":""Cartouche filtrante""}","[""https://autopart.tn/pieces/201/SA-9855_1.webp""]",2026-07-17T03:18:06.139Z,2026-07-17T03:18:06.139Z,active,False
autopart.tn:77853,autopart.tn,NIPPARTS,J1320406,Filtre à air NIPPARTS J1320406,,,32.1,TND,En Stock,,https://autopart.tn/fiche/filtre-a-air-8/nipparts-248/j1320406-77853.html,https://autopart.tn/pieces/248/J1320406_1.webp,Filtre à air NIPPARTS J1320406,Type de filtre: Cartouche filtrante | Longueur [mm]: 300 mm | Largeur [mm]: 240 mm | Hauteur [mm]: 60 mm,"{""Type de filtre"":""Cartouche filtrante"",""Longueur [mm]"":""300 mm"",""Largeur [mm]"":""240 mm"",""Hauteur [mm]"":""60 mm""}","[""https://autopart.tn/pieces/248/J1320406_1.webp""]",2026-07-17T03:18:13.094Z,2026-07-17T03:18:13.094Z,active,False
autopart.tn:58422,autopart.tn,ASHIKA,30-0S-S04,Filtre à carburant ASHIKA 30-0S-S04,2247034000.0,,373.1,TND,En Stock,,https://autopart.tn/fiche/filtre-a-carburant-9/ashika-257/30-0s-s04-58422.html,https://autopart.tn/pieces/257/30-0S-S04_1.webp,Filtre à carburant ASHIKA 30-0S-S04,"Type de filtre: Filtre de conduite | Longueur [mm]: 184 mm | Diamètre extérieur [mm]: 95 mm | Diamètre 1/diamètre 2 [mm]: IN / OUT : 10 mm | pour référence: FC-ECO081, 30-ECO081, 3ECO081 | pour numéro OE: 2247034000","{""Type de filtre"":""Filtre de conduite"",""Longueur [mm]"":""184 mm"",""Diamètre extérieur [mm]"":""95 mm"",""Diamètre 1/diamètre 2 [mm]"":""IN / OUT : 10 mm"",""pour référence"":""FC-ECO081, 30-ECO081, 3ECO081"",""pour numéro OE"":""2247034000""}","[""https://autopart.tn/pieces/257/30-0S-S04_1.webp""]",2026-07-17T02:55:46.121Z,2026-07-17T02:55:46.121Z,active,False
autopart.tn:23711,autopart.tn,ASHIKA,30-0S-001,Filtre à carburant ASHIKA 30-0S-001,1480495.0,,46.6,TND,En Stock,,https://autopart.tn/fiche/filtre-a-carburant-9/ashika-257/30-0s-001-23711.html,https://autopart.tn/pieces/257/30-0S-001_1.webp,Filtre à carburant ASHIKA 30-0S-001,"Type de filtre: Filtre de conduite | Longueur [mm]: 176 mm | Diamètre extérieur [mm]: 86,2 mm | Diamètre 1/diamètre 2 [mm]: IN / OUT : 10 mm | Taraudage [mm]: M 10 X 1,5 mm | pour numéro OE: 1480495","{""Type de filtre"":""Filtre de conduite"",""Longueur [mm]"":""176 mm"",""Diamètre extérieur [mm]"":""86,2 mm"",""Diamètre 1/diamètre 2 [mm]"":""IN / OUT : 10 mm"",""Taraudage [mm]"":""M 10 X 1,5 mm"",""pour numéro OE"":""1480495""}","[""https://autopart.tn/pieces/257/30-0S-001_1.webp""]",2026-07-17T02:55:54.688Z,2026-07-17T02:55:54.688Z,active,False
autopart.tn:4091,autopart.tn,KAMOKA,F301401,Filtre à carburant KAMOKA F301401,,,51.5,TND,En Stock,,https://autopart.tn/fiche/filtre-a-carburant-9/kamoka-185/f301401-4091.html,https://autopart.tn/pieces/185/F301401_1.webp,Filtre à carburant KAMOKA F301401,Type de filtre: Filtre de conduite | Ø admission [mm]: 10 mm | Diamètre extérieur [mm]: 86 mm | Ø Sortie [mm]: 8 mm | Hauteur [mm]: 187 mm | Type de carburant: Diesel,"{""Type de filtre"":""Filtre de conduite"",""Ø admission [mm]"":""10 mm"",""Diamètre extérieur [mm]"":""86 mm"",""Ø Sortie [mm]"":""8 mm"",""Hauteur [mm]"":""187 mm"",""Type de carburant"":""Diesel""}","[""https://autopart.tn/pieces/185/F301401_1.webp""]",2026-07-17T02:56:09.359Z,2026-07-17T02:56:09.359Z,active,False
autopart.tn:46971,autopart.tn,KAVO PARTS,SF-985,Filtre à carburant KAVO PARTS SF-985,,,63.7,TND,En Stock,,https://autopart.tn/fiche/filtre-a-carburant-9/kavo-parts-201/sf-985-46971.html,https://autopart.tn/pieces/201/SF-985_1.webp,Filtre à carburant KAVO PARTS SF-985,Hauteur [mm]: 187 mm | Filetage: M10 x 1.5-6H | Diamètre extérieur [mm]: 85 mm | Type de filtre: Filtre de conduite | Diamètre intérieur 1 [mm]: 10 mm,"{""Hauteur [mm]"":""187 mm"",""Filetage"":""M10 x 1.5-6H"",""Diamètre extérieur [mm]"":""85 mm"",""Type de filtre"":""Filtre de conduite"",""Diamètre intérieur 1 [mm]"":""10 mm""}","[""https://autopart.tn/pieces/201/SF-985_1.webp""]",2026-07-17T02:56:17.916Z,2026-07-17T02:56:17.916Z,active,False
autopart.tn:19035,autopart.tn,ASHIKA,21-SS-S04,Filtre habitacle ASHIKA 21-SS-S04,68111091A0,,27.0,TND,En Stock,,https://autopart.tn/fiche/filtre-air-de-l-habitacle-424/ashika-257/21-ss-s04-19035.html,https://autopart.tn/pieces/257/21-SS-S04_1.webp,Filtre habitacle ASHIKA 21-SS-S04,Longueur [mm]: 220 mm | Largeur [mm]: 98 mm | Hauteur [mm]: 25 mm | Nombre de pièces nécessaires: 2 | Type de filtre: Filtre de pollens | pour numéro OE: 68111091A0,"{""Longueur [mm]"":""220 mm"",""Largeur [mm]"":""98 mm"",""Hauteur [mm]"":""25 mm"",""Nombre de pièces nécessaires"":""2"",""Type de filtre"":""Filtre de pollens"",""pour numéro OE"":""68111091A0""}","[""https://autopart.tn/pieces/257/21-SS-S04_1.webp""]",2026-07-17T02:56:29.822Z,2026-07-17T02:56:29.822Z,active,False
autopart.tn:65524,autopart.tn,KAMOKA,F429701,Filtre habitacle KAMOKA F429701,,,42.8,TND,En Stock,,https://autopart.tn/fiche/filtre-air-de-l-habitacle-424/kamoka-185/f429701-65524.html,https://autopart.tn/pieces/185/F429701_1.webp,Filtre habitacle KAMOKA F429701,Longueur [mm]: 235 mm | Largeur [mm]: 100 mm | Hauteur [mm]: 25 mm | Type de filtre: Filtre à air frais,"{""Longueur [mm]"":""235 mm"",""Largeur [mm]"":""100 mm"",""Hauteur [mm]"":""25 mm"",""Type de filtre"":""Filtre à air frais""}","[""https://autopart.tn/pieces/185/F429701_1.webp""]",2026-07-17T02:56:38.854Z,2026-07-17T02:56:38.854Z,active,False
autopart.tn:65530,autopart.tn,KAMOKA,F526701,Filtre habitacle KAMOKA F526701,,,55.0,TND,En Stock,,https://autopart.tn/fiche/filtre-air-de-l-habitacle-424/kamoka-185/f526701-65530.html,https://autopart.tn/pieces/185/F526701_1.webp,Filtre habitacle KAMOKA F526701,Type de filtre: Filtre à air frais,"{""Type de filtre"":""Filtre à air frais""}","[""https://autopart.tn/pieces/185/F526701_1.webp""]",2026-07-17T02:56:46.577Z,2026-07-17T02:56:46.577Z,active,False
autopart.tn:35908,autopart.tn,ASHIKA,FTA131,"Filtre hydraulique, boîte automatique ASHIKA FTA131",,,92.5,TND,En Stock,,https://autopart.tn/fiche/filtre-hydraulique-boite-automatique-416/ashika-257/fta131-35908.html,https://autopart.tn/pieces/257/FTA131_1.webp,"Filtre hydraulique, boîte automatique ASHIKA FTA131",Type de filtre: Filtre à grille,"{""Type de filtre"":""Filtre à grille""}","[""https://autopart.tn/pieces/257/FTA131_1.webp""]",2026-07-17T03:19:00.825Z,2026-07-17T03:19:00.825Z,active,False
autopart.tn:19715,autopart.tn,ASHIKA,50-H0-005,Kit de plaquettes de frein ASHIKA 50-H0-005,5810126A00,,108.5,TND,En Stock,,https://autopart.tn/fiche/kit-de-plaquettes-de-frein-frein-a-disque-402/ashika-257/50-h0-005-19715.html,https://autopart.tn/pieces/257/50-H0-005_1.webp,Kit de plaquettes de frein ASHIKA 50-H0-005,"Endroit d'assemblage: Essieu avant | Type de freinage: Frein à disque | Longueur [mm]: 149,1 mm | Hauteur [mm]: 58,7 mm | Épaisseur [mm]: 17 mm | numéro WVA: 23571, 23569, 23570 | Marque de conformité: ECE R90 APPROVED | pour numéro OE: 5810126A00 | Système de freinage: MANDO","{""Endroit d'assemblage"":""Essieu avant"",""Type de freinage"":""Frein à disque"",""Longueur [mm]"":""149,1 mm"",""Hauteur [mm]"":""58,7 mm"",""Épaisseur [mm]"":""17 mm"",""numéro WVA"":""23571, 23569, 23570"",""Marque de conformité"":""ECE R90 APPROVED"",""pour numéro OE"":""5810126A00"",""Système de freinage"":""MANDO""}","[""https://autopart.tn/pieces/257/50-H0-005_1.webp""]",2026-07-17T03:19:12.414Z,2026-07-17T03:19:12.414Z,active,False
autopart.tn:19811,autopart.tn,ASHIKA,51-0S-S01,Kit de plaquettes de frein ASHIKA 51-0S-S01,4841305100.0,,64.1,TND,En Stock,,https://autopart.tn/fiche/kit-de-plaquettes-de-frein-frein-a-disque-402/ashika-257/51-0s-s01-19811.html,https://autopart.tn/pieces/257/51-0S-S01_1.webp,Kit de plaquettes de frein ASHIKA 51-0S-S01,"Endroit d'assemblage: Essieu arrière | Longueur [mm]: 98,6 mm | Hauteur [mm]: 42,8 mm | Épaisseur [mm]: 14,7 mm | Marque de conformité: ECE R90 APPROVED | numéro WVA: 23673, 23674, 23675 | pour numéro OE: 4841305100","{""Endroit d'assemblage"":""Essieu arrière"",""Longueur [mm]"":""98,6 mm"",""Hauteur [mm]"":""42,8 mm"",""Épaisseur [mm]"":""14,7 mm"",""Marque de conformité"":""ECE R90 APPROVED"",""numéro WVA"":""23673, 23674, 23675"",""pour numéro OE"":""4841305100""}","[""https://autopart.tn/pieces/257/51-0S-S01_1.webp""]",2026-07-17T02:57:41.903Z,2026-07-17T02:57:41.903Z,active,False
autopart.tn:34823,autopart.tn,KAMOKA,JQ101163,Kit de plaquettes de frein KAMOKA JQ101163,,,91.7,TND,En Stock,,https://autopart.tn/fiche/kit-de-plaquettes-de-frein-frein-a-disque-402/kamoka-185/jq101163-34823.html,https://autopart.tn/pieces/185/JQ101163_1.webp,Kit de plaquettes de frein KAMOKA JQ101163,Endroit d'assemblage: Essieu avant | Indicateur d'usure: avec indicateur d'usure | Article complémentaire/Info complémentaire: avec accessoires | Système de freinage: Mando | Largeur [mm]: 149 mm | Hauteur [mm]: 58 mm | Épaisseur [mm]: 16 mm,"{""Endroit d'assemblage"":""Essieu avant"",""Indicateur d'usure"":""avec indicateur d'usure"",""Article complémentaire/Info complémentaire"":""avec accessoires"",""Système de freinage"":""Mando"",""Largeur [mm]"":""149 mm"",""Hauteur [mm]"":""58 mm"",""Épaisseur [mm]"":""16 mm""}","[""https://autopart.tn/pieces/185/JQ101163_1.webp""]",2026-07-17T02:57:57.863Z,2026-07-17T02:57:57.863Z,active,False
autopart.tn:77360,autopart.tn,KAVO PARTS,KBP-7501,Kit de plaquettes de frein KAVO PARTS KBP-7501,,,69.8,TND,En Stock,,https://autopart.tn/fiche/kit-de-plaquettes-de-frein-frein-a-disque-402/kavo-parts-201/kbp-7501-77360.html,https://autopart.tn/pieces/201/KBP-7501_1.webp,Kit de plaquettes de frein KAVO PARTS KBP-7501,"Épaisseur [mm]: 15,6 mm | Marque de conformité: R90 | Largeur [mm]: 98,4 mm | Hauteur [mm]: 43 mm | Indicateur d'usure: avec indicateur d'usure","{""Épaisseur [mm]"":""15,6 mm"",""Marque de conformité"":""R90"",""Largeur [mm]"":""98,4 mm"",""Hauteur [mm]"":""43 mm"",""Indicateur d'usure"":""avec indicateur d'usure""}","[""https://autopart.tn/pieces/201/KBP-7501_1.webp""]",2026-07-17T02:43:52.750Z,2026-07-17T02:43:52.750Z,active,False
autopart.tn:26253,autopart.tn,NIPPARTS,J3600526,Kit de plaquettes de frein NIPPARTS J3600526,,,121.6,TND,En Stock,,https://autopart.tn/fiche/kit-de-plaquettes-de-frein-frein-a-disque-402/nipparts-248/j3600526-26253.html,https://autopart.tn/pieces/248/J3600526_1.webp,Kit de plaquettes de frein NIPPARTS J3600526,"Endroit d'assemblage: Essieu avant | Épaisseur [mm]: 16,4 mm | Largeur [mm]: 58 mm | Hauteur [mm]: 149 mm | Spécification: ECE R90 APPROVED","{""Endroit d'assemblage"":""Essieu avant"",""Épaisseur [mm]"":""16,4 mm"",""Largeur [mm]"":""58 mm"",""Hauteur [mm]"":""149 mm"",""Spécification"":""ECE R90 APPROVED""}","[""https://autopart.tn/pieces/248/J3600526_1.webp""]",2026-07-17T02:58:14.753Z,2026-07-17T02:58:14.753Z,active,False
autopart.tn:20070,autopart.tn,ASHIKA,60-0S-S03C,Jeu de 2 Disques de frein ASHIKA 60-0S-S03C,4144109000.0,,404.6,TND,En Stock,,https://autopart.tn/fiche/disque-de-frein-82/ashika-257/60-0s-s03c-20070.html,https://autopart.tn/pieces/257/60-0S-S03C_1.webp,Jeu de 2 Disques de frein ASHIKA 60-0S-S03C,"Endroit d'assemblage: Essieu avant | Ø [mm]: 85 mm | Hauteur [mm]: 56,7 mm | Diamètre extérieur [mm]: 293,8 mm | Épaisseur du disque de frein [mm]: 28 mm | Épaisseur minimum [mm]: 26 mm | Nombre d'alésages: 5 | Type de disque de frein: ventilé | Marque de conformité: ECE R90 APPROVED | Surface: peint | pour numéro OE: 4144109000","{""Endroit d'assemblage"":""Essieu avant"",""Ø [mm]"":""85 mm"",""Hauteur [mm]"":""56,7 mm"",""Diamètre extérieur [mm]"":""293,8 mm"",""Épaisseur du disque de frein [mm]"":""28 mm"",""Épaisseur minimum [mm]"":""26 mm"",""Nombre d'alésages"":""5"",""Type de disque de frein"":""ventilé"",""Marque de conformité"":""ECE R90 APPROVED"",""Surface"":""peint"",""pour numéro OE"":""4144109000""}","[""https://autopart.tn/pieces/257/60-0S-S03C_1.webp""]",2026-07-17T02:58:26.464Z,2026-07-17T02:58:26.464Z,active,False
autopart.tn:20129,autopart.tn,ASHIKA,61-0S-S02C,Jeu de 2 Disques de frein ASHIKA 61-0S-S02C,4840109000.0,,376.2,TND,En Stock,,https://autopart.tn/fiche/disque-de-frein-82/ashika-257/61-0s-s02c-20129.html,https://autopart.tn/pieces/257/61-0S-S02C_1.webp,Jeu de 2 Disques de frein ASHIKA 61-0S-S02C,"Endroit d'assemblage: Essieu arrière | Ø [mm]: 85 mm | Hauteur [mm]: 68 mm | Diamètre extérieur [mm]: 298,8 mm | Épaisseur du disque de frein [mm]: 10,2 mm | Épaisseur minimum [mm]: 9 mm | Nombre de trous: 5 | Type de disque de frein: plein | Marque de conformité: ECE R90 APPROVED | Surface: peint | pour numéro OE: 4840109000","{""Endroit d'assemblage"":""Essieu arrière"",""Ø [mm]"":""85 mm"",""Hauteur [mm]"":""68 mm"",""Diamètre extérieur [mm]"":""298,8 mm"",""Épaisseur du disque de frein [mm]"":""10,2 mm"",""Épaisseur minimum [mm]"":""9 mm"",""Nombre de trous"":""5"",""Type de disque de frein"":""plein"",""Marque de conformité"":""ECE R90 APPROVED"",""Surface"":""peint"",""pour numéro OE"":""4840109000""}","[""https://autopart.tn/pieces/257/61-0S-S02C_1.webp""]",2026-07-17T02:58:34.249Z,2026-07-17T02:58:34.249Z,active,False
autopart.tn:78314,autopart.tn,NIPPARTS,N3300405,Jeu de 2 Disques de frein NIPPARTS N3300405,,,376.0,TND,En Stock,,https://autopart.tn/fiche/disque-de-frein-82/nipparts-248/n3300405-78314.html,https://autopart.tn/pieces/248/N3300405_1.webp,Jeu de 2 Disques de frein NIPPARTS N3300405,Type de disque de frein: ventilé de l'intérieur | Épaisseur du disque de frein [mm]: 26 mm | Diamètre extérieur [mm]: 294 mm | Hauteur [mm]: 56 mm | Nombre de trous: 5 | Diamètre du centrage [mm]: 85 mm | Ø [mm]: 130 mm | Diamètre moyeu de roue [mm]: 176 mm | Épaisseur minimum [mm]: 24 mm,"{""Type de disque de frein"":""ventilé de l'intérieur"",""Épaisseur du disque de frein [mm]"":""26 mm"",""Diamètre extérieur [mm]"":""294 mm"",""Hauteur [mm]"":""56 mm"",""Nombre de trous"":""5"",""Diamètre du centrage [mm]"":""85 mm"",""Ø [mm]"":""130 mm"",""Diamètre moyeu de roue [mm]"":""176 mm"",""Épaisseur minimum [mm]"":""24 mm""}","[""https://autopart.tn/pieces/248/N3300405_1.webp""]",2026-07-17T02:58:42.219Z,2026-07-17T02:58:42.219Z,active,False
autopart.tn:57558,autopart.tn,KAVO PARTS,KBS-7405,Jeu de mâchoires de frein KAVO PARTS KBS-7405,,,81.1,TND,En Stock,,https://autopart.tn/fiche/jeu-de-machoires-de-frein-70/kavo-parts-201/kbs-7405-57558.html,https://autopart.tn/pieces/201/KBS-7405_1.webp,Jeu de mâchoires de frein KAVO PARTS KBS-7405,Marque de conformité: R90 | Largeur [mm]: 58 mm | Diamètre intérieur du tambour de frein: 253 mm,"{""Marque de conformité"":""R90"",""Largeur [mm]"":""58 mm"",""Diamètre intérieur du tambour de frein"":""253 mm""}","[""https://autopart.tn/pieces/201/KBS-7405_1.webp""]",2026-07-17T03:08:35.954Z,2026-07-17T03:08:35.954Z,active,False
autopart.tn:46602,autopart.tn,METELLI,53-0100,Jeu de mâchoires de frein METELLI 53-0100,,,126.4,TND,En Stock,,https://autopart.tn/fiche/jeu-de-machoires-de-frein-70/metelli-121/53-0100-46602.html,https://autopart.tn/pieces/121/53-0100_1.webp,Jeu de mâchoires de frein METELLI 53-0100,Diamètre intérieur du tambour de frein: 254 mm | Largeur [mm]: 57 mm | Marque de conformité: ECE-R90,"{""Diamètre intérieur du tambour de frein"":""254 mm"",""Largeur [mm]"":""57 mm"",""Marque de conformité"":""ECE-R90""}","[""https://autopart.tn/pieces/121/53-0100_1.webp""]",2026-07-17T02:59:16.022Z,2026-07-17T02:59:16.022Z,active,False
autopart.tn:78016,autopart.tn,NIPPARTS,J3500502,Jeu de mâchoires de frein NIPPARTS J3500502,,,146.6,TND,En Stock,,https://autopart.tn/fiche/jeu-de-machoires-de-frein-70/nipparts-248/j3500502-78016.html,https://autopart.tn/pieces/248/J3500502_1.webp,Jeu de mâchoires de frein NIPPARTS J3500502,Largeur [mm]: 56 mm | Diamètre intérieur du tambour de frein: 254 mm,"{""Largeur [mm]"":""56 mm"",""Diamètre intérieur du tambour de frein"":""254 mm""}","[""https://autopart.tn/pieces/248/J3500502_1.webp""]",2026-07-17T02:59:45.853Z,2026-07-17T02:59:45.853Z,active,False
autopart.tn:69558,autopart.tn,INA,534 0297 10,"Tendeur de courroie, courroie trapézoïdale à nervures INA 534 0297 10",,,259.0,TND,En Stock,,https://autopart.tn/fiche/tendeur-de-courroie-courroie-trapezoidale-a-nervures-541/ina-204/534-0297-10-69558.html,,"Tendeur de courroie, courroie trapézoïdale à nervures INA 534 0297 10",Diamètre extérieur [mm]: 70 mm | Largeur [mm]: 26 mm,"{""Diamètre extérieur [mm]"":""70 mm"",""Largeur [mm]"":""26 mm""}",[],2026-07-17T02:30:55.672Z,2026-07-17T02:30:55.672Z,active,False
autopart.tn:65753,autopart.tn,FEBI BILSTEIN,05478,"Poulie renvoi/transmission, courroie trapézoïdale à nervures FEBI BILSTEIN 05478",,,81.9,TND,En Stock,,https://autopart.tn/fiche/poulie-renvoi-transmission-courroie-trapezoidale-a-nervures-312/febi-bilstein-101/05478-65753.html,https://autopart.tn/pieces/101/05478_1.webp,"Poulie renvoi/transmission, courroie trapézoïdale à nervures FEBI BILSTEIN 05478","Largeur de la surface d'appui des rouleaux: 21,5 mm | Largeur [mm]: 31,5 mm | Diamètre extérieur [mm]: 64 mm | Nombre de gorges: 6 | Matériel: Matière plastique | Poids [kg]: 0,195 kg","{""Largeur de la surface d'appui des rouleaux"":""21,5 mm"",""Largeur [mm]"":""31,5 mm"",""Diamètre extérieur [mm]"":""64 mm"",""Nombre de gorges"":""6"",""Matériel"":""Matière plastique"",""Poids [kg]"":""0,195 kg""}","[""https://autopart.tn/pieces/101/05478_1.webp""]",2026-07-17T03:00:18.858Z,2026-07-17T03:00:18.858Z,active,False
autopart.tn:58057,autopart.tn,GATES,T36483,"Poulie renvoi/transmission, courroie trapézoïdale à nervures GATES T36483",,,165.8,TND,En Stock,,https://autopart.tn/fiche/poulie-renvoi-transmission-courroie-trapezoidale-a-nervures-312/gates-33/t36483-58057.html,https://autopart.tn/pieces/33/T36483_1.webp,"Poulie renvoi/transmission, courroie trapézoïdale à nervures GATES T36483",Surface: lisse | Matériel: Matière plastique | Diamètre extérieur [mm]: 70 mm | Diamètre intérieur [mm]: 10 mm | Largeur [mm]: 26 mm,"{""Surface"":""lisse"",""Matériel"":""Matière plastique"",""Diamètre extérieur [mm]"":""70 mm"",""Diamètre intérieur [mm]"":""10 mm"",""Largeur [mm]"":""26 mm""}","[""https://autopart.tn/pieces/33/T36483_1.webp""]",2026-07-17T03:00:27.211Z,2026-07-17T03:00:27.211Z,active,False
autopart.tn:45932,autopart.tn,INA,532 0342 10,"Poulie renvoi/transmission, courroie trapézoïdale à nervures INA 532 0342 10",,,102.3,TND,En Stock,,https://autopart.tn/fiche/poulie-renvoi-transmission-courroie-trapezoidale-a-nervures-312/ina-204/532-0342-10-45932.html,,"Poulie renvoi/transmission, courroie trapézoïdale à nervures INA 532 0342 10",Diamètre [mm]: 70 mm | Largeur [mm]: 26 mm,"{""Diamètre [mm]"":""70 mm"",""Largeur [mm]"":""26 mm""}",[],2026-07-17T02:31:55.199Z,2026-07-17T02:31:55.199Z,active,False
autopart.tn:4645,autopart.tn,KAMOKA,R0196,"Poulie renvoi/transmission, courroie trapézoïdale à nervures KAMOKA R0196",,,44.6,TND,En Stock,,https://autopart.tn/fiche/poulie-renvoi-transmission-courroie-trapezoidale-a-nervures-312/kamoka-185/r0196-4645.html,https://autopart.tn/pieces/185/R0196_1.webp,"Poulie renvoi/transmission, courroie trapézoïdale à nervures KAMOKA R0196",Nombre de gorges: 6 | Matériel: Matière plastique | Largeur [mm]: 26 mm | Diamètre extérieur [mm]: 69 mm,"{""Nombre de gorges"":""6"",""Matériel"":""Matière plastique"",""Largeur [mm]"":""26 mm"",""Diamètre extérieur [mm]"":""69 mm""}","[""https://autopart.tn/pieces/185/R0196_1.webp""]",2026-07-17T03:09:28.411Z,2026-07-17T03:09:28.411Z,active,False
autopart.tn:64844,autopart.tn,Amadini,526517,Bougie de préchauffage Amadini 526517,,,33.4,TND,En Stock,,https://autopart.tn/fiche/bougie-de-prechauffage-243/amadini-10008/526517-64844.html,https://autopart.tn/pieces/10008/526517_1.webp,Bougie de préchauffage Amadini 526517,"Longueur [mm]: 151 mm | Profondeur de position [mm]: 24 mm | Dimension du filetage extérieur: M10 x 1,25 | Ouverture de la clé: 10 | Voltage [V]: 11 V | Couleur: noir, vert | Version de bougie de préchauffage: Bougie de préchauffage métallique | Poids [kg]: 0,05 kg","{""Longueur [mm]"":""151 mm"",""Profondeur de position [mm]"":""24 mm"",""Dimension du filetage extérieur"":""M10 x 1,25"",""Ouverture de la clé"":""10"",""Voltage [V]"":""11 V"",""Couleur"":""noir, vert"",""Version de bougie de préchauffage"":""Bougie de préchauffage métallique"",""Poids [kg]"":""0,05 kg""}","[""https://autopart.tn/pieces/10008/526517_1.webp""]",2026-07-17T03:00:58.741Z,2026-07-17T03:00:58.741Z,active,False
autopart.tn:20509,autopart.tn,ASHIKA,72-0S-S09L,Bras et Triangle suspension ASHIKA 72-0S-S09L,,,559.1,TND,En Stock,,https://autopart.tn/fiche/bras-de-liaison-suspension-de-roue-273/ashika-257/72-0s-s09l-20509.html,https://autopart.tn/pieces/257/72-0S-S09L_1.webp,Bras et Triangle suspension ASHIKA 72-0S-S09L,"Endroit d'assemblage: Essieu avant gauche, inférieur","{""Endroit d'assemblage"":""Essieu avant gauche, inférieur""}","[""https://autopart.tn/pieces/257/72-0S-S09L_1.webp""]",2026-07-17T03:01:23.600Z,2026-07-17T03:01:23.600Z,active,False
autopart.tn:23945,autopart.tn,ASHIKA,72-0S-S05L,Bras et Triangle suspension ASHIKA 72-0S-S05L,,,249.7,TND,En Stock,,https://autopart.tn/fiche/bras-de-liaison-suspension-de-roue-273/ashika-257/72-0s-s05l-23945.html,https://autopart.tn/pieces/257/72-0S-S05L_1.webp,Bras et Triangle suspension ASHIKA 72-0S-S05L,"Endroit d'assemblage: Essieu avant gauche, supérieur","{""Endroit d'assemblage"":""Essieu avant gauche, supérieur""}","[""https://autopart.tn/pieces/257/72-0S-S05L_1.webp""]",2026-07-17T02:41:25.866Z,2026-07-17T02:41:25.866Z,active,False
autopart.tn:23946,autopart.tn,ASHIKA,72-0S-S09R,Bras et Triangle suspension ASHIKA 72-0S-S09R,,,559.1,TND,En Stock,,https://autopart.tn/fiche/bras-de-liaison-suspension-de-roue-273/ashika-257/72-0s-s09r-23946.html,https://autopart.tn/pieces/257/72-0S-S09R_1.webp,Bras et Triangle suspension ASHIKA 72-0S-S09R,"Endroit d'assemblage: Essieu avant droit, inférieur","{""Endroit d'assemblage"":""Essieu avant droit, inférieur""}","[""https://autopart.tn/pieces/257/72-0S-S09R_1.webp""]",2026-07-17T01:31:14.910Z,2026-07-17T01:31:14.910Z,active,False
autopart.tn:20508,autopart.tn,ASHIKA,72-0S-S05R,Bras et Triangle suspension ASHIKA 72-0S-S05R,,,249.7,TND,En Stock,,https://autopart.tn/fiche/bras-de-liaison-suspension-de-roue-273/ashika-257/72-0s-s05r-20508.html,https://autopart.tn/pieces/257/72-0S-S05R_1.webp,Bras et Triangle suspension ASHIKA 72-0S-S05R,"Endroit d'assemblage: Essieu avant droit, supérieur","{""Endroit d'assemblage"":""Essieu avant droit, supérieur""}","[""https://autopart.tn/pieces/257/72-0S-S05R_1.webp""]",2026-07-17T02:41:33.568Z,2026-07-17T02:41:33.568Z,active,False
autopart.tn:82272,autopart.tn,AYD,97-11190,Bras et Triangle suspension AYD 97-11190,,97-11191,189.6,TND,En Stock,,https://autopart.tn/fiche/bras-de-liaison-suspension-de-roue-273/ayd-6399/97-11190-82272.html,https://autopart.tn/pieces/6399/97-11190_1.webp,Bras et Triangle suspension AYD 97-11190,"Type de bras oscillant: barre oscillant transversal | Taraudage/Filetage 1: M14x1,5 | Diamètre intérieur [mm]: 12,2 mm | Endroit d'assemblage: Essieu avant, gauche, supérieur | Numéro d'article en paire: 97-11191 | Poids [kg]: 2,23 kg","{""Type de bras oscillant"":""barre oscillant transversal"",""Taraudage/Filetage 1"":""M14x1,5"",""Diamètre intérieur [mm]"":""12,2 mm"",""Endroit d'assemblage"":""Essieu avant, gauche, supérieur"",""Numéro d'article en paire"":""97-11191"",""Poids [kg]"":""2,23 kg""}","[""https://autopart.tn/pieces/6399/97-11190_1.webp""]",2026-07-17T02:41:41.487Z,2026-07-17T02:41:41.487Z,active,False
autopart.tn:24468,autopart.tn,GSP,S062083,Bras et Triangle suspension GSP S062083,,S062082,231.1,TND,En Stock,,https://autopart.tn/fiche/bras-de-liaison-suspension-de-roue-273/gsp-373/s062083-24468.html,https://autopart.tn/pieces/373/S062083_1.webp,Bras et Triangle suspension GSP S062083,"Endroit d'assemblage: supérieur, Essieu avant droit | Dimension du cône [mm]: 17,5 mm | Type de bras oscillant: barre oscillant transversal | Taraudage/Filetage 1: M14X1,5 | Numéro d'article en paire: S062082 | Article complémentaire/Info complémentaire: avec coussinet de palier | Article complémentaire / Info complémentaire 2: avec rotule de suspension","{""Endroit d'assemblage"":""supérieur, Essieu avant droit"",""Dimension du cône [mm]"":""17,5 mm"",""Type de bras oscillant"":""barre oscillant transversal"",""Taraudage/Filetage 1"":""M14X1,5"",""Numéro d'article en paire"":""S062082"",""Article complémentaire/Info complémentaire"":""avec coussinet de palier"",""Article complémentaire / Info complémentaire 2"":""avec rotule de suspension""}","[""https://autopart.tn/pieces/373/S062083_1.webp""]",2026-07-17T03:01:54.308Z,2026-07-17T03:01:54.308Z,active,False
autopart.tn:78567,autopart.tn,NIPPARTS,N4920401,Bras et Triangle suspension NIPPARTS N4920401,,N4930401,301.2,TND,En Stock,,https://autopart.tn/fiche/bras-de-liaison-suspension-de-roue-273/nipparts-248/n4920401-78567.html,https://autopart.tn/pieces/248/N4920401_1.webp,Bras et Triangle suspension NIPPARTS N4920401,Type de bras oscillant: barre oscillant transversal | Numéro d'article en paire: N4930401,"{""Type de bras oscillant"":""barre oscillant transversal"",""Numéro d'article en paire"":""N4930401""}","[""https://autopart.tn/pieces/248/N4920401_1.webp""]",2026-07-17T02:42:12.795Z,2026-07-17T02:42:12.795Z,active,False
autopart.tn:74351,autopart.tn,ASHIKA,GOM-S13,Silent-bloc ASHIKA GOM-S13,,,71.9,TND,En Stock,,https://autopart.tn/fiche/suspension-bras-de-liaison-251/ashika-257/gom-s13-74351.html,https://autopart.tn/pieces/257/GOM-S13_1.webp,Silent-bloc ASHIKA GOM-S13,Hauteur 1 [mm]: 77 mm | Hauteur 2 [mm]: 56 mm | Diamètre intérieur [mm]: 14 mm | Diamètre extérieur [mm]: 57 mm,"{""Hauteur 1 [mm]"":""77 mm"",""Hauteur 2 [mm]"":""56 mm"",""Diamètre intérieur [mm]"":""14 mm"",""Diamètre extérieur [mm]"":""57 mm""}","[""https://autopart.tn/pieces/257/GOM-S13_1.webp""]",2026-07-17T03:03:02.401Z,2026-07-17T03:03:02.401Z,active,False
autopart.tn:65853,autopart.tn,ASHIKA,GOM-S14,Silent-bloc ASHIKA GOM-S14,,,75.6,TND,En Stock,,https://autopart.tn/fiche/suspension-bras-de-liaison-251/ashika-257/gom-s14-65853.html,https://autopart.tn/pieces/257/GOM-S14_1.webp,Silent-bloc ASHIKA GOM-S14,Hauteur 1 [mm]: 66 mm | Hauteur 2 [mm]: 47 mm | Diamètre intérieur [mm]: 14 mm | Diamètre extérieur [mm]: 47 mm,"{""Hauteur 1 [mm]"":""66 mm"",""Hauteur 2 [mm]"":""47 mm"",""Diamètre intérieur [mm]"":""14 mm"",""Diamètre extérieur [mm]"":""47 mm""}","[""https://autopart.tn/pieces/257/GOM-S14_1.webp""]",2026-07-17T03:03:09.565Z,2026-07-17T03:03:09.565Z,active,False
autopart.tn:82270,autopart.tn,AYD,87-21391,Silent-bloc AYD 87-21391,,,34.8,TND,En Stock,,https://autopart.tn/fiche/suspension-bras-de-liaison-251/ayd-6399/87-21391-82270.html,https://autopart.tn/pieces/6399/87-21391_1.webp,Silent-bloc AYD 87-21391,"Endroit d'assemblage: des deux côtés de l'essieu avant | Poids [kg]: 0,19 kg","{""Endroit d'assemblage"":""des deux côtés de l'essieu avant"",""Poids [kg]"":""0,19 kg""}","[""https://autopart.tn/pieces/6399/87-21391_1.webp""]",2026-07-17T02:33:52.759Z,2026-07-17T02:33:52.759Z,active,False
autopart.tn:82271,autopart.tn,AYD,87-21390,Silent-bloc AYD 87-21390,,,34.8,TND,En Stock,,https://autopart.tn/fiche/suspension-bras-de-liaison-251/ayd-6399/87-21390-82271.html,https://autopart.tn/pieces/6399/87-21390_1.webp,Silent-bloc AYD 87-21390,"Endroit d'assemblage: des deux côtés de l'essieu avant | Poids [kg]: 0,5 kg","{""Endroit d'assemblage"":""des deux côtés de l'essieu avant"",""Poids [kg]"":""0,5 kg""}","[""https://autopart.tn/pieces/6399/87-21390_1.webp""]",2026-07-17T03:03:17.362Z,2026-07-17T03:03:17.362Z,active,False
autopart.tn:55364,autopart.tn,GSP,516389,Silent-bloc GSP 516389,4562105002.0,,10.4,TND,En Stock,,https://autopart.tn/fiche/suspension-bras-de-liaison-251/gsp-373/516389-55364.html,https://autopart.tn/pieces/373/516389_1.webp,Silent-bloc GSP 516389,"pour numéro OE: 4562105002 | Endroit d'assemblage: Essieu arrière inférieur | Diamètre extérieur [mm]: 44,8 mm | Diamètre intérieur [mm]: 14,3 mm | Hauteur [mm]: 48,3 mm","{""pour numéro OE"":""4562105002"",""Endroit d'assemblage"":""Essieu arrière inférieur"",""Diamètre extérieur [mm]"":""44,8 mm"",""Diamètre intérieur [mm]"":""14,3 mm"",""Hauteur [mm]"":""48,3 mm""}","[""https://autopart.tn/pieces/373/516389_1.webp""]",2026-07-17T03:16:57.438Z,2026-07-17T03:16:57.438Z,updated,False
autopart.tn:24450,autopart.tn,GSP,516395,Silent-bloc GSP 516395,,,18.3,TND,En Stock,,https://autopart.tn/fiche/suspension-bras-de-liaison-251/gsp-373/516395-24450.html,https://autopart.tn/pieces/373/516395_1.webp,Silent-bloc GSP 516395,"Endroit d'assemblage: Essieu avant, supérieur | Diamètre extérieur [mm]: 40,5 mm | Diamètre intérieur [mm]: 12,3 mm | Hauteur [mm]: 46 mm","{""Endroit d'assemblage"":""Essieu avant, supérieur"",""Diamètre extérieur [mm]"":""40,5 mm"",""Diamètre intérieur [mm]"":""12,3 mm"",""Hauteur [mm]"":""46 mm""}","[""https://autopart.tn/pieces/373/516395_1.webp""]",2026-07-17T02:39:07.242Z,2026-07-17T02:39:07.242Z,active,False
autopart.tn:89922,autopart.tn,GSP,535135,Silent-bloc GSP 535135,4451709001.0,,30.0,TND,En Stock,,https://autopart.tn/fiche/suspension-bras-de-liaison-251/gsp-373/535135-89922.html,https://autopart.tn/pieces/373/535135_1.webp,Silent-bloc GSP 535135,"Endroit d'assemblage: Essieu avant inférieur, inférieur | pour numéro OE: 4451709001 | Diamètre extérieur [mm]: 40,8 mm | Hauteur [mm]: 118,4 mm","{""Endroit d'assemblage"":""Essieu avant inférieur, inférieur"",""pour numéro OE"":""4451709001"",""Diamètre extérieur [mm]"":""40,8 mm"",""Hauteur [mm]"":""118,4 mm""}","[""https://autopart.tn/pieces/373/535135_1.webp""]",2026-07-17T01:20:03.878Z,2026-07-17T01:20:03.878Z,active,False
autopart.tn:22855,autopart.tn,GSP,535137,Silent-bloc GSP 535137,44552-09000,,44.2,TND,En Stock,,https://autopart.tn/fiche/suspension-bras-de-liaison-251/gsp-373/535137-22855.html,https://autopart.tn/pieces/373/535137_1.webp,Silent-bloc GSP 535137,"Endroit d'assemblage: Essieu avant inférieur, inférieur | pour numéro OE: 44552-09000 | Diamètre extérieur [mm]: 56,6 mm | Diamètre intérieur [mm]: 14,3 mm | Hauteur [mm]: 77 mm","{""Endroit d'assemblage"":""Essieu avant inférieur, inférieur"",""pour numéro OE"":""44552-09000"",""Diamètre extérieur [mm]"":""56,6 mm"",""Diamètre intérieur [mm]"":""14,3 mm"",""Hauteur [mm]"":""77 mm""}","[""https://autopart.tn/pieces/373/535137_1.webp""]",2026-07-17T02:48:22.332Z,2026-07-17T02:48:22.332Z,active,False
autopart.tn:77534,autopart.tn,KAVO PARTS,SCR-7501,Silent-bloc KAVO PARTS SCR-7501,,,35.5,TND,En Stock,,https://autopart.tn/fiche/suspension-bras-de-liaison-251/kavo-parts-201/scr-7501-77534.html,https://autopart.tn/pieces/201/SCR-7501_1.webp,Silent-bloc KAVO PARTS SCR-7501,Hauteur 1 [mm]: 46 mm | Diamètre intérieur [mm]: 12 mm | Diamètre extérieur [mm]: 41 mm,"{""Hauteur 1 [mm]"":""46 mm"",""Diamètre intérieur [mm]"":""12 mm"",""Diamètre extérieur [mm]"":""41 mm""}","[""https://autopart.tn/pieces/201/SCR-7501_1.webp""]",2026-07-17T02:39:14.574Z,2026-07-17T02:39:14.574Z,active,False
autopart.tn:18807,autopart.tn,ASHIKA,111-0S-S04R,Rotule de barre de connexion ASHIKA 111-0S-S04R,,,72.9,TND,En Stock,,https://autopart.tn/fiche/rotule-de-barre-de-connexion-914/ashika-257/111-0s-s04r-18807.html,https://autopart.tn/pieces/257/111-0S-S04R_1.webp,Rotule de barre de connexion ASHIKA 111-0S-S04R,"Longueur du filetage [mm]: 44 mm | Hauteur de construction [mm]: 79 mm | Diamètre de montage [mm]: 16 mm | Filetage extérieur [mm]: 14x1,5 mm | Endroit d'assemblage: avant droite | Longueur globale: 220 mm | Taraudage [mm]: 16x1,5 mm","{""Longueur du filetage [mm]"":""44 mm"",""Hauteur de construction [mm]"":""79 mm"",""Diamètre de montage [mm]"":""16 mm"",""Filetage extérieur [mm]"":""14x1,5 mm"",""Endroit d'assemblage"":""avant droite"",""Longueur globale"":""220 mm"",""Taraudage [mm]"":""16x1,5 mm""}","[""https://autopart.tn/pieces/257/111-0S-S04R_1.webp""]",2026-07-17T03:03:54.954Z,2026-07-17T03:03:54.954Z,active,False
autopart.tn:23629,autopart.tn,ASHIKA,111-0S-S04L,Rotule de barre de connexion ASHIKA 111-0S-S04L,,,72.9,TND,En Stock,,https://autopart.tn/fiche/rotule-de-barre-de-connexion-914/ashika-257/111-0s-s04l-23629.html,https://autopart.tn/pieces/257/111-0S-S04L_1.webp,Rotule de barre de connexion ASHIKA 111-0S-S04L,"Endroit d'assemblage: avant gauche | Longueur globale: 220 mm | Taraudage [mm]: 16x1,5 mm | Longueur du filetage [mm]: 42 mm | Hauteur de construction [mm]: 80 mm | Diamètre de montage [mm]: 16 mm | Filetage extérieur [mm]: 14x1,5 mm","{""Endroit d'assemblage"":""avant gauche"",""Longueur globale"":""220 mm"",""Taraudage [mm]"":""16x1,5 mm"",""Longueur du filetage [mm]"":""42 mm"",""Hauteur de construction [mm]"":""80 mm"",""Diamètre de montage [mm]"":""16 mm"",""Filetage extérieur [mm]"":""14x1,5 mm""}","[""https://autopart.tn/pieces/257/111-0S-S04L_1.webp""]",2026-07-17T03:04:03.710Z,2026-07-17T03:04:03.710Z,active,False
autopart.tn:90021,autopart.tn,GSP,S071022,Rotule de barre de connexion GSP S071022,,S071021,53.4,TND,En Stock,,https://autopart.tn/fiche/rotule-de-barre-de-connexion-914/gsp-373/s071022-90021.html,https://autopart.tn/pieces/373/S071022_1.webp,Rotule de barre de connexion GSP S071022,"Numéro d'article en paire: S071021 | Dimension du cône [mm]: 16 mm | Longueur [mm]: 198 mm | Taraudage/Filetage 1: M14X1,5 | Taraudage/Filetage 2: M16×1,5","{""Numéro d'article en paire"":""S071021"",""Dimension du cône [mm]"":""16 mm"",""Longueur [mm]"":""198 mm"",""Taraudage/Filetage 1"":""M14X1,5"",""Taraudage/Filetage 2"":""M16×1,5""}","[""https://autopart.tn/pieces/373/S071022_1.webp""]",2026-07-17T03:04:11.734Z,2026-07-17T03:04:11.734Z,active,False
autopart.tn:90020,autopart.tn,GSP,S071021,Rotule de barre de connexion GSP S071021,,S071022,53.4,TND,En Stock,,https://autopart.tn/fiche/rotule-de-barre-de-connexion-914/gsp-373/s071021-90020.html,https://autopart.tn/pieces/373/S071021_1.webp,Rotule de barre de connexion GSP S071021,"Numéro d'article en paire: S071022 | Dimension du cône [mm]: 16 mm | Longueur [mm]: 198 mm | Taraudage/Filetage 1: M14X1,5 | Taraudage/Filetage 2: M16×1,5","{""Numéro d'article en paire"":""S071022"",""Dimension du cône [mm]"":""16 mm"",""Longueur [mm]"":""198 mm"",""Taraudage/Filetage 1"":""M14X1,5"",""Taraudage/Filetage 2"":""M16×1,5""}","[""https://autopart.tn/pieces/373/S071021_1.webp""]",2026-07-17T03:04:19.320Z,2026-07-17T03:04:19.320Z,active,False
autopart.tn:78506,autopart.tn,NIPPARTS,N4830401,Rotule de barre de connexion NIPPARTS N4830401,,,62.1,TND,En Stock,,https://autopart.tn/fiche/rotule-de-barre-de-connexion-914/nipparts-248/n4830401-78506.html,https://autopart.tn/pieces/248/N4830401_1.webp,Rotule de barre de connexion NIPPARTS N4830401,"Longueur [mm]: 197 mm | Taraudage/Filetage 1: M14X1,5 | Taraudage/Filetage 2: M16X1,5","{""Longueur [mm]"":""197 mm"",""Taraudage/Filetage 1"":""M14X1,5"",""Taraudage/Filetage 2"":""M16X1,5""}","[""https://autopart.tn/pieces/248/N4830401_1.webp""]",2026-07-17T02:39:57.161Z,2026-07-17T02:39:57.161Z,active,False
autopart.tn:78483,autopart.tn,NIPPARTS,N4820401,Rotule de barre de connexion NIPPARTS N4820401,,,62.0,TND,En Stock,,https://autopart.tn/fiche/rotule-de-barre-de-connexion-914/nipparts-248/n4820401-78483.html,https://autopart.tn/pieces/248/N4820401_1.webp,Rotule de barre de connexion NIPPARTS N4820401,"Longueur [mm]: 197 mm | Taraudage/Filetage 1: M14X1,5 | Taraudage/Filetage 2: M16X1,5","{""Longueur [mm]"":""197 mm"",""Taraudage/Filetage 1"":""M14X1,5"",""Taraudage/Filetage 2"":""M16X1,5""}","[""https://autopart.tn/pieces/248/N4820401_1.webp""]",2026-07-17T02:40:05.019Z,2026-07-17T02:40:05.019Z,active,False
autopart.tn:20579,autopart.tn,ASHIKA,73-0S-S03,Rotule de suspension ASHIKA 73-0S-S03,,,68.6,TND,En Stock,,https://autopart.tn/fiche/rotule-de-suspension-2462/ashika-257/73-0s-s03-20579.html,https://autopart.tn/pieces/257/73-0S-S03_1.webp,Rotule de suspension ASHIKA 73-0S-S03,Endroit d'assemblage: Essieu avant inférieur,"{""Endroit d'assemblage"":""Essieu avant inférieur""}","[""https://autopart.tn/pieces/257/73-0S-S03_1.webp""]",2026-07-17T02:47:56.896Z,2026-07-17T02:47:56.896Z,active,False
autopart.tn:22838,autopart.tn,GSP,S080691,Rotule de suspension GSP S080691,,,43.3,TND,En Stock,,https://autopart.tn/fiche/rotule-de-suspension-2462/gsp-373/s080691-22838.html,https://autopart.tn/pieces/373/S080691_1.webp,Rotule de suspension GSP S080691,"Endroit d'assemblage: inférieur, des deux côtés de l'essieu avant | Dimension du cône [mm]: 17,5 mm | Taraudage/Filetage 1: M16X1,5","{""Endroit d'assemblage"":""inférieur, des deux côtés de l'essieu avant"",""Dimension du cône [mm]"":""17,5 mm"",""Taraudage/Filetage 1"":""M16X1,5""}","[""https://autopart.tn/pieces/373/S080691_1.webp""]",2026-07-17T02:38:10.257Z,2026-07-17T02:38:10.257Z,active,False
autopart.tn:78536,autopart.tn,NIPPARTS,N4860402,Rotule de suspension NIPPARTS N4860402,,,58.7,TND,En Stock,,https://autopart.tn/fiche/rotule-de-suspension-2462/nipparts-248/n4860402-78536.html,https://autopart.tn/pieces/248/N4860402_1.webp,Rotule de suspension NIPPARTS N4860402,"Taraudage/Filetage 1: M16X1,5","{""Taraudage/Filetage 1"":""M16X1,5""}","[""https://autopart.tn/pieces/248/N4860402_1.webp""]",2026-07-17T02:38:18.264Z,2026-07-17T02:38:18.264Z,active,False
autopart.tn:89961,autopart.tn,GSP,S050483,Bielette suspension GSP S050483,,,32.9,TND,En Stock,,https://autopart.tn/fiche/entretoise-tige-stabilisateur-3229/gsp-373/s050483-89961.html,https://autopart.tn/pieces/373/S050483_1.webp,Bielette suspension GSP S050483,"Longueur [mm]: 173 mm | Barre/montant: Barre de force | Taraudage/Filetage 1: M10X1,25","{""Longueur [mm]"":""173 mm"",""Barre/montant"":""Barre de force"",""Taraudage/Filetage 1"":""M10X1,25""}","[""https://autopart.tn/pieces/373/S050483_1.webp""]",2026-07-17T03:17:09.723Z,2026-07-17T03:17:09.723Z,active,False
autopart.tn:77567,autopart.tn,KAVO PARTS,SLS-7502,Bielette suspension KAVO PARTS SLS-7502,,,53.7,TND,En Stock,,https://autopart.tn/fiche/entretoise-tige-stabilisateur-3229/kavo-parts-201/sls-7502-77567.html,https://autopart.tn/pieces/201/SLS-7502_1.webp,Bielette suspension KAVO PARTS SLS-7502,Longueur [mm]: 170 mm | Barre/montant: Barre d'accouplement | Taraudage/Filetage 1: M10x1.25mm | Taraudage/Filetage 2: M10x1.25mm,"{""Longueur [mm]"":""170 mm"",""Barre/montant"":""Barre d'accouplement"",""Taraudage/Filetage 1"":""M10x1.25mm"",""Taraudage/Filetage 2"":""M10x1.25mm""}","[""https://autopart.tn/pieces/201/SLS-7502_1.webp""]",2026-07-17T03:00:59.165Z,2026-07-17T03:00:59.165Z,active,False
autopart.tn:77568,autopart.tn,KAVO PARTS,SLS-7507,Bielette suspension KAVO PARTS SLS-7507,,SLS-7508,76.8,TND,En Stock,,https://autopart.tn/fiche/entretoise-tige-stabilisateur-3229/kavo-parts-201/sls-7507-77568.html,https://autopart.tn/pieces/201/SLS-7507_1.webp,Bielette suspension KAVO PARTS SLS-7507,"Longueur [mm]: 206 mm | Barre/montant: Barre d'accouplement | Taraudage/Filetage 1: 12,4 | Taraudage/Filetage 2: M10x1,25mm | Numéro d'article en paire: SLS-7508","{""Longueur [mm]"":""206 mm"",""Barre/montant"":""Barre d'accouplement"",""Taraudage/Filetage 1"":""12,4"",""Taraudage/Filetage 2"":""M10x1,25mm"",""Numéro d'article en paire"":""SLS-7508""}","[""https://autopart.tn/pieces/201/SLS-7507_1.webp""]",2026-07-17T03:04:58.015Z,2026-07-17T03:04:58.015Z,active,False
autopart.tn:78573,autopart.tn,NIPPARTS,N4960409,Bielette suspension NIPPARTS N4960409,,N4970409,36.6,TND,En Stock,,https://autopart.tn/fiche/entretoise-tige-stabilisateur-3229/nipparts-248/n4960409-78573.html,https://autopart.tn/pieces/248/N4960409_1.webp,Bielette suspension NIPPARTS N4960409,"Barre/montant: Barre d'accouplement | Longueur [mm]: 205 mm | Taraudage/Filetage 1: M10X1,25 | Numéro d'article en paire: N4970409","{""Barre/montant"":""Barre d'accouplement"",""Longueur [mm]"":""205 mm"",""Taraudage/Filetage 1"":""M10X1,25"",""Numéro d'article en paire"":""N4970409""}","[""https://autopart.tn/pieces/248/N4960409_1.webp""]",2026-07-17T03:05:05.020Z,2026-07-17T03:05:05.020Z,active,False
autopart.tn:78591,autopart.tn,NIPPARTS,N4970409,Bielette suspension NIPPARTS N4970409,,N4960409,35.5,TND,En Stock,,https://autopart.tn/fiche/entretoise-tige-stabilisateur-3229/nipparts-248/n4970409-78591.html,https://autopart.tn/pieces/248/N4970409_1.webp,Bielette suspension NIPPARTS N4970409,"Barre/montant: Barre d'accouplement | Longueur [mm]: 205 mm | Taraudage/Filetage 1: M10X1,25 | Numéro d'article en paire: N4960409","{""Barre/montant"":""Barre d'accouplement"",""Longueur [mm]"":""205 mm"",""Taraudage/Filetage 1"":""M10X1,25"",""Numéro d'article en paire"":""N4960409""}","[""https://autopart.tn/pieces/248/N4970409_1.webp""]",2026-07-17T03:05:13.722Z,2026-07-17T03:05:13.722Z,active,False
autopart.tn:78165,autopart.tn,NIPPARTS,J4960408,Bielette suspension NIPPARTS J4960408,,,40.6,TND,En Stock,,https://autopart.tn/fiche/entretoise-tige-stabilisateur-3229/nipparts-248/j4960408-78165.html,https://autopart.tn/pieces/248/J4960408_1.webp,Bielette suspension NIPPARTS J4960408,"Barre/montant: Barre d'accouplement | Longueur [mm]: 171 mm | Taraudage/Filetage 1: M10X1,25","{""Barre/montant"":""Barre d'accouplement"",""Longueur [mm]"":""171 mm"",""Taraudage/Filetage 1"":""M10X1,25""}","[""https://autopart.tn/pieces/248/J4960408_1.webp""]",2026-07-17T03:01:07.384Z,2026-07-17T03:01:07.384Z,active,False
autopart.tn:65852,autopart.tn,ASHIKA,GOM-S03,"Coussinet de palier, stabilisateur ASHIKA GOM-S03",,,26.4,TND,En Stock,,https://autopart.tn/fiche/coussinet-de-palier-stabilisateur-331/ashika-257/gom-s03-65852.html,https://autopart.tn/pieces/257/GOM-S03_1.webp,"Coussinet de palier, stabilisateur ASHIKA GOM-S03",Endroit d'assemblage: des deux côtés de l'essieu avant | Longueur [mm]: 60 mm | Diamètre intérieur [mm]: 30 mm | Diamètre extérieur [mm]: 60 mm,"{""Endroit d'assemblage"":""des deux côtés de l'essieu avant"",""Longueur [mm]"":""60 mm"",""Diamètre intérieur [mm]"":""30 mm"",""Diamètre extérieur [mm]"":""60 mm""}","[""https://autopart.tn/pieces/257/GOM-S03_1.webp""]",2026-07-17T02:36:57.178Z,2026-07-17T02:36:57.178Z,active,False
autopart.tn:77457,autopart.tn,KAVO PARTS,SBS-7501,Silent-bloc barre stabilisatrice KAVO PARTS SBS-7501,,,23.7,TND,En Stock,,https://autopart.tn/fiche/suspension-stabilisateur-1334/kavo-parts-201/sbs-7501-77457.html,https://autopart.tn/pieces/201/SBS-7501_1.webp,Silent-bloc barre stabilisatrice KAVO PARTS SBS-7501,Longueur [mm]: 59 mm | Diamètre intérieur [mm]: 30 mm,"{""Longueur [mm]"":""59 mm"",""Diamètre intérieur [mm]"":""30 mm""}","[""https://autopart.tn/pieces/201/SBS-7501_1.webp""]",2026-07-17T02:37:04.394Z,2026-07-17T02:37:04.394Z,active,False
autopart.tn:44861,autopart.tn,VALEO,826999,Kit d'embrayage VALEO 826999,,,831.4,TND,En Stock,,https://autopart.tn/fiche/kit-d-embrayage-479/valeo-21/826999-44861.html,https://autopart.tn/pieces/21/826999_1.webp,Kit d'embrayage VALEO 826999,"Article complémentaire/Info complémentaire: avec mécanisme d'embrayage, sans butée hydraulique | embrayage: 241 mm | Article complémentaire / Info complémentaire 2: avec disque d'embrayage, Aucun outillage spécialisé nécessaire pour le montage | Nombre de dents: 25 | Profil de moyeu: 28,59 x 25,4 | Type de commande: Commande de pression | Poids [kg]: 7,74 kg","{""Article complémentaire/Info complémentaire"":""avec mécanisme d'embrayage, sans butée hydraulique"",""embrayage"":""241 mm"",""Article complémentaire / Info complémentaire 2"":""avec disque d'embrayage, Aucun outillage spécialisé nécessaire pour le montage"",""Nombre de dents"":""25"",""Profil de moyeu"":""28,59 x 25,4"",""Type de commande"":""Commande de pression"",""Poids [kg]"":""7,74 kg""}","[""https://autopart.tn/pieces/21/826999_1.webp""]",2026-07-17T02:42:40.733Z,2026-07-17T02:42:40.733Z,active,False
autopart.tn:58731,autopart.tn,VALEO,804582,Butée embrayage VALEO 804582,,,238.5,TND,En Stock,,https://autopart.tn/fiche/butee-hydraulique-embrayage-47/valeo-21/804582-58731.html,https://autopart.tn/pieces/21/804582_1.webp,Butée embrayage VALEO 804582,"Ø: 32 mm | fabricant: ZA32029.7.1 | Poids [kg]: 0,422 kg","{""Ø"":""32 mm"",""fabricant"":""ZA32029.7.1"",""Poids [kg]"":""0,422 kg""}","[""https://autopart.tn/pieces/21/804582_1.webp""]",2026-07-17T02:42:51.793Z,2026-07-17T02:42:51.793Z,active,False
autopart.tn:89472,autopart.tn,SACHS,2294 000 294,Volant moteur SACHS 2294 000 294,,,1493.2,TND,En Stock,,https://autopart.tn/fiche/volant-moteur-577/sachs-32/2294-000-294-89472.html,,Volant moteur SACHS 2294 000 294,Diamètre extérieur [mm]: 240 mm | Article complémentaire/Info complémentaire: avec vis du volant d’inertie,"{""Diamètre extérieur [mm]"":""240 mm"",""Article complémentaire/Info complémentaire"":""avec vis du volant d’inertie""}",[],2026-07-17T03:05:52.483Z,2026-07-17T03:05:52.483Z,active,False
autopart.tn:33308,autopart.tn,AS-PL,S9335S,Démarreur AS-PL S9335S,,,587.6,TND,En Stock,,https://autopart.tn/fiche/demarreur-2/as-pl-4843/s9335s-33308.html,https://autopart.tn/pieces/4843/S9335S_1.webp,Démarreur AS-PL S9335S,"Longueur 1 [mm]: 82,5 mm | Longueur 2 [mm]: 25,5 mm | Puissance nominale [kW]: 2,2 kW | Voltage [V]: 12 V | Nombre de trous de fixation: 2 | Nombre de taraudages: 2 | Sens de rotation: Rotation dans le sens des aiguilles d'une montre | Nombre de dents: 10","{""Longueur 1 [mm]"":""82,5 mm"",""Longueur 2 [mm]"":""25,5 mm"",""Puissance nominale [kW]"":""2,2 kW"",""Voltage [V]"":""12 V"",""Nombre de trous de fixation"":""2"",""Nombre de taraudages"":""2"",""Sens de rotation"":""Rotation dans le sens des aiguilles d'une montre"",""Nombre de dents"":""10""}","[""https://autopart.tn/pieces/4843/S9335S_1.webp""]",2026-07-17T03:11:52.785Z,2026-07-17T03:11:52.785Z,active,False
autopart.tn:48076,autopart.tn,GATES,OAP7138,"Poulie roue libre, alternateur GATES OAP7138",,,204.1,TND,En Stock,,https://autopart.tn/fiche/poulie-roue-libre-alternateur-1390/gates-33/oap7138-48076.html,https://autopart.tn/pieces/33/OAP7138_1.webp,"Poulie roue libre, alternateur GATES OAP7138",Référence de l'outil spécialisé recommandé: GAT4955B | Nombre de gorges: 6 | Diamètre extérieur [mm]: 55 mm | Diamètre intérieur [mm]: 17 mm | Largeur [mm]: 36 mm,"{""Référence de l'outil spécialisé recommandé"":""GAT4955B"",""Nombre de gorges"":""6"",""Diamètre extérieur [mm]"":""55 mm"",""Diamètre intérieur [mm]"":""17 mm"",""Largeur [mm]"":""36 mm""}","[""https://autopart.tn/pieces/33/OAP7138_1.webp""]",2026-07-17T03:11:26.235Z,2026-07-17T03:11:26.235Z,active,False
autopart.tn:39919,autopart.tn,INA,535 0134 10,"Poulie roue libre, alternateur INA 535 0134 10",,,170.1,TND,En Stock,,https://autopart.tn/fiche/poulie-roue-libre-alternateur-1390/ina-204/535-0134-10-39919.html,,"Poulie roue libre, alternateur INA 535 0134 10","fabricant: F-226387.XX, F-239662.XX | Nombre de gorges: 6 | Distance première gorge: 5,34 mm | Largeur [mm]: 36,1 mm | Diamètre 1/diamètre 2 [mm]: 49,7/17,0 mm | Article complémentaire / Info complémentaire 2: Outillage spécialisé nécessaire pour le montage","{""fabricant"":""F-226387.XX, F-239662.XX"",""Nombre de gorges"":""6"",""Distance première gorge"":""5,34 mm"",""Largeur [mm]"":""36,1 mm"",""Diamètre 1/diamètre 2 [mm]"":""49,7/17,0 mm"",""Article complémentaire / Info complémentaire 2"":""Outillage spécialisé nécessaire pour le montage""}",[],2026-07-17T03:11:34.274Z,2026-07-17T03:11:34.274Z,active,False
autopart.tn:56158,autopart.tn,VALEO,588078,"Poulie roue libre, alternateur VALEO 588078",,,120.2,TND,En Stock,,https://autopart.tn/fiche/poulie-roue-libre-alternateur-1390/valeo-21/588078-56158.html,https://autopart.tn/pieces/21/588078_1.webp,"Poulie roue libre, alternateur VALEO 588078","Diamètre extérieur [mm]: 55 mm | Largeur [mm]: 35,2 mm | Filetage: M16 | Nombre de gorges: 6 | Distance première gorge: 5,3 mm | Ø: 17 mm | Profil tête de vis/écrou: Torx | Sens de rotation: Rotation dans le sens des aiguilles d'une montre","{""Diamètre extérieur [mm]"":""55 mm"",""Largeur [mm]"":""35,2 mm"",""Filetage"":""M16"",""Nombre de gorges"":""6"",""Distance première gorge"":""5,3 mm"",""Ø"":""17 mm"",""Profil tête de vis/écrou"":""Torx"",""Sens de rotation"":""Rotation dans le sens des aiguilles d'une montre""}","[""https://autopart.tn/pieces/21/588078_1.webp""]",2026-07-17T03:11:40.515Z,2026-07-17T03:11:40.515Z,active,False
autopart.tn:2760,autopart.tn,KAMOKA,27E03,Balai d'essuie-glace KAMOKA 27E03,,,48.0,TND,En Stock,,https://autopart.tn/fiche/balai-d-essuie-glace-298/kamoka-185/27e03-2760.html,https://autopart.tn/pieces/185/27E03_1.webp,Balai d'essuie-glace KAMOKA 27E03,Unité quantitative: Kit | Véhicule avec direction à gauche ou à droite: pour véhicules avec direction à gauche | Endroit d'assemblage: avant | Longueur 1 [mm]: 530 mm | Longueur 2 [mm]: 475 mm | glace: Balai d'essuie-glace plat,"{""Unité quantitative"":""Kit"",""Véhicule avec direction à gauche ou à droite"":""pour véhicules avec direction à gauche"",""Endroit d'assemblage"":""avant"",""Longueur 1 [mm]"":""530 mm"",""Longueur 2 [mm]"":""475 mm"",""glace"":""Balai d'essuie-glace plat""}","[""https://autopart.tn/pieces/185/27E03_1.webp""]",2026-07-17T02:49:05.860Z,2026-07-17T02:49:05.860Z,active,False
autopart.tn:76843,autopart.tn,KALE OTO RADYATÖR,356370,"Radiateur, refroidissement du moteur KALE OTO RADYATÖR 356370",,,673.9,TND,En Stock,,https://autopart.tn/fiche/radiateur-refroidissement-du-moteur-470/kale-oto-radyatoer-469/356370-76843.html,https://autopart.tn/pieces/469/356370_1.webp,"Radiateur, refroidissement du moteur KALE OTO RADYATÖR 356370",,{},"[""https://autopart.tn/pieces/469/356370_1.webp""]",2026-07-17T03:12:45.922Z,2026-07-17T03:12:45.922Z,active,False
autopart.tn:25260,autopart.tn,FARE,21993,Thermostat d'eau FARE 21993,,,51.0,TND,En Stock,,https://autopart.tn/fiche/thermostat-d-eau-316/fare-4834/21993-25260.html,https://autopart.tn/pieces/4834/21993_1.webp,Thermostat d'eau FARE 21993,C]: 85 °C,"{""C]"":""85 °C""}","[""https://autopart.tn/pieces/4834/21993_1.webp""]",2026-07-17T03:12:56.499Z,2026-07-17T03:12:56.499Z,active,False
autopart.tn:65767,autopart.tn,FEBI BILSTEIN,09672,Thermostat d'eau FEBI BILSTEIN 09672,,,61.9,TND,En Stock,,https://autopart.tn/fiche/thermostat-d-eau-316/febi-bilstein-101/09672-65767.html,https://autopart.tn/pieces/101/09672_1.webp,Thermostat d'eau FEBI BILSTEIN 09672,"C]: 85 °C | Poids [kg]: 0,112 kg | Article complémentaire / Info complémentaire 2: avec bague d'étanchéité","{""C]"":""85 °C"",""Poids [kg]"":""0,112 kg"",""Article complémentaire / Info complémentaire 2"":""avec bague d'étanchéité""}","[""https://autopart.tn/pieces/101/09672_1.webp""]",2026-07-17T03:13:05.597Z,2026-07-17T03:13:05.597Z,active,False
autopart.tn:84413,autopart.tn,CASTROL,5W40 Magnatec C3 1L,Huile moteur CASTROL 5W40 Magnatec C3 1L,,,33.0,TND,En Stock,,https://autopart.tn/fiche/huile-moteur-3224/castrol-207/5w40-magnatec-c3-1l-84413.html,https://autopart.tn/pieces/207/15F621_1.webp,Huile moteur CASTROL 5W40 Magnatec C3 1L,"Huile: Huile synthétique | Type d'emballage: Bouteille | Capacité [litres]: 1 I | Grade de viscosité SAE: 5W-40 | Autorisation du fabricant: BMW Longlife-04, FIAT 9.55535-S2, MB 229.31, MB 229.51, MB 229.52 | Spécification: ACEA Light Duty C3, API Gasoline SP, API Gasoline SQ","{""Huile"":""Huile synthétique"",""Type d'emballage"":""Bouteille"",""Capacité [litres]"":""1 I"",""Grade de viscosité SAE"":""5W-40"",""Autorisation du fabricant"":""BMW Longlife-04, FIAT 9.55535-S2, MB 229.31, MB 229.51, MB 229.52"",""Spécification"":""ACEA Light Duty C3, API Gasoline SP, API Gasoline SQ""}","[""https://autopart.tn/pieces/207/15F621_1.webp""]",2026-07-17T03:13:54.065Z,2026-07-17T03:13:54.065Z,active,False
autopart.tn:84412,autopart.tn,CASTROL,5W40 Magnatec C3 5L,Huile moteur CASTROL 5W40 Magnatec C3 5L,,,141.9,TND,En Stock,,https://autopart.tn/fiche/huile-moteur-3224/castrol-207/5w40-magnatec-c3-5l-84412.html,https://autopart.tn/pieces/207/15F625_1.webp,Huile moteur CASTROL 5W40 Magnatec C3 5L,"Huile: Huile synthétique | Type d'emballage: Bouteille | Capacité [litres]: 5 I | Grade de viscosité SAE: 5W-40 | Autorisation du fabricant: BMW Longlife-04, FIAT 9.55535-S2, MB 229.31, MB 229.51, MB 229.52 | Spécification: ACEA Light Duty C3, API Gasoline SP, API Gasoline SQ","{""Huile"":""Huile synthétique"",""Type d'emballage"":""Bouteille"",""Capacité [litres]"":""5 I"",""Grade de viscosité SAE"":""5W-40"",""Autorisation du fabricant"":""BMW Longlife-04, FIAT 9.55535-S2, MB 229.31, MB 229.51, MB 229.52"",""Spécification"":""ACEA Light Duty C3, API Gasoline SP, API Gasoline SQ""}","[""https://autopart.tn/pieces/207/15F625_1.webp""]",2026-07-17T03:13:46.209Z,2026-07-17T03:13:46.209Z,active,False
autopart.tn:64777,autopart.tn,CASTROL,5W30 LL 5L,Huile moteur CASTROL 5W30 LL 5L,,,170.0,TND,En Stock,,https://autopart.tn/fiche/huile-moteur-3224/castrol-207/5w30-ll-5l-64777.html,https://autopart.tn/pieces/207/15F7E8_1.webp,Huile moteur CASTROL 5W30 LL 5L,"Huile: Huile synthétique | Nombre SAE: 5W-30 | Type d'emballage: Bouteille | Capacité [litres]: 5 I | Grade de viscosité SAE: 5W-30 | Autorisation du fabricant: BMW Longlife-04, MB 229.31, MB 229.51, Porsche C30, VW 504 00, VW 507.00, VW 507 | Spécification: ACEA Light Duty C3","{""Huile"":""Huile synthétique"",""Nombre SAE"":""5W-30"",""Type d'emballage"":""Bouteille"",""Capacité [litres]"":""5 I"",""Grade de viscosité SAE"":""5W-30"",""Autorisation du fabricant"":""BMW Longlife-04, MB 229.31, MB 229.51, Porsche C30, VW 504 00, VW 507.00, VW 507"",""Spécification"":""ACEA Light Duty C3""}","[""https://autopart.tn/pieces/207/15F7E8_1.webp""]",2026-07-17T03:13:31.941Z,2026-07-17T03:13:31.941Z,active,False
autopart.tn:56327,autopart.tn,ROWE,5W40 Multi Formula 5L,Huile moteur ROWE 5W40 Multi Formula 5L,,,144.0,TND,En Stock,,https://autopart.tn/fiche/huile-moteur-3224/rowe-5382/5w40-multi-formula-5l-56327.html,https://autopart.tn/pieces/5382/20138-0050-99_1.webp,Huile moteur ROWE 5W40 Multi Formula 5L,"Huile: Huile de synthèse HC (Hydro-Cracked) | Type d'emballage: Pot | Capacité [litres]: 5 I | Spécification: ACEA C3, API SN | Autorisation du fabricant: MB 229.31/229.51, VW 505 00/505 01 | Recommandation du fabricant Huile: Ford WSS-M2C917-A, GM dexos2, Porsche A40, BMW Longlife-04, MB 226.5 | Grade de viscosité SAE: 5W-40","{""Huile"":""Huile de synthèse HC (Hydro-Cracked)"",""Type d'emballage"":""Pot"",""Capacité [litres]"":""5 I"",""Spécification"":""ACEA C3, API SN"",""Autorisation du fabricant"":""MB 229.31/229.51, VW 505 00/505 01"",""Recommandation du fabricant Huile"":""Ford WSS-M2C917-A, GM dexos2, Porsche A40, BMW Longlife-04, MB 226.5"",""Grade de viscosité SAE"":""5W-40""}","[""https://autopart.tn/pieces/5382/20138-0050-99_1.webp""]",2026-07-17T03:19:04.303Z,2026-07-17T03:19:04.303Z,active,False
autopart.tn:81527,autopart.tn,ROWE,5W30 SYNT RS 5L,Huile moteur ROWE 5W30 SYNT RS 5L,,,143.9,TND,En Stock,,https://autopart.tn/fiche/huile-moteur-3224/rowe-5382/5w30-synt-rs-5l-81527.html,https://autopart.tn/pieces/5382/20118-0050-99_1.webp,Huile moteur ROWE 5W30 SYNT RS 5L,"Spécification: ACEA C2,C3, API SN, API CF | Autorisation du fabricant: BMW Longlife-04, MB 229.31/229.51, MB 229.52, 229.31/229.51/229.52, OV 040 1547- | Recommandation du fabricant d'huile: GM dexos2 | Huile: Huile de synthèse HC (Hydro-Cracked) | Type d'emballage: Pot | Capacité [litres]: 5 I","{""Spécification"":""ACEA C2,C3, API SN, API CF"",""Autorisation du fabricant"":""BMW Longlife-04, MB 229.31/229.51, MB 229.52, 229.31/229.51/229.52, OV 040 1547-"",""Recommandation du fabricant d'huile"":""GM dexos2"",""Huile"":""Huile de synthèse HC (Hydro-Cracked)"",""Type d'emballage"":""Pot"",""Capacité [litres]"":""5 I""}","[""https://autopart.tn/pieces/5382/20118-0050-99_1.webp""]",2026-07-17T03:18:55.225Z,2026-07-17T03:18:55.225Z,active,False
autopart.tn:50731,autopart.tn,ROWE,5W30 SYNT RS 1L,Huile moteur ROWE 5W30 SYNT RS 1L,,,33.9,TND,En Stock,,https://autopart.tn/fiche/huile-moteur-3224/rowe-5382/5w30-synt-rs-1l-50731.html,https://autopart.tn/pieces/5382/20118-0010-99_1.webp,Huile moteur ROWE 5W30 SYNT RS 1L,"Huile: Huile de synthèse HC (Hydro-Cracked) | Type d'emballage: Bouteille | Capacité [litres]: 1 I | Spécification: ACEA C2,C3, API SN, API CF | Autorisation du fabricant: BMW Longlife-04, MB 229.31/229.51, MB 229.52, 229.31/229.51/229.52, OV 040 1547- | Recommandation du fabricant Huile: GM dexos2 | Grade de viscosité SAE: 5W-30","{""Huile"":""Huile de synthèse HC (Hydro-Cracked)"",""Type d'emballage"":""Bouteille"",""Capacité [litres]"":""1 I"",""Spécification"":""ACEA C2,C3, API SN, API CF"",""Autorisation du fabricant"":""BMW Longlife-04, MB 229.31/229.51, MB 229.52, 229.31/229.51/229.52, OV 040 1547-"",""Recommandation du fabricant Huile"":""GM dexos2"",""Grade de viscosité SAE"":""5W-30""}","[""https://autopart.tn/pieces/5382/20118-0010-99_1.webp""]",2026-07-17T03:15:04.102Z,2026-07-17T03:15:04.102Z,active,False
autopart.tn:56326,autopart.tn,ROWE,5W40 Multi Formula 1L,Huile moteur ROWE 5W40 Multi Formula 1L,,,30.1,TND,En Stock,,https://autopart.tn/fiche/huile-moteur-3224/rowe-5382/5w40-multi-formula-1l-56326.html,https://autopart.tn/pieces/5382/20138-0010-99_1.webp,Huile moteur ROWE 5W40 Multi Formula 1L,"Huile: Huile de synthèse HC (Hydro-Cracked) | Type d'emballage: Bouteille | Capacité [litres]: 1 I | Spécification: ACEA C3, API SN | Autorisation du fabricant: MB 229.31/229.51, VW 505 00/505 01 | Recommandation du fabricant Huile: Ford WSS-M2C917-A, GM dexos2, Porsche A40, BMW Longlife-04, MB 226.5 | Grade de viscosité SAE: 5W-40","{""Huile"":""Huile de synthèse HC (Hydro-Cracked)"",""Type d'emballage"":""Bouteille"",""Capacité [litres]"":""1 I"",""Spécification"":""ACEA C3, API SN"",""Autorisation du fabricant"":""MB 229.31/229.51, VW 505 00/505 01"",""Recommandation du fabricant Huile"":""Ford WSS-M2C917-A, GM dexos2, Porsche A40, BMW Longlife-04, MB 226.5"",""Grade de viscosité SAE"":""5W-40""}","[""https://autopart.tn/pieces/5382/20138-0010-99_1.webp""]",2026-07-17T03:19:12.128Z,2026-07-17T03:19:12.128Z,active,False
autopart.tn:67307,autopart.tn,Total Energies,5W40 Quartz 9000 5L,Huile moteur Total Energies 5W40 Quartz 9000 5L,,,115.0,TND,En Stock,,https://autopart.tn/fiche/huile-moteur-3224/total-energies-7717/5w40-quartz-9000-5l-67307.html,https://autopart.tn/pieces/7717/213697_1.webp,Huile moteur Total Energies 5W40 Quartz 9000 5L,"Capacité [litres]: 5 I | Spécification par l'ACEA: A3/B4 | API Spécification: CF, SP | Autorisation du fabricant: MB-APPROVAL 229.5, PORSCHE A40, VW 502.00, VW 505.00 | Recommandation du fabricant d'huile: BMW LL-01, CHRYSLER MS-12991, FIAT 9.55535-G2, FIAT 9.55535-M2, FIAT 9.55535-N2, | Grade de viscosité SAE: 5W-40","{""Capacité [litres]"":""5 I"",""Spécification par l'ACEA"":""A3/B4"",""API Spécification"":""CF, SP"",""Autorisation du fabricant"":""MB-APPROVAL 229.5, PORSCHE A40, VW 502.00, VW 505.00"",""Recommandation du fabricant d'huile"":""BMW LL-01, CHRYSLER MS-12991, FIAT 9.55535-G2, FIAT 9.55535-M2, FIAT 9.55535-N2,"",""Grade de viscosité SAE"":""5W-40""}","[""https://autopart.tn/pieces/7717/213697_1.webp""]",2026-07-17T03:15:47.166Z,2026-07-17T03:15:47.166Z,active,False
autopart.tn:50742,autopart.tn,ROWE,G12 1.5L,Antigel ROWE G12 1.5L,,,34.0,TND,En Stock,,https://autopart.tn/fiche/antigel-3356/rowe-5382/g12-1-5l-50742.html,https://autopart.tn/pieces/5382/21014-0015-99_1.webp,Antigel ROWE G12 1.5L,"Propriété chimique: sans silicate | Type d'emballage: Bouteille | Capacité [litres]: 1,5 I | Spécification: ASTM D3306, ASTM D4985, SAE J1034, JIS K 2234 | Autorisation du fabricant: VW TL-774 F (G12+), MAN 324 SNF | Recommandation du fabricant Huile: Ford WSS-M 97B44-D, Opel B040 1065, MB 325.3, JLR STJLR.651.5003, PSA B 71 5110","{""Propriété chimique"":""sans silicate"",""Type d'emballage"":""Bouteille"",""Capacité [litres]"":""1,5 I"",""Spécification"":""ASTM D3306, ASTM D4985, SAE J1034, JIS K 2234"",""Autorisation du fabricant"":""VW TL-774 F (G12+), MAN 324 SNF"",""Recommandation du fabricant Huile"":""Ford WSS-M 97B44-D, Opel B040 1065, MB 325.3, JLR STJLR.651.5003, PSA B 71 5110""}","[""https://autopart.tn/pieces/5382/21014-0015-99_1.webp""]",2026-07-17T03:16:02.146Z,2026-07-17T03:16:02.146Z,active,False
autopart.tn:68024,autopart.tn,ROWE,25050-0050-99,Huile pour boîte automatique ROWE 25050-0050-99,,,256.9,TND,En Stock,,https://autopart.tn/fiche/huile-pour-boite-automatique-3069/rowe-5382/25050-0050-99-68024.html,https://autopart.tn/pieces/5382/25050-0050-99_1.webp,Huile pour boîte automatique ROWE 25050-0050-99,"Recommandation du fabricant d'huile: Hyundai/Kia Red-1K, MB 236.12/236.14, SSANG YONG | Huile: Huile de synthèse HC (Hydro-Cracked) | Type d'emballage: Pot | Capacité [litres]: 5 I","{""Recommandation du fabricant d'huile"":""Hyundai/Kia Red-1K, MB 236.12/236.14, SSANG YONG"",""Huile"":""Huile de synthèse HC (Hydro-Cracked)"",""Type d'emballage"":""Pot"",""Capacité [litres]"":""5 I""}","[""https://autopart.tn/pieces/5382/25050-0050-99_1.webp""]",2026-07-17T02:48:10.159Z,2026-07-17T02:48:10.159Z,active,False
autopart.tn:50713,autopart.tn,ROWE,25050,Huile pour boîte automatique ROWE 25050,,,56.1,TND,En Stock,,https://autopart.tn/fiche/huile-pour-boite-automatique-3069/rowe-5382/25050-50713.html,https://autopart.tn/pieces/5382/25050_1.webp,Huile pour boîte automatique ROWE 25050,"Huile: Huile de synthèse HC (Hydro-Cracked) | Recommandation du fabricant Huile: Hyundai/Kia Red-1K, MB 236.12/236.14, SSANG YONG","{""Huile"":""Huile de synthèse HC (Hydro-Cracked)"",""Recommandation du fabricant Huile"":""Hyundai/Kia Red-1K, MB 236.12/236.14, SSANG YONG""}","[""https://autopart.tn/pieces/5382/25050_1.webp""]",2026-07-17T02:48:18.864Z,2026-07-17T02:48:18.864Z,active,False
autopart.tn:17780,autopart.tn,CHAMPION,COF100506E,Filtre à huile CHAMPION COF100506E,,,24.8,TND,En Stock,,https://autopart.tn/fiche/filtre-a-huile-7/champion-43/cof100506e-17780.html,https://autopart.tn/pieces/43/COF100506E_1.webp,Filtre à huile CHAMPION COF100506E,"Hauteur [mm]: 160 mm | Diamètre intérieur [mm]: 22,5 mm | Diamètre extérieur [mm]: 62,5 mm | Type d'emballage: Boîte | Type de filtre: Cartouche filtrante | Longueur de l'emballage [cm]: 6,4 cm | Largeur de l'emballage [cm]: 6,4 cm | Hauteur de l'emballage [cm]: 17,8 cm","{""Hauteur [mm]"":""160 mm"",""Diamètre intérieur [mm]"":""22,5 mm"",""Diamètre extérieur [mm]"":""62,5 mm"",""Type d'emballage"":""Boîte"",""Type de filtre"":""Cartouche filtrante"",""Longueur de l'emballage [cm]"":""6,4 cm"",""Largeur de l'emballage [cm]"":""6,4 cm"",""Hauteur de l'emballage [cm]"":""17,8 cm""}","[""https://autopart.tn/pieces/43/COF100506E_1.webp""]",2026-07-17T03:06:20.699Z,2026-07-17T03:06:20.699Z,active,False
autopart.tn:19111,autopart.tn,ASHIKA,30-K0-009,Filtre à carburant ASHIKA 30-K0-009,6650921301.0,,40.0,TND,En Stock,,https://autopart.tn/fiche/filtre-a-carburant-9/ashika-257/30-k0-009-19111.html,https://autopart.tn/pieces/257/30-K0-009_1.webp,Filtre à carburant ASHIKA 30-K0-009,"Type de filtre: Filtre de conduite | Longueur [mm]: 189 mm | Diamètre extérieur [mm]: 87,7 mm | Diamètre 1/diamètre 2 [mm]: IN/OUT: 10 mm | Taraudage [mm]: M 8 X 1,25 mm | pour numéro OE: 6650921301","{""Type de filtre"":""Filtre de conduite"",""Longueur [mm]"":""189 mm"",""Diamètre extérieur [mm]"":""87,7 mm"",""Diamètre 1/diamètre 2 [mm]"":""IN/OUT: 10 mm"",""Taraudage [mm]"":""M 8 X 1,25 mm"",""pour numéro OE"":""6650921301""}","[""https://autopart.tn/pieces/257/30-K0-009_1.webp""]",2026-07-17T02:56:02.094Z,2026-07-17T02:56:02.094Z,active,False
autopart.tn:19919,autopart.tn,ASHIKA,55-0S-S01,"Jeu de mâchoires de frein, frein de stationnement ASHIKA 55-0S-S01",,,111.0,TND,En Stock,,https://autopart.tn/fiche/jeu-de-machoires-de-frein-frein-de-stationnement-1419/ashika-257/55-0s-s01-19919.html,https://autopart.tn/pieces/257/55-0S-S01_1.webp,"Jeu de mâchoires de frein, frein de stationnement ASHIKA 55-0S-S01",Endroit d'assemblage: Essieu arrière | Diamètre [mm]: 190 mm | Largeur [mm]: 25 mm,"{""Endroit d'assemblage"":""Essieu arrière"",""Diamètre [mm]"":""190 mm"",""Largeur [mm]"":""25 mm""}","[""https://autopart.tn/pieces/257/55-0S-S01_1.webp""]",2026-07-17T02:27:41.073Z,2026-07-17T02:27:41.073Z,active,False
autopart.tn:38097,autopart.tn,KAMOKA,7016219,Courroie KAMOKA 7016219,,,50.7,TND,En Stock,,https://autopart.tn/fiche/courroie-trapezoidale-a-nervures-305/kamoka-185/7016219-38097.html,https://autopart.tn/pieces/185/7016219_1.webp,Courroie KAMOKA 7016219,Matériel: EPDM (éthylène-propylène-diène-caoutchouc) | Longueur [mm]: 2 250 mm | Nombre de gorges: 6,"{""Matériel"":""EPDM (éthylène-propylène-diène-caoutchouc)"",""Longueur [mm]"":""2 250 mm"",""Nombre de gorges"":""6""}","[""https://autopart.tn/pieces/185/7016219_1.webp""]",2026-07-17T00:53:05.443Z,2026-07-17T00:53:05.443Z,active,False
autopart.tn:77597,autopart.tn,KAVO PARTS,SSA-10898,Amortisseur KAVO PARTS SSA-10898,,,136.1,TND,En Stock,,https://autopart.tn/fiche/amortisseur-854/kavo-parts-201/ssa-10898-77597.html,https://autopart.tn/pieces/201/SSA-10898_1.webp,Amortisseur KAVO PARTS SSA-10898,Endroit d'assemblage: Essieu avant | Type d'amortisseur: Pression de gaz | Modèle d'amortisseur: Amortisseur sur ressort | Système d'amortisseur: Système bitube | Mode de serrage d'amortisseur: Goujon en haut,"{""Endroit d'assemblage"":""Essieu avant"",""Type d'amortisseur"":""Pression de gaz"",""Modèle d'amortisseur"":""Amortisseur sur ressort"",""Système d'amortisseur"":""Système bitube"",""Mode de serrage d'amortisseur"":""Goujon en haut""}","[""https://autopart.tn/pieces/201/SSA-10898_1.webp""]",2026-07-17T03:01:11.894Z,2026-07-17T03:01:11.894Z,active,False
autopart.tn:77500,autopart.tn,KAVO PARTS,SCA-7513,Bras et Triangle suspension KAVO PARTS SCA-7513,,SCA-7514,547.9,TND,En Stock,,https://autopart.tn/fiche/bras-de-liaison-suspension-de-roue-273/kavo-parts-201/sca-7513-77500.html,https://autopart.tn/pieces/201/SCA-7513_1.webp,Bras et Triangle suspension KAVO PARTS SCA-7513,Type de bras oscillant: barre oscillant transversal | Article complémentaire / Info complémentaire 2: sans rotule de suspension | Numéro d'article en paire: SCA-7514,"{""Type de bras oscillant"":""barre oscillant transversal"",""Article complémentaire / Info complémentaire 2"":""sans rotule de suspension"",""Numéro d'article en paire"":""SCA-7514""}","[""https://autopart.tn/pieces/201/SCA-7513_1.webp""]",2026-07-17T03:02:02.905Z,2026-07-17T03:02:02.905Z,active,False
autopart.tn:77501,autopart.tn,KAVO PARTS,SCA-7514,Bras et Triangle suspension KAVO PARTS SCA-7514,,SCA-7513,575.6,TND,En Stock,,https://autopart.tn/fiche/bras-de-liaison-suspension-de-roue-273/kavo-parts-201/sca-7514-77501.html,https://autopart.tn/pieces/201/SCA-7514_1.webp,Bras et Triangle suspension KAVO PARTS SCA-7514,Type de bras oscillant: barre oscillant transversal | Article complémentaire / Info complémentaire 2: sans rotule de suspension | Numéro d'article en paire: SCA-7513,"{""Type de bras oscillant"":""barre oscillant transversal"",""Article complémentaire / Info complémentaire 2"":""sans rotule de suspension"",""Numéro d'article en paire"":""SCA-7513""}","[""https://autopart.tn/pieces/201/SCA-7514_1.webp""]",2026-07-17T03:02:11.287Z,2026-07-17T03:02:11.287Z,active,False
autopart.tn:78570,autopart.tn,NIPPARTS,N4930401,Bras et Triangle suspension NIPPARTS N4930401,,N4920401,289.5,TND,En Stock,,https://autopart.tn/fiche/bras-de-liaison-suspension-de-roue-273/nipparts-248/n4930401-78570.html,https://autopart.tn/pieces/248/N4930401_1.webp,Bras et Triangle suspension NIPPARTS N4930401,Type de bras oscillant: barre oscillant transversal | Numéro d'article en paire: N4920401,"{""Type de bras oscillant"":""barre oscillant transversal"",""Numéro d'article en paire"":""N4920401""}","[""https://autopart.tn/pieces/248/N4930401_1.webp""]",2026-07-17T02:42:20.564Z,2026-07-17T02:42:20.564Z,active,False
autopart.tn:19219,autopart.tn,ASHIKA,35-0S-S02,Pompe à eau ASHIKA 35-0S-S02,,,148.0,TND,En Stock,,https://autopart.tn/fiche/pompe-a-eau-1260/ashika-257/35-0s-s02-19219.html,https://autopart.tn/pieces/257/35-0S-S02_1.webp,Pompe à eau ASHIKA 35-0S-S02,Hauteur de construction [mm]: 136 mm | Nombre de trous de fixation: 4 | Espace entre les trous de fixation [mm]: 43 mm,"{""Hauteur de construction [mm]"":""136 mm"",""Nombre de trous de fixation"":""4"",""Espace entre les trous de fixation [mm]"":""43 mm""}","[""https://autopart.tn/pieces/257/35-0S-S02_1.webp""]",2026-07-17T03:11:13.724Z,2026-07-17T03:11:13.724Z,active,False
autopart.tn:19249,autopart.tn,ASHIKA,36-0S-S00,"Embrayage, ventilateur de radiateur ASHIKA 36-0S-S00",,,205.3,TND,En Stock,,https://autopart.tn/fiche/embrayage-ventilateur-de-radiateur-509/ashika-257/36-0s-s00-19249.html,https://autopart.tn/pieces/257/36-0S-S00_1.webp,"Embrayage, ventilateur de radiateur ASHIKA 36-0S-S00","Diamètre extérieur [mm]: 158 mm | Diamètre intérieur 1 [mm]: 18 mm | Diamètre intérieur 2 [mm]: 10,5 mm","{""Diamètre extérieur [mm]"":""158 mm"",""Diamètre intérieur 1 [mm]"":""18 mm"",""Diamètre intérieur 2 [mm]"":""10,5 mm""}","[""https://autopart.tn/pieces/257/36-0S-S00_1.webp""]",2026-07-17T03:13:17.654Z,2026-07-17T03:13:17.654Z,active,False
autopart.tn:74327,autopart.tn,CASTROL,10W40 GTX 5L,Huile moteur CASTROL 10W40 GTX 5L,,,90.0,TND,En Stock,,https://autopart.tn/fiche/huile-moteur-3224/castrol-207/10w40-gtx-5l-74327.html,,Huile moteur CASTROL 10W40 GTX 5L,"Huile: Huile en partie synthétique | Nombre SAE: 10W-40 | Type d'emballage: Bouteille | Capacité [litres]: 5 I | Grade de viscosité SAE: 10W-40 | Autorisation du fabricant: FIAT 9.55535-D2, Renault RN 0700, FIAT 9.55535-G2, Renault RN 0710, MB 226.5, VW | Spécification: ACEA Light Duty A3/B, API Gasoline SP","{""Huile"":""Huile en partie synthétique"",""Nombre SAE"":""10W-40"",""Type d'emballage"":""Bouteille"",""Capacité [litres]"":""5 I"",""Grade de viscosité SAE"":""10W-40"",""Autorisation du fabricant"":""FIAT 9.55535-D2, Renault RN 0700, FIAT 9.55535-G2, Renault RN 0710, MB 226.5, VW"",""Spécification"":""ACEA Light Duty A3/B, API Gasoline SP""}",[],2026-07-17T03:13:39.402Z,2026-07-17T03:13:39.402Z,active,False
autopart.tn:90058,autopart.tn,CASTROL,10W40 GTX 1L,Huile moteur CASTROL 10W40 GTX 1L,,,23.6,TND,En Stock,,https://autopart.tn/fiche/huile-moteur-3224/castrol-207/10w40-gtx-1l-90058.html,https://autopart.tn/pieces/207/15F8FE_1.webp,Huile moteur CASTROL 10W40 GTX 1L,"Huile: Huile en partie synthétique | Type d'emballage: Bouteille | Capacité [litres]: 1 I | Grade de viscosité SAE: 10W-40 | Autorisation du fabricant: Renault RN 0700, Renault RN 0710, VW 501 01 / 505 00, FIAT 9.55535-D2, FIAT 9.55 | Spécification: ACEA Light Duty A3/B, API Gasoline SP","{""Huile"":""Huile en partie synthétique"",""Type d'emballage"":""Bouteille"",""Capacité [litres]"":""1 I"",""Grade de viscosité SAE"":""10W-40"",""Autorisation du fabricant"":""Renault RN 0700, Renault RN 0710, VW 501 01 / 505 00, FIAT 9.55535-D2, FIAT 9.55"",""Spécification"":""ACEA Light Duty A3/B, API Gasoline SP""}","[""https://autopart.tn/pieces/207/15F8FE_1.webp""]",2026-07-17T03:14:01.469Z,2026-07-17T03:14:01.469Z,active,False
autopart.tn:64827,autopart.tn,CHAMPION LUBRICANTS,5W40 5L,Huile moteur CHAMPION LUBRICANTS 5W40 5L,,,105.0,TND,En Stock,,https://autopart.tn/fiche/huile-moteur-3224/champion-lubricants-189/5w40-5l-64827.html,https://autopart.tn/pieces/189/8211850_1.webp,Huile moteur CHAMPION LUBRICANTS 5W40 5L,"Huile: Huile entièrement synthétique | Grade de viscosité SAE: 5W-40 | Type d'emballage: Bouteille | Capacité [litres]: 5 I | Spécification par l'ACEA: A3/B3, A3/B4 | API Spécification: CF | Spécification: BMW LONGLIFE-01, FIAT 9.55535-H2, FIAT 9.55535-M2, FIAT 9.55535-Z2, MB 226.5, MB | Autorisation du fabricant: PORSCHE A40, PSA B71 2296, VW 502.00, VW 505.00","{""Huile"":""Huile entièrement synthétique"",""Grade de viscosité SAE"":""5W-40"",""Type d'emballage"":""Bouteille"",""Capacité [litres]"":""5 I"",""Spécification par l'ACEA"":""A3/B3, A3/B4"",""API Spécification"":""CF"",""Spécification"":""BMW LONGLIFE-01, FIAT 9.55535-H2, FIAT 9.55535-M2, FIAT 9.55535-Z2, MB 226.5, MB"",""Autorisation du fabricant"":""PORSCHE A40, PSA B71 2296, VW 502.00, VW 505.00""}","[""https://autopart.tn/pieces/189/8211850_1.webp""]",2026-07-17T03:18:54.156Z,2026-07-17T03:18:54.156Z,active,False
autopart.tn:64181,autopart.tn,ROWE,5W30 XPERT II 1L,Huile moteur ROWE 5W30 XPERT II 1L,,,27.4,TND,En Stock,,https://autopart.tn/fiche/huile-moteur-3224/rowe-5382/5w30-xpert-ii-1l-64181.html,https://autopart.tn/pieces/5382/20328-10-99_1.webp,Huile moteur ROWE 5W30 XPERT II 1L,"Huile: Huile entièrement synthétique | Grade de viscosité SAE: 5W-30 | Spécification par l'ACEA: A3/B4 | API Spécification: CF | Spécification: BMW LONGLIFE-01, MB 229.3, OPEL GM-LL-B-025, RENAULT RN 0700, RENAULT RN 0710, V | Capacité [litres]: 1 L","{""Huile"":""Huile entièrement synthétique"",""Grade de viscosité SAE"":""5W-30"",""Spécification par l'ACEA"":""A3/B4"",""API Spécification"":""CF"",""Spécification"":""BMW LONGLIFE-01, MB 229.3, OPEL GM-LL-B-025, RENAULT RN 0700, RENAULT RN 0710, V"",""Capacité [litres]"":""1 L""}","[""https://autopart.tn/pieces/5382/20328-10-99_1.webp""]",2026-07-17T03:19:10.361Z,2026-07-17T03:19:10.361Z,active,False
autopart.tn:64182,autopart.tn,ROWE,5W30 XPERT II 4L,Huile moteur ROWE 5W30 XPERT II 4L,,,104.6,TND,En Stock,,https://autopart.tn/fiche/huile-moteur-3224/rowe-5382/5w30-xpert-ii-4l-64182.html,https://autopart.tn/pieces/5382/20328-40-99_1.webp,Huile moteur ROWE 5W30 XPERT II 4L,"Huile: Huile entièrement synthétique | Grade de viscosité SAE: 5W-30 | Spécification par l'ACEA: A3/B4 | API Spécification: CF | Spécification: BMW LONGLIFE-01, MB 229.3, OPEL GM-LL-B-025, RENAULT RN 0700, RENAULT RN 0710, V | Capacité [litres]: 4 L","{""Huile"":""Huile entièrement synthétique"",""Grade de viscosité SAE"":""5W-30"",""Spécification par l'ACEA"":""A3/B4"",""API Spécification"":""CF"",""Spécification"":""BMW LONGLIFE-01, MB 229.3, OPEL GM-LL-B-025, RENAULT RN 0700, RENAULT RN 0710, V"",""Capacité [litres]"":""4 L""}","[""https://autopart.tn/pieces/5382/20328-40-99_1.webp""]",2026-07-17T03:19:02.392Z,2026-07-17T03:19:02.392Z,active,False
autopart.tn:50722,autopart.tn,ROWE,10W40 1L,Huile moteur ROWE 10W40 1L,,,20.0,TND,En Stock,,https://autopart.tn/fiche/huile-moteur-3224/rowe-5382/10w40-1l-50722.html,https://autopart.tn/pieces/5382/20058-0010-99_1.webp,Huile moteur ROWE 10W40 1L,"Huile: Huile de synthèse HC (Hydro-Cracked) | Type d'emballage: Bouteille | Capacité [litres]: 1 I | Spécification: ACEA A3/B4, API SN, API CF | Autorisation du fabricant: MB 229.3, VW 501 01/505 00 | Recommandation du fabricant Huile: MB 226.5, PSA B71 2300, Renault RN 0700/0710, Fiat 9.55535-G2/D2, MB 229.1 | Grade de viscosité SAE: 10W-40","{""Huile"":""Huile de synthèse HC (Hydro-Cracked)"",""Type d'emballage"":""Bouteille"",""Capacité [litres]"":""1 I"",""Spécification"":""ACEA A3/B4, API SN, API CF"",""Autorisation du fabricant"":""MB 229.3, VW 501 01/505 00"",""Recommandation du fabricant Huile"":""MB 226.5, PSA B71 2300, Renault RN 0700/0710, Fiat 9.55535-G2/D2, MB 229.1"",""Grade de viscosité SAE"":""10W-40""}","[""https://autopart.tn/pieces/5382/20058-0010-99_1.webp""]",2026-07-17T03:14:38.143Z,2026-07-17T03:14:38.143Z,active,False
autopart.tn:50723,autopart.tn,ROWE,10W40 4L,Huile moteur ROWE 10W40 4L,,,75.0,TND,En Stock,,https://autopart.tn/fiche/huile-moteur-3224/rowe-5382/10w40-4l-50723.html,https://autopart.tn/pieces/5382/20058-0040-99_1.webp,Huile moteur ROWE 10W40 4L,"Huile: Huile de synthèse HC (Hydro-Cracked) | Type d'emballage: Pot | Capacité [litres]: 4 I | Spécification: ACEA A3/B4, API SN, API CF | Autorisation du fabricant: MB 229.3, VW 501 01/505 00 | Recommandation du fabricant Huile: MB 226.5, PSA B71 2300, Renault RN 0700/0710, Fiat 9.55535-G2/D2, MB 229.1 | Grade de viscosité SAE: 10W-40","{""Huile"":""Huile de synthèse HC (Hydro-Cracked)"",""Type d'emballage"":""Pot"",""Capacité [litres]"":""4 I"",""Spécification"":""ACEA A3/B4, API SN, API CF"",""Autorisation du fabricant"":""MB 229.3, VW 501 01/505 00"",""Recommandation du fabricant Huile"":""MB 226.5, PSA B71 2300, Renault RN 0700/0710, Fiat 9.55535-G2/D2, MB 229.1"",""Grade de viscosité SAE"":""10W-40""}","[""https://autopart.tn/pieces/5382/20058-0040-99_1.webp""]",2026-07-17T03:14:47.490Z,2026-07-17T03:14:47.490Z,active,False
autopart.tn:50724,autopart.tn,ROWE,10W40 5L,Huile moteur ROWE 10W40 5L,,,90.0,TND,En Stock,,https://autopart.tn/fiche/huile-moteur-3224/rowe-5382/10w40-5l-50724.html,https://autopart.tn/pieces/5382/20058-0050-99_1.webp,Huile moteur ROWE 10W40 5L,"Huile: Huile de synthèse HC (Hydro-Cracked) | Type d'emballage: Pot | Capacité [litres]: 5 I | Spécification: ACEA A3/B4, API SN, API CF | Autorisation du fabricant: MB 229.3, VW 501 01/505 00 | Recommandation du fabricant Huile: MB 226.5, PSA B71 2300, Renault RN 0700/0710, Fiat 9.55535-G2/D2, MB 229.1 | Grade de viscosité SAE: 10W-40","{""Huile"":""Huile de synthèse HC (Hydro-Cracked)"",""Type d'emballage"":""Pot"",""Capacité [litres]"":""5 I"",""Spécification"":""ACEA A3/B4, API SN, API CF"",""Autorisation du fabricant"":""MB 229.3, VW 501 01/505 00"",""Recommandation du fabricant Huile"":""MB 226.5, PSA B71 2300, Renault RN 0700/0710, Fiat 9.55535-G2/D2, MB 229.1"",""Grade de viscosité SAE"":""10W-40""}","[""https://autopart.tn/pieces/5382/20058-0050-99_1.webp""]",2026-07-17T03:14:56.592Z,2026-07-17T03:14:56.592Z,active,False
autopart.tn:50740,autopart.tn,ROWE,G11 1.5L,Antigel ROWE G11 1.5L,,,28.0,TND,En Stock,,https://autopart.tn/fiche/antigel-3356/rowe-5382/g11-1-5l-50740.html,https://autopart.tn/pieces/5382/21010-0015-99_1.webp,Antigel ROWE G11 1.5L,"Propriété chimique: sans nitrite | Type d'emballage: Bouteille | Capacité [litres]: 1,5 I | Spécification: ASTM D3306, ASTM D4985, SAE J1034, JIS K 2234 | Recommandation du fabricant Huile: MB 325.0, VW TL 774-C (G11), MAN 324 NF/Pritader, Deutz DQC CA-14, BMW 83 19 2 2","{""Propriété chimique"":""sans nitrite"",""Type d'emballage"":""Bouteille"",""Capacité [litres]"":""1,5 I"",""Spécification"":""ASTM D3306, ASTM D4985, SAE J1034, JIS K 2234"",""Recommandation du fabricant Huile"":""MB 325.0, VW TL 774-C (G11), MAN 324 NF/Pritader, Deutz DQC CA-14, BMW 83 19 2 2""}","[""https://autopart.tn/pieces/5382/21010-0015-99_1.webp""]",2026-07-17T03:16:09.993Z,2026-07-17T03:16:09.993Z,active,False
autopart.tn:50710,autopart.tn,ROWE,25020,Huile pour boîte automatique ROWE 25020,,,62.5,TND,En Stock,,https://autopart.tn/fiche/huile-pour-boite-automatique-3069/rowe-5382/25020-50710.html,https://autopart.tn/pieces/5382/25020_1.webp,Huile pour boîte automatique ROWE 25020,"Huile: Huile de synthèse HC (Hydro-Cracked) | Autorisation du fabricant: MB 236.9, Voith 55.6335.xx, ZF 04D,14B,20B,25B, MAN 339 Type V1, MAN 339 Type Z1 | Recommandation du fabricant Huile: DEXRON IIIH, MERCON/MERCON V, MB 236.6, Allison C-4, BMW LA-2634/LT-71141 | Capacité [litres]: 1L","{""Huile"":""Huile de synthèse HC (Hydro-Cracked)"",""Autorisation du fabricant"":""MB 236.9, Voith 55.6335.xx, ZF 04D,14B,20B,25B, MAN 339 Type V1, MAN 339 Type Z1"",""Recommandation du fabricant Huile"":""DEXRON IIIH, MERCON/MERCON V, MB 236.6, Allison C-4, BMW LA-2634/LT-71141"",""Capacité [litres]"":""1L""}","[""https://autopart.tn/pieces/5382/25020_1.webp""]",2026-07-17T03:05:09.585Z,2026-07-17T03:05:09.585Z,active,False
autopart.tn:68014,autopart.tn,ROWE,25020-0050-99,Huile pour boîte automatique ROWE 25020-0050-99,,,281.0,TND,En Stock,,https://autopart.tn/fiche/huile-pour-boite-automatique-3069/rowe-5382/25020-0050-99-68014.html,https://autopart.tn/pieces/5382/25020-0050-99_1.webp,Huile pour boîte automatique ROWE 25020-0050-99,"Autorisation du fabricant: MB 236.9, Voith 55.6335.xx, ZF 04D,14B,20B,25B, MAN 339 Type V1, MAN 339 Type Z1 | Recommandation du fabricant d'huile: DEXRON IIIH, MERCON/MERCON V, MB 236.6, Allison C-4, BMW LA-2634/LT-71141 | Huile: Huile de synthèse HC (Hydro-Cracked) | Type d'emballage: Pot | Capacité [litres]: 5 I","{""Autorisation du fabricant"":""MB 236.9, Voith 55.6335.xx, ZF 04D,14B,20B,25B, MAN 339 Type V1, MAN 339 Type Z1"",""Recommandation du fabricant d'huile"":""DEXRON IIIH, MERCON/MERCON V, MB 236.6, Allison C-4, BMW LA-2634/LT-71141"",""Huile"":""Huile de synthèse HC (Hydro-Cracked)"",""Type d'emballage"":""Pot"",""Capacité [litres]"":""5 I""}","[""https://autopart.tn/pieces/5382/25020-0050-99_1.webp""]",2026-07-17T03:05:18.246Z,2026-07-17T03:05:18.246Z,active,False
autopart.tn:50711,autopart.tn,ROWE,25011,Huile pour boîte automatique ROWE 25011,,,27.1,TND,En Stock,,https://autopart.tn/fiche/huile-pour-boite-automatique-3069/rowe-5382/25011-50711.html,https://autopart.tn/pieces/5382/25011_1.webp,Huile pour boîte automatique ROWE 25011,"Huile: Huile minérale | Recommandation du fabricant Huile: DEXRON IID, MERCON, MAN 339 Type Z1/V1, MB 236.1/236.5, ZF 09,11A,14A | Capacité [litres]: 1L","{""Huile"":""Huile minérale"",""Recommandation du fabricant Huile"":""DEXRON IID, MERCON, MAN 339 Type Z1/V1, MB 236.1/236.5, ZF 09,11A,14A"",""Capacité [litres]"":""1L""}","[""https://autopart.tn/pieces/5382/25011_1.webp""]",2026-07-17T02:22:02.461Z,2026-07-17T02:22:02.461Z,active,False
autopart.tn:22816,autopart.tn,GSP,9400169K,Kit de roulements de roue GSP 9400169K,4142009300.0,,530.0,TND,En Stock,,https://autopart.tn/fiche/kit-de-roulements-de-roue-654/gsp-373/9400169k-22816.html,https://autopart.tn/pieces/373/9400169K_1.webp,Kit de roulements de roue GSP 9400169K,"nombre de trous: 5 Trou | Endroit d'assemblage: des deux côtés de l'essieu avant | Filetage: M14X1,5 | Diamètre extérieur [mm]: 160 mm | Article complémentaire / Info complémentaire 2: avec capteur ABS intégré | anneau ABS: 104 | pour numéro OE: 4142009300 | Article complémentaire/Info complémentaire: avec accessoires","{""nombre de trous"":""5 Trou"",""Endroit d'assemblage"":""des deux côtés de l'essieu avant"",""Filetage"":""M14X1,5"",""Diamètre extérieur [mm]"":""160 mm"",""Article complémentaire / Info complémentaire 2"":""avec capteur ABS intégré"",""anneau ABS"":""104"",""pour numéro OE"":""4142009300"",""Article complémentaire/Info complémentaire"":""avec accessoires""}","[""https://autopart.tn/pieces/373/9400169K_1.webp""]",2026-07-17T03:02:50.949Z,2026-07-17T03:02:50.949Z,active,False
autopart.tn:18812,autopart.tn,ASHIKA,112-6PK2260,Courroie ASHIKA 112-6PK2260,,,70.0,TND,En Stock,,https://autopart.tn/fiche/courroie-trapezoidale-a-nervures-305/ashika-257/112-6pk2260-18812.html,https://autopart.tn/pieces/257/112-6PK2260_1.webp,Courroie ASHIKA 112-6PK2260,Données: 6PK2260 | Nombre de gorges: 6 | Longueur [mm]: 2 260 mm,"{""Données"":""6PK2260"",""Nombre de gorges"":""6"",""Longueur [mm]"":""2 260 mm""}","[""https://autopart.tn/pieces/257/112-6PK2260_1.webp""]",2026-07-17T02:59:58.950Z,2026-07-17T02:59:58.950Z,active,False
autopart.tn:68630,autopart.tn,TALOSA,40-13372,Bras et Triangle suspension TALOSA 40-13372,,40-13373,385.5,TND,En Stock,,https://autopart.tn/fiche/bras-de-liaison-suspension-de-roue-273/talosa-4758/40-13372-68630.html,https://autopart.tn/pieces/4758/40-13372_1.webp,Bras et Triangle suspension TALOSA 40-13372,"Endroit d'assemblage: Essieu avant droit, inférieur | Type de bras oscillant: barre oscillant transversal | Longueur [mm]: 408 mm | Taraudage/Filetage 2: M16x1.5 | Matériel: Tôle d'acier | Numéro d'article en paire: 40-13373 | Poids [kg]: 7,3 kg","{""Endroit d'assemblage"":""Essieu avant droit, inférieur"",""Type de bras oscillant"":""barre oscillant transversal"",""Longueur [mm]"":""408 mm"",""Taraudage/Filetage 2"":""M16x1.5"",""Matériel"":""Tôle d'acier"",""Numéro d'article en paire"":""40-13373"",""Poids [kg]"":""7,3 kg""}","[""https://autopart.tn/pieces/4758/40-13372_1.webp""]",2026-07-17T03:02:19.811Z,2026-07-17T03:02:19.811Z,active,False
autopart.tn:68244,autopart.tn,BLUE PRINT,AD06R2257,Courroie BLUE PRINT AD06R2257,,,71.5,TND,En Stock,,https://autopart.tn/fiche/courroie-trapezoidale-a-nervures-305/blue-print-350/ad06r2257-68244.html,https://autopart.tn/pieces/350/AD06R2257_1.webp,Courroie BLUE PRINT AD06R2257,"Longueur [mm]: 2 257 mm | Matériel: EPDM (éthylène-propylène-diène-caoutchouc) | Nombre de gorges: 6 | Poids [kg]: 0,23 kg","{""Longueur [mm]"":""2 257 mm"",""Matériel"":""EPDM (éthylène-propylène-diène-caoutchouc)"",""Nombre de gorges"":""6"",""Poids [kg]"":""0,23 kg""}","[""https://autopart.tn/pieces/350/AD06R2257_1.webp""]",2026-07-17T03:00:06.863Z,2026-07-17T03:00:06.863Z,active,False
autopart.tn:18643,autopart.tn,ASHIKA,106-0S-S05L,Biellette suspension ASHIKA 106-0S-S05L,,,55.8,TND,En Stock,,https://autopart.tn/fiche/stabilisateur-chassis-274/ashika-257/106-0s-s05l-18643.html,https://autopart.tn/pieces/257/106-0S-S05L_1.webp,Biellette suspension ASHIKA 106-0S-S05L,"Endroit d'assemblage: Essieu avant gauche | Longueur [mm]: 204 mm | Diamètre intérieur [mm]: 12 mm | Dimension du filetage extérieur: M10 x 1,25 | Longueur du filetage [mm]: 64,5 mm | Barre/montant: Barre d'accouplement","{""Endroit d'assemblage"":""Essieu avant gauche"",""Longueur [mm]"":""204 mm"",""Diamètre intérieur [mm]"":""12 mm"",""Dimension du filetage extérieur"":""M10 x 1,25"",""Longueur du filetage [mm]"":""64,5 mm"",""Barre/montant"":""Barre d'accouplement""}","[""https://autopart.tn/pieces/257/106-0S-S05L_1.webp""]",2026-07-17T02:40:18.886Z,2026-07-17T02:40:18.886Z,active,False
autopart.tn:19103,autopart.tn,ASHIKA,30-ECO081,Filtre à carburant ASHIKA 30-ECO081,2247634000.0,,33.4,TND,En Stock,,https://autopart.tn/fiche/filtre-a-carburant-9/ashika-257/30-eco081-19103.html,https://autopart.tn/pieces/257/30-ECO081_1.webp,Filtre à carburant ASHIKA 30-ECO081,"Longueur [mm]: 99 mm | Diamètre extérieur [mm]: 84,5 mm | Diamètre intérieur [mm]: 9,5 mm | pour référence: 30-0S-S04 | Type de filtre: Filtre de conduite | pour numéro OE: 2247634000","{""Longueur [mm]"":""99 mm"",""Diamètre extérieur [mm]"":""84,5 mm"",""Diamètre intérieur [mm]"":""9,5 mm"",""pour référence"":""30-0S-S04"",""Type de filtre"":""Filtre de conduite"",""pour numéro OE"":""2247634000""}","[""https://autopart.tn/pieces/257/30-ECO081_1.webp""]",2026-07-17T03:08:56.169Z,2026-07-17T03:08:56.169Z,active,False
autopart.tn:19673,autopart.tn,ASHIKA,50-0H-H14,Kit de plaquettes de frein ASHIKA 50-0H-H14,581010WA00,,61.6,TND,En Stock,,https://autopart.tn/fiche/kit-de-plaquettes-de-frein-frein-a-disque-402/ashika-257/50-0h-h14-19673.html,https://autopart.tn/pieces/257/50-0H-H14_1.webp,Kit de plaquettes de frein ASHIKA 50-0H-H14,"Endroit d'assemblage: Essieu avant | Type de freinage: Frein à disque | Longueur [mm]: 156,2 mm | Hauteur [mm]: 61 mm | Épaisseur [mm]: 17 mm | numéro WVA: 24352, 24569, 24568 | Marque de conformité: ECE R90 APPROVED | pour numéro OE: 581010WA00 | Système de freinage: MANDO","{""Endroit d'assemblage"":""Essieu avant"",""Type de freinage"":""Frein à disque"",""Longueur [mm]"":""156,2 mm"",""Hauteur [mm]"":""61 mm"",""Épaisseur [mm]"":""17 mm"",""numéro WVA"":""24352, 24569, 24568"",""Marque de conformité"":""ECE R90 APPROVED"",""pour numéro OE"":""581010WA00"",""Système de freinage"":""MANDO""}","[""https://autopart.tn/pieces/257/50-0H-H14_1.webp""]",2026-07-17T02:51:39.092Z,2026-07-17T02:51:39.092Z,active,False
autopart.tn:20131,autopart.tn,ASHIKA,61-0S-S04,Jeu de 2 Disques de frein ASHIKA 61-0S-S04,,,334.6,TND,En Stock,,https://autopart.tn/fiche/disque-de-frein-82/ashika-257/61-0s-s04-20131.html,https://autopart.tn/pieces/257/61-0S-S04_1.webp,Jeu de 2 Disques de frein ASHIKA 61-0S-S04,Endroit d'assemblage: Essieu arrière | Ø [mm]: 67 mm | Hauteur [mm]: 63 mm | Diamètre extérieur [mm]: 262 mm | Épaisseur du disque de frein [mm]: 10 mm | Épaisseur minimum [mm]: 8 mm | Nombre d'alésages: 5 | Type de disque de frein: plein | Marque de conformité: ECE R90 APPROVED,"{""Endroit d'assemblage"":""Essieu arrière"",""Ø [mm]"":""67 mm"",""Hauteur [mm]"":""63 mm"",""Diamètre extérieur [mm]"":""262 mm"",""Épaisseur du disque de frein [mm]"":""10 mm"",""Épaisseur minimum [mm]"":""8 mm"",""Nombre d'alésages"":""5"",""Type de disque de frein"":""plein"",""Marque de conformité"":""ECE R90 APPROVED""}","[""https://autopart.tn/pieces/257/61-0S-S04_1.webp""]",2026-07-17T02:47:04.390Z,2026-07-17T02:47:04.390Z,active,False
autopart.tn:23856,autopart.tn,ASHIKA,60-0S-S06C,Jeu de 2 Disques de frein ASHIKA 60-0S-S06C,4144134000.0,,432.2,TND,En Stock,,https://autopart.tn/fiche/disque-de-frein-82/ashika-257/60-0s-s06c-23856.html,https://autopart.tn/pieces/257/60-0S-S06C_1.webp,Jeu de 2 Disques de frein ASHIKA 60-0S-S06C,Endroit d'assemblage: Essieu avant | Ø [mm]: 67 mm | Hauteur [mm]: 46 mm | Diamètre extérieur [mm]: 298 mm | Épaisseur du disque de frein [mm]: 26 mm | Épaisseur minimum [mm]: 24 mm | Nombre d'alésages: 5 | Type de disque de frein: ventilé | Marque de conformité: ECE R90 APPROVED | Surface: peint | pour numéro OE: 4144134000,"{""Endroit d'assemblage"":""Essieu avant"",""Ø [mm]"":""67 mm"",""Hauteur [mm]"":""46 mm"",""Diamètre extérieur [mm]"":""298 mm"",""Épaisseur du disque de frein [mm]"":""26 mm"",""Épaisseur minimum [mm]"":""24 mm"",""Nombre d'alésages"":""5"",""Type de disque de frein"":""ventilé"",""Marque de conformité"":""ECE R90 APPROVED"",""Surface"":""peint"",""pour numéro OE"":""4144134000""}","[""https://autopart.tn/pieces/257/60-0S-S06C_1.webp""]",2026-07-17T03:16:07.998Z,2026-07-17T03:16:07.998Z,active,False
autopart.tn:19220,autopart.tn,ASHIKA,35-0S-S03,Pompe à eau ASHIKA 35-0S-S03,,,203.7,TND,En Stock,,https://autopart.tn/fiche/pompe-a-eau-1260/ashika-257/35-0s-s03-19220.html,https://autopart.tn/pieces/257/35-0S-S03_1.webp,Pompe à eau ASHIKA 35-0S-S03,Hauteur de construction [mm]: 96 mm | Diamètre [mm]: 105 mm,"{""Hauteur de construction [mm]"":""96 mm"",""Diamètre [mm]"":""105 mm""}","[""https://autopart.tn/pieces/257/35-0S-S03_1.webp""]",2026-07-17T03:17:39.700Z,2026-07-17T03:17:39.700Z,active,False
autopart.tn:1747,autopart.tn,METELLI,22-0252-0,Kit de plaquettes de frein METELLI 22-0252-0,,,116.5,TND,En Stock,,https://autopart.tn/fiche/kit-de-plaquettes-de-frein-frein-a-disque-402/metelli-121/22-0252-0-1747.html,https://autopart.tn/pieces/121/22-0252-0_1.webp,Kit de plaquettes de frein METELLI 22-0252-0,remplit la norme CEE: Approved | épaisseur / grosseur 1: 20 mm | Vibration: avec amortisseur de vibrations | Indicateur d'usure: préparé pour indicateur d'usure,"{""remplit la norme CEE"":""Approved"",""épaisseur / grosseur 1"":""20 mm"",""Vibration"":""avec amortisseur de vibrations"",""Indicateur d'usure"":""préparé pour indicateur d'usure""}","[""https://autopart.tn/pieces/121/22-0252-0_1.webp""]",2026-07-17T02:49:30.821Z,2026-07-17T02:49:30.821Z,active,False
autopart.tn:1930,autopart.tn,TRUSTING,052.117K,"Jeu de mâchoires de frein, frein de stationnement TRUSTING 052.117K",,,76.5,TND,En Stock,,https://autopart.tn/fiche/jeu-de-machoires-de-frein-frein-de-stationnement-1419/trusting-199/052-117k-1930.html,https://autopart.tn/pieces/199/052.117K_1.webp,"Jeu de mâchoires de frein, frein de stationnement TRUSTING 052.117K",Marque de conformité: Approved | Diam. int. tambour frein [mm]: 164 mm | Largeur [mm]: 20 mm,"{""Marque de conformité"":""Approved"",""Diam. int. tambour frein [mm]"":""164 mm"",""Largeur [mm]"":""20 mm""}","[""https://autopart.tn/pieces/199/052.117K_1.webp""]",2026-07-17T02:49:42.549Z,2026-07-17T02:49:42.549Z,active,False
autopart.tn:23376,autopart.tn,KAMOKA,F302001,Filtre à carburant KAMOKA F302001,,,16.4,TND,En Stock,,https://autopart.tn/fiche/filtre-a-carburant-9/kamoka-185/f302001-23376.html,https://autopart.tn/pieces/185/F302001_1.webp,Filtre à carburant KAMOKA F302001,Type de filtre: Cartouche filtrante | Type de carburant: Diesel | Hauteur [mm]: 73 mm | Diamètre extérieur [mm]: 84 mm | Diamètre intérieur 1 [mm]: 19 mm | Diamètre intérieur 2 [mm]: 17 mm,"{""Type de filtre"":""Cartouche filtrante"",""Type de carburant"":""Diesel"",""Hauteur [mm]"":""73 mm"",""Diamètre extérieur [mm]"":""84 mm"",""Diamètre intérieur 1 [mm]"":""19 mm"",""Diamètre intérieur 2 [mm]"":""17 mm""}","[""https://autopart.tn/pieces/185/F302001_1.webp""]",2026-07-17T02:09:15.903Z,2026-07-17T02:09:15.903Z,active,False
autopart.tn:57027,autopart.tn,KAMOKA,F126801,Filtre à huile KAMOKA F126801,,,20.0,TND,En Stock,,https://autopart.tn/fiche/filtre-a-huile-7/kamoka-185/f126801-57027.html,https://autopart.tn/pieces/185/F126801_1.webp,Filtre à huile KAMOKA F126801,Type de filtre: Cartouche filtrante | Hauteur 1 [mm]: 92 mm | Hauteur [mm]: 124 mm | Diamètre extérieur [mm]: 61 mm | Diamètre intérieur 1 [mm]: 22 mm | Diamètre intérieur [mm]: 23 mm,"{""Type de filtre"":""Cartouche filtrante"",""Hauteur 1 [mm]"":""92 mm"",""Hauteur [mm]"":""124 mm"",""Diamètre extérieur [mm]"":""61 mm"",""Diamètre intérieur 1 [mm]"":""22 mm"",""Diamètre intérieur [mm]"":""23 mm""}","[""https://autopart.tn/pieces/185/F126801_1.webp""]",2026-07-17T03:08:33.751Z,2026-07-17T03:08:33.751Z,active,False
autopart.tn:49471,autopart.tn,KAVO PARTS,SO-806,Filtre à huile KAVO PARTS SO-806,,,18.8,TND,En Stock,,https://autopart.tn/fiche/filtre-a-huile-7/kavo-parts-201/so-806-49471.html,https://autopart.tn/pieces/201/SO-806_1.webp,Filtre à huile KAVO PARTS SO-806,Hauteur [mm]: 125 mm | Diamètre intérieur [mm]: 15 mm | Diamètre extérieur [mm]: 62 mm | Type de filtre: Cartouche filtrante,"{""Hauteur [mm]"":""125 mm"",""Diamètre intérieur [mm]"":""15 mm"",""Diamètre extérieur [mm]"":""62 mm"",""Type de filtre"":""Cartouche filtrante""}","[""https://autopart.tn/pieces/201/SO-806_1.webp""]",2026-07-17T02:50:28.503Z,2026-07-17T02:50:28.503Z,active,False
autopart.tn:23675,autopart.tn,ASHIKA,20-0S-S04,Filtre à air ASHIKA 20-0S-S04,2314034101.0,,28.0,TND,En Stock,,https://autopart.tn/fiche/filtre-a-air-8/ashika-257/20-0s-s04-23675.html,https://autopart.tn/pieces/257/20-0S-S04_1.webp,Filtre à air ASHIKA 20-0S-S04,Longueur [mm]: 219 mm | Largeur [mm]: 145 mm | Hauteur [mm]: 57 mm | Type de filtre: Cartouche filtrante | pour numéro OE: 2314034101,"{""Longueur [mm]"":""219 mm"",""Largeur [mm]"":""145 mm"",""Hauteur [mm]"":""57 mm"",""Type de filtre"":""Cartouche filtrante"",""pour numéro OE"":""2314034101""}","[""https://autopart.tn/pieces/257/20-0S-S04_1.webp""]",2026-07-17T02:50:41.219Z,2026-07-17T02:50:41.219Z,active,False
autopart.tn:46871,autopart.tn,KAVO PARTS,SA-9856,Filtre à air KAVO PARTS SA-9856,,,20.0,TND,En Stock,,https://autopart.tn/fiche/filtre-a-air-8/kavo-parts-201/sa-9856-46871.html,https://autopart.tn/pieces/201/SA-9856_1.webp,Filtre à air KAVO PARTS SA-9856,Longueur [mm]: 217 mm | Largeur [mm]: 145 mm | Hauteur [mm]: 57 mm | Type de filtre: Cartouche filtrante,"{""Longueur [mm]"":""217 mm"",""Largeur [mm]"":""145 mm"",""Hauteur [mm]"":""57 mm"",""Type de filtre"":""Cartouche filtrante""}","[""https://autopart.tn/pieces/201/SA-9856_1.webp""]",2026-07-17T02:50:49.116Z,2026-07-17T02:50:49.116Z,active,False
autopart.tn:82508,autopart.tn,MANDO,MMF030009,Filtre à carburant MANDO MMF030009,,,53.8,TND,En Stock,,https://autopart.tn/fiche/filtre-a-carburant-9/mando-4008/mmf030009-82508.html,https://autopart.tn/pieces/4008/MMF030009_1.webp,Filtre à carburant MANDO MMF030009,Type de filtre: Filtre vissé | Endroit d'assemblage: Dans le réservoir de carburant | Hauteur [mm]: 99 mm | Diamètre intérieur [mm]: 10 mm | Diamètre extérieur [mm]: 86 mm,"{""Type de filtre"":""Filtre vissé"",""Endroit d'assemblage"":""Dans le réservoir de carburant"",""Hauteur [mm]"":""99 mm"",""Diamètre intérieur [mm]"":""10 mm"",""Diamètre extérieur [mm]"":""86 mm""}","[""https://autopart.tn/pieces/4008/MMF030009_1.webp""]",2026-07-17T03:09:08.740Z,2026-07-17T03:09:08.740Z,active,False
autopart.tn:23701,autopart.tn,ASHIKA,21-SS-S05,Filtre habitacle ASHIKA 21-SS-S05,6811634000.0,,20.0,TND,En Stock,,https://autopart.tn/fiche/filtre-air-de-l-habitacle-424/ashika-257/21-ss-s05-23701.html,https://autopart.tn/pieces/257/21-SS-S05_1.webp,Filtre habitacle ASHIKA 21-SS-S05,Longueur [mm]: 200 mm | Largeur [mm]: 227 mm | Hauteur [mm]: 20 mm | Type de filtre: Filtre de pollens | pour numéro OE: 6811634000,"{""Longueur [mm]"":""200 mm"",""Largeur [mm]"":""227 mm"",""Hauteur [mm]"":""20 mm"",""Type de filtre"":""Filtre de pollens"",""pour numéro OE"":""6811634000""}","[""https://autopart.tn/pieces/257/21-SS-S05_1.webp""]",2026-07-17T03:09:27.501Z,2026-07-17T03:09:27.501Z,active,False
autopart.tn:46872,autopart.tn,KAVO PARTS,SC-9808,Filtre habitacle KAVO PARTS SC-9808,,,20.0,TND,En Stock,,https://autopart.tn/fiche/filtre-air-de-l-habitacle-424/kavo-parts-201/sc-9808-46872.html,https://autopart.tn/pieces/201/SC-9808_1.webp,Filtre habitacle KAVO PARTS SC-9808,Longueur [mm]: 228 mm | Largeur [mm]: 201 mm | Hauteur [mm]: 20 mm | Type de filtre: Filtre de pollens,"{""Longueur [mm]"":""228 mm"",""Largeur [mm]"":""201 mm"",""Hauteur [mm]"":""20 mm"",""Type de filtre"":""Filtre de pollens""}","[""https://autopart.tn/pieces/201/SC-9808_1.webp""]",2026-07-17T03:09:36.020Z,2026-07-17T03:09:36.020Z,active,False
autopart.tn:23809,autopart.tn,ASHIKA,51-0K-K06,Kit de plaquettes de frein ASHIKA 51-0K-K06,58302BVA05,,71.5,TND,En Stock,,https://autopart.tn/fiche/kit-de-plaquettes-de-frein-frein-a-disque-402/ashika-257/51-0k-k06-23809.html,https://autopart.tn/pieces/257/51-0K-K06_1.webp,Kit de plaquettes de frein ASHIKA 51-0K-K06,"Endroit d'assemblage: Essieu arrière | Type de freinage: Frein à disque | Longueur [mm]: 100 mm | Hauteur [mm]: 41 mm | Épaisseur [mm]: 16 mm | numéro WVA: 24934, 24935, 24936, 25337, 25338, 25339 | Marque de conformité: ECE R90 APPROVED | pour numéro OE: 58302BVA05","{""Endroit d'assemblage"":""Essieu arrière"",""Type de freinage"":""Frein à disque"",""Longueur [mm]"":""100 mm"",""Hauteur [mm]"":""41 mm"",""Épaisseur [mm]"":""16 mm"",""numéro WVA"":""24934, 24935, 24936, 25337, 25338, 25339"",""Marque de conformité"":""ECE R90 APPROVED"",""pour numéro OE"":""58302BVA05""}","[""https://autopart.tn/pieces/257/51-0K-K06_1.webp""]",2026-07-17T01:38:51.160Z,2026-07-17T01:38:51.160Z,active,False
autopart.tn:46897,autopart.tn,KAVO PARTS,KBP-3025,Kit de plaquettes de frein KAVO PARTS KBP-3025,,,79.0,TND,En Stock,,https://autopart.tn/fiche/kit-de-plaquettes-de-frein-frein-a-disque-402/kavo-parts-201/kbp-3025-46897.html,https://autopart.tn/pieces/201/KBP-3025_1.webp,Kit de plaquettes de frein KAVO PARTS KBP-3025,"Épaisseur [mm]: 14,8 mm | Marque de conformité: R90 | Largeur [mm]: 100 mm | Hauteur [mm]: 41 mm | Indicateur d'usure: avec indicateur d'usure","{""Épaisseur [mm]"":""14,8 mm"",""Marque de conformité"":""R90"",""Largeur [mm]"":""100 mm"",""Hauteur [mm]"":""41 mm"",""Indicateur d'usure"":""avec indicateur d'usure""}","[""https://autopart.tn/pieces/201/KBP-3025_1.webp""]",2026-07-17T03:10:10.013Z,2026-07-17T03:10:10.013Z,active,False
autopart.tn:46839,autopart.tn,KAVO PARTS,KBP-3023,Kit de plaquettes de frein KAVO PARTS KBP-3023,,,96.1,TND,En Stock,,https://autopart.tn/fiche/kit-de-plaquettes-de-frein-frein-a-disque-402/kavo-parts-201/kbp-3023-46839.html,https://autopart.tn/pieces/201/KBP-3023_1.webp,Kit de plaquettes de frein KAVO PARTS KBP-3023,"Épaisseur [mm]: 16,5 mm | Marque de conformité: R90 | Largeur [mm]: 158 mm | Hauteur [mm]: 60,8 mm | Indicateur d'usure: avec indicateur d'usure","{""Épaisseur [mm]"":""16,5 mm"",""Marque de conformité"":""R90"",""Largeur [mm]"":""158 mm"",""Hauteur [mm]"":""60,8 mm"",""Indicateur d'usure"":""avec indicateur d'usure""}","[""https://autopart.tn/pieces/201/KBP-3023_1.webp""]",2026-07-17T03:10:02.558Z,2026-07-17T03:10:02.558Z,active,False
autopart.tn:46219,autopart.tn,METELLI,22-1031-0,Kit de plaquettes de frein METELLI 22-1031-0,,,116.5,TND,En Stock,,https://autopart.tn/fiche/kit-de-plaquettes-de-frein-frein-a-disque-402/metelli-121/22-1031-0-46219.html,https://autopart.tn/pieces/121/22-1031-0_1.webp,Kit de plaquettes de frein METELLI 22-1031-0,Marque de conformité: ECE-R90 | Version d'équipement: con/with Shim | Indicateur d'usure: avec indicateur d'usure | épaisseur / grosseur 1: 17 mm,"{""Marque de conformité"":""ECE-R90"",""Version d'équipement"":""con/with Shim"",""Indicateur d'usure"":""avec indicateur d'usure"",""épaisseur / grosseur 1"":""17 mm""}","[""https://autopart.tn/pieces/121/22-1031-0_1.webp""]",2026-07-17T03:15:24.805Z,2026-07-17T03:15:24.805Z,active,False
autopart.tn:41547,autopart.tn,TRW,GDB3494,Kit de plaquettes de frein TRW GDB3494,,,115.3,TND,En Stock,,https://autopart.tn/fiche/kit-de-plaquettes-de-frein-frein-a-disque-402/trw-161/gdb3494-41547.html,https://autopart.tn/pieces/161/GDB3494_1.webp,Kit de plaquettes de frein TRW GDB3494,"Montage d'origine: AKEBONO | Largeur [mm]: 99,8 mm | Hauteur [mm]: 41,2 mm | Épaisseur [mm]: 15,5 mm | Indicateur d'usure: avec indicateur d'usure | Marque de conformité: E9 90R - 01120/2689","{""Montage d'origine"":""AKEBONO"",""Largeur [mm]"":""99,8 mm"",""Hauteur [mm]"":""41,2 mm"",""Épaisseur [mm]"":""15,5 mm"",""Indicateur d'usure"":""avec indicateur d'usure"",""Marque de conformité"":""E9 90R - 01120/2689""}","[""https://autopart.tn/pieces/161/GDB3494_1.webp""]",2026-07-17T03:15:48.461Z,2026-07-17T03:15:48.461Z,active,False
autopart.tn:20130,autopart.tn,ASHIKA,61-0S-S03C,Jeu de 2 Disques de frein ASHIKA 61-0S-S03C,4840134100.0,,262.2,TND,En Stock,,https://autopart.tn/fiche/disque-de-frein-82/ashika-257/61-0s-s03c-20130.html,https://autopart.tn/pieces/257/61-0S-S03C_1.webp,Jeu de 2 Disques de frein ASHIKA 61-0S-S03C,Endroit d'assemblage: Essieu arrière | Ø [mm]: 67 mm | Hauteur [mm]: 58 mm | Diamètre extérieur [mm]: 284 mm | Épaisseur du disque de frein [mm]: 10 mm | Épaisseur minimum [mm]: 8 mm | Nombre d'alésages: 5 | Type de disque de frein: plein | Marque de conformité: ECE R90 APPROVED | Surface: peint | pour numéro OE: 4840134100,"{""Endroit d'assemblage"":""Essieu arrière"",""Ø [mm]"":""67 mm"",""Hauteur [mm]"":""58 mm"",""Diamètre extérieur [mm]"":""284 mm"",""Épaisseur du disque de frein [mm]"":""10 mm"",""Épaisseur minimum [mm]"":""8 mm"",""Nombre d'alésages"":""5"",""Type de disque de frein"":""plein"",""Marque de conformité"":""ECE R90 APPROVED"",""Surface"":""peint"",""pour numéro OE"":""4840134100""}","[""https://autopart.tn/pieces/257/61-0S-S03C_1.webp""]",2026-07-17T03:16:00.156Z,2026-07-17T03:16:00.156Z,active,False
autopart.tn:19921,autopart.tn,ASHIKA,55-0S-S03,"Jeu de mâchoires de frein, frein de stationnement ASHIKA 55-0S-S03",,,113.6,TND,En Stock,,https://autopart.tn/fiche/jeu-de-machoires-de-frein-frein-de-stationnement-1419/ashika-257/55-0s-s03-19921.html,https://autopart.tn/pieces/257/55-0S-S03_1.webp,"Jeu de mâchoires de frein, frein de stationnement ASHIKA 55-0S-S03",Endroit d'assemblage: Essieu arrière | Diamètre [mm]: 170 mm | Largeur [mm]: 26 mm,"{""Endroit d'assemblage"":""Essieu arrière"",""Diamètre [mm]"":""170 mm"",""Largeur [mm]"":""26 mm""}","[""https://autopart.tn/pieces/257/55-0S-S03_1.webp""]",2026-07-17T01:39:59.237Z,2026-07-17T01:39:59.237Z,active,False
autopart.tn:65818,autopart.tn,ASHIKA,128-0S-S03,Tendeur courroie ASHIKA 128-0S-S03,,,206.2,TND,En Stock,,https://autopart.tn/fiche/tendeur-courroie-trapezoidale-a-nervures-540/ashika-257/128-0s-s03-65818.html,https://autopart.tn/pieces/257/128-0S-S03_1.webp,Tendeur courroie ASHIKA 128-0S-S03,Diamètre [mm]: 70 mm | Hauteur [mm]: 26 mm,"{""Diamètre [mm]"":""70 mm"",""Hauteur [mm]"":""26 mm""}","[""https://autopart.tn/pieces/257/128-0S-S03_1.webp""]",2026-07-17T02:52:59.761Z,2026-07-17T02:52:59.761Z,active,False
autopart.tn:86124,autopart.tn,Amadini,GZ055,Bougie de préchauffage Amadini GZ055,,,34.4,TND,En Stock,,https://autopart.tn/fiche/bougie-de-prechauffage-243/amadini-10008/gz055-86124.html,https://autopart.tn/pieces/10008/GZ055_1.webp,Bougie de préchauffage Amadini GZ055,"Version de bougie de préchauffage: Bougie de préchauffage monopolaire, capable à l'incandescence résiduelle | Voltage [V]: 4,4 V | Filetage: M 10 x 1,25 | Montée conique: 123 | Ouverture de la clé: 9 | Couple de serrage de [Nm]: 10 Nm, jusqu'à 15 Nm | Type de raccord: PIN | Profondeur de position [mm]: 26 mm","{""Version de bougie de préchauffage"":""Bougie de préchauffage monopolaire, capable à l'incandescence résiduelle"",""Voltage [V]"":""4,4 V"",""Filetage"":""M 10 x 1,25"",""Montée conique"":""123"",""Ouverture de la clé"":""9"",""Couple de serrage de [Nm]"":""10 Nm, jusqu'à 15 Nm"",""Type de raccord"":""PIN"",""Profondeur de position [mm]"":""26 mm""}","[""https://autopart.tn/pieces/10008/GZ055_1.webp""]",2026-07-17T02:53:23.592Z,2026-07-17T02:53:23.592Z,active,False
autopart.tn:44666,autopart.tn,VALEO,836269,Volant moteur VALEO 836269,,,1885.5,TND,En Stock,,https://autopart.tn/fiche/volant-moteur-577/valeo-21/836269-44666.html,https://autopart.tn/pieces/21/836269_1.webp,Volant moteur VALEO 836269,"Équipement moteur: pour moteurs avec volant bimasse | Diamètre extérieur [mm]: 303 mm | Poids [kg]: 14,3 kg","{""Équipement moteur"":""pour moteurs avec volant bimasse"",""Diamètre extérieur [mm]"":""303 mm"",""Poids [kg]"":""14,3 kg""}","[""https://autopart.tn/pieces/21/836269_1.webp""]",2026-07-17T02:53:34.253Z,2026-07-17T02:53:34.253Z,active,False
autopart.tn:32557,autopart.tn,AS-PL,A9298S,Alternateur AS-PL A9298S,,,745.5,TND,En Stock,,https://autopart.tn/fiche/alternateur-4/as-pl-4843/a9298s-32557.html,https://autopart.tn/pieces/4843/A9298S_1.webp,Alternateur AS-PL A9298S,"Poulies: avec poulie débrayable | Longueur 1 [mm]: 35 mm | Longueur 2 [mm]: 14 mm | Longueur 3 [mm]: 56,5 mm | Voltage [V]: 12 V","{""Poulies"":""avec poulie débrayable"",""Longueur 1 [mm]"":""35 mm"",""Longueur 2 [mm]"":""14 mm"",""Longueur 3 [mm]"":""56,5 mm"",""Voltage [V]"":""12 V""}","[""https://autopart.tn/pieces/4843/A9298S_1.webp""]",2026-07-17T03:17:51.555Z,2026-07-17T03:17:51.555Z,active,False
autopart.tn:39963,autopart.tn,INA,535 0249 10,"Poulie roue libre, alternateur INA 535 0249 10",,,187.9,TND,En Stock,,https://autopart.tn/fiche/poulie-roue-libre-alternateur-1390/ina-204/535-0249-10-39963.html,,"Poulie roue libre, alternateur INA 535 0249 10",fabricant: F-563788.XX | Article complémentaire / Info complémentaire 2: Outillage spécialisé nécessaire pour le montage,"{""fabricant"":""F-563788.XX"",""Article complémentaire / Info complémentaire 2"":""Outillage spécialisé nécessaire pour le montage""}",[],2026-07-17T02:53:56.857Z,2026-07-17T02:53:56.857Z,active,False
autopart.tn:41913,autopart.tn,BOSCH,3 397 118 907,Balai d'essuie-glace BOSCH 3 397 118 907,,,122.3,TND,En Stock,,https://autopart.tn/fiche/balai-d-essuie-glace-298/bosch-30/3-397-118-907-41913.html,,Balai d'essuie-glace BOSCH 3 397 118 907,Endroit d'assemblage: avant | Unité quantitative: Kit | Longueur 1 [mm]: 600 mm | Longueur 2 [mm]: 400 mm | glace: Balai d'essuie-glace plat | Véhicule avec direction à gauche ou à droite: pour véhicules avec direction à gauche,"{""Endroit d'assemblage"":""avant"",""Unité quantitative"":""Kit"",""Longueur 1 [mm]"":""600 mm"",""Longueur 2 [mm]"":""400 mm"",""glace"":""Balai d'essuie-glace plat"",""Véhicule avec direction à gauche ou à droite"":""pour véhicules avec direction à gauche""}",[],2026-07-17T03:18:04.253Z,2026-07-17T03:18:04.253Z,active,False
autopart.tn:2785,autopart.tn,KAMOKA,27M400,Balai d'essuie-glace KAMOKA 27M400,,,20.4,TND,En Stock,,https://autopart.tn/fiche/balai-d-essuie-glace-298/kamoka-185/27m400-2785.html,https://autopart.tn/pieces/185/27M400_1.webp,Balai d'essuie-glace KAMOKA 27M400,glace: Balai d'essuie-glace plat | Styling: avec spoiler | Longueur [mm]: 400 mm | Endroit d'assemblage: avant,"{""glace"":""Balai d'essuie-glace plat"",""Styling"":""avec spoiler"",""Longueur [mm]"":""400 mm"",""Endroit d'assemblage"":""avant""}","[""https://autopart.tn/pieces/185/27M400_1.webp""]",2026-07-17T03:18:10.614Z,2026-07-17T03:18:10.614Z,active,False
autopart.tn:2789,autopart.tn,KAMOKA,27M600,Balai d'essuie-glace KAMOKA 27M600,,,30.8,TND,En Stock,,https://autopart.tn/fiche/balai-d-essuie-glace-298/kamoka-185/27m600-2789.html,https://autopart.tn/pieces/185/27M600_1.webp,Balai d'essuie-glace KAMOKA 27M600,glace: Balai d'essuie-glace plat | Styling: avec spoiler | Longueur [mm]: 600 mm | Endroit d'assemblage: avant,"{""glace"":""Balai d'essuie-glace plat"",""Styling"":""avec spoiler"",""Longueur [mm]"":""600 mm"",""Endroit d'assemblage"":""avant""}","[""https://autopart.tn/pieces/185/27M600_1.webp""]",2026-07-17T03:18:18.824Z,2026-07-17T03:18:18.824Z,active,False
autopart.tn:2764,autopart.tn,KAMOKA,27E09,Balai d'essuie-glace KAMOKA 27E09,,,60.2,TND,En Stock,,https://autopart.tn/fiche/balai-d-essuie-glace-298/kamoka-185/27e09-2764.html,https://autopart.tn/pieces/185/27E09_1.webp,Balai d'essuie-glace KAMOKA 27E09,Unité quantitative: Kit | Véhicule avec direction à gauche ou à droite: pour véhicules avec direction à gauche | Endroit d'assemblage: avant | Longueur 1 [mm]: 600 mm | Longueur 2 [mm]: 400 mm,"{""Unité quantitative"":""Kit"",""Véhicule avec direction à gauche ou à droite"":""pour véhicules avec direction à gauche"",""Endroit d'assemblage"":""avant"",""Longueur 1 [mm]"":""600 mm"",""Longueur 2 [mm]"":""400 mm""}","[""https://autopart.tn/pieces/185/27E09_1.webp""]",2026-07-17T03:05:50.693Z,2026-07-17T03:05:50.693Z,active,False
autopart.tn:72237,autopart.tn,VALEO,576072,Balai d'essuie-glace VALEO 576072,,,28.6,TND,En Stock,,https://autopart.tn/fiche/balai-d-essuie-glace-298/valeo-21/576072-72237.html,https://autopart.tn/pieces/21/576072_1.webp,Balai d'essuie-glace VALEO 576072,Quantité: 1 | Longueur [mm]: 16 Pouce | Adaptateur conforme: U | Styling: avec spoiler,"{""Quantité"":""1"",""Longueur [mm]"":""16 Pouce"",""Adaptateur conforme"":""U"",""Styling"":""avec spoiler""}","[""https://autopart.tn/pieces/21/576072_1.webp""]",2026-07-17T03:06:10.633Z,2026-07-17T03:06:10.633Z,active,False
autopart.tn:86582,autopart.tn,SKF,VKJP 01001,"Soufflet, arbre de commande SKF VKJP 01001",,,62.0,TND,En Stock,,https://autopart.tn/fiche/jeu-de-joints-soufflets-arbre-de-commande-194/skf-50/vkjp-01001-86582.html,,"Soufflet, arbre de commande SKF VKJP 01001",Type de joint: Joint de cardan | Article complémentaire / Info complémentaire 2: avec colliers | Hauteur [mm]: 146 mm | Diamètre intérieur 1 [mm]: 22 mm | Diamètre intérieur 2 [mm]: 86 mm,"{""Type de joint"":""Joint de cardan"",""Article complémentaire / Info complémentaire 2"":""avec colliers"",""Hauteur [mm]"":""146 mm"",""Diamètre intérieur 1 [mm]"":""22 mm"",""Diamètre intérieur 2 [mm]"":""86 mm""}",[],2026-07-17T03:06:25.844Z,2026-07-17T03:06:25.844Z,active,False
autopart.tn:85104,autopart.tn,Total Energies,5W30 INEO MC3 FR 5L,Huile moteur Total Energies 5W30 INEO MC3 FR 5L,,,135.0,TND,En Stock,,https://autopart.tn/fiche/huile-moteur-3224/total-energies-7717/5w30-ineo-mc3-fr-5l-85104.html,https://autopart.tn/pieces/7717/213698_1.webp,Huile moteur Total Energies 5W30 INEO MC3 FR 5L,"Capacité [litres]: 5 I | Spécification par l'ACEA: C3 | API Spécification: CF | Autorisation du fabricant: BMW LL-04, KIA ENGINE OIL, MB-APPROVAL 229.52, OV 040 1547 - D30, OV 040 1547 - | Grade de viscosité SAE: 5W-30 | Spécification: API SN PLUS | Recommandation du fabricant d'huile: CHRYSLER MS-11106, FIAT 9.55535-S3, HYUNDAI MOTORS, VW 505.01","{""Capacité [litres]"":""5 I"",""Spécification par l'ACEA"":""C3"",""API Spécification"":""CF"",""Autorisation du fabricant"":""BMW LL-04, KIA ENGINE OIL, MB-APPROVAL 229.52, OV 040 1547 - D30, OV 040 1547 -"",""Grade de viscosité SAE"":""5W-30"",""Spécification"":""API SN PLUS"",""Recommandation du fabricant d'huile"":""CHRYSLER MS-11106, FIAT 9.55535-S3, HYUNDAI MOTORS, VW 505.01""}","[""https://autopart.tn/pieces/7717/213698_1.webp""]",2026-07-17T03:07:18.011Z,2026-07-17T03:07:18.011Z,active,False
autopart.tn:64779,autopart.tn,CASTROL,75W90 Transmax Manual 1L,Huile pour boîte de vitesses et pont CASTROL 75W90 Transmax Manual 1L,,,61.9,TND,En Stock,,https://autopart.tn/fiche/huile-pour-boite-de-vitesses-3225/castrol-207/75w90-transmax-manual-1l-64779.html,https://autopart.tn/pieces/207/15D700_1.webp,Huile pour boîte de vitesses et pont CASTROL 75W90 Transmax Manual 1L,Huile: Huile synthétique | Nombre SAE: 75W-90 | Type d'emballage: Bouteille | Capacité [litres]: 1 I | Grade de viscosité SAE: 75W-90 | Autorisation du fabricant: VW 501 50 | Spécification: API Other GL-4+,"{""Huile"":""Huile synthétique"",""Nombre SAE"":""75W-90"",""Type d'emballage"":""Bouteille"",""Capacité [litres]"":""1 I"",""Grade de viscosité SAE"":""75W-90"",""Autorisation du fabricant"":""VW 501 50"",""Spécification"":""API Other GL-4+""}","[""https://autopart.tn/pieces/207/15D700_1.webp""]",2026-07-17T01:09:59.198Z,2026-07-17T01:09:59.198Z,active,False
autopart.tn:18680,autopart.tn,ASHIKA,10-ECO105,Filtre à huile ASHIKA 10-ECO105,6711803009.0,,20.5,TND,En Stock,,https://autopart.tn/fiche/filtre-a-huile-7/ashika-257/10-eco105-18680.html,https://autopart.tn/pieces/257/10-ECO105_1.webp,Filtre à huile ASHIKA 10-ECO105,Type de filtre: Cartouche filtrante | Longueur [mm]: 125 mm | Diamètre extérieur [mm]: 62 mm | Diamètre intérieur 1 [mm]: 25 mm | Diamètre de montage [mm]: 23 mm | pour numéro OE: 6711803009,"{""Type de filtre"":""Cartouche filtrante"",""Longueur [mm]"":""125 mm"",""Diamètre extérieur [mm]"":""62 mm"",""Diamètre intérieur 1 [mm]"":""25 mm"",""Diamètre de montage [mm]"":""23 mm"",""pour numéro OE"":""6711803009""}","[""https://autopart.tn/pieces/257/10-ECO105_1.webp""]",2026-07-17T03:08:16.621Z,2026-07-17T03:08:16.621Z,active,False
autopart.tn:18688,autopart.tn,ASHIKA,10-ECO137,Filtre à huile ASHIKA 10-ECO137,1721803009.0,,20.3,TND,En Stock,,https://autopart.tn/fiche/filtre-a-huile-7/ashika-257/10-eco137-18688.html,https://autopart.tn/pieces/257/10-ECO137_1.webp,Filtre à huile ASHIKA 10-ECO137,Longueur [mm]: 99 mm | Diamètre extérieur [mm]: 62 mm | Diamètre intérieur [mm]: 25 mm | Diamètre intérieur 1 [mm]: 18 mm | Type de filtre: Cartouche filtrante | pour numéro OE: 1721803009,"{""Longueur [mm]"":""99 mm"",""Diamètre extérieur [mm]"":""62 mm"",""Diamètre intérieur [mm]"":""25 mm"",""Diamètre intérieur 1 [mm]"":""18 mm"",""Type de filtre"":""Cartouche filtrante"",""pour numéro OE"":""1721803009""}","[""https://autopart.tn/pieces/257/10-ECO137_1.webp""]",2026-07-16T18:18:52.951Z,2026-07-16T18:18:52.951Z,active,False
autopart.tn:57697,autopart.tn,KAVO PARTS,SF-986,Filtre à carburant KAVO PARTS SF-986,,,31.2,TND,En Stock,,https://autopart.tn/fiche/filtre-a-carburant-9/kavo-parts-201/sf-986-57697.html,https://autopart.tn/pieces/201/SF-986_1.webp,Filtre à carburant KAVO PARTS SF-986,Hauteur [mm]: 101 mm | Type de filtre: Filtre de conduite | Diamètre extérieur 1 [mm]: 85 mm | Diamètre extérieur 2 [mm]: 94 mm,"{""Hauteur [mm]"":""101 mm"",""Type de filtre"":""Filtre de conduite"",""Diamètre extérieur 1 [mm]"":""85 mm"",""Diamètre extérieur 2 [mm]"":""94 mm""}","[""https://autopart.tn/pieces/201/SF-986_1.webp""]",2026-07-17T03:09:01.882Z,2026-07-17T03:09:01.882Z,active,False
autopart.tn:78238,autopart.tn,NIPPARTS,N1330405,Filtre à carburant NIPPARTS N1330405,,,53.6,TND,En Stock,,https://autopart.tn/fiche/filtre-a-carburant-9/nipparts-248/n1330405-78238.html,https://autopart.tn/pieces/248/N1330405_1.webp,Filtre à carburant NIPPARTS N1330405,Type de filtre: Cartouche filtrante | Hauteur [mm]: 101 mm | Diamètre intérieur [mm]: 9 mm | Diamètre extérieur [mm]: 85 mm,"{""Type de filtre"":""Cartouche filtrante"",""Hauteur [mm]"":""101 mm"",""Diamètre intérieur [mm]"":""9 mm"",""Diamètre extérieur [mm]"":""85 mm""}","[""https://autopart.tn/pieces/248/N1330405_1.webp""]",2026-07-17T03:09:15.500Z,2026-07-17T03:09:15.500Z,active,False
autopart.tn:88175,autopart.tn,BOSCH,0 986 494 227,Kit de plaquettes de frein BOSCH 0 986 494 227,,,162.9,TND,En Stock,,https://autopart.tn/fiche/kit-de-plaquettes-de-frein-frein-a-disque-402/bosch-30/0-986-494-227-88175.html,,Kit de plaquettes de frein BOSCH 0 986 494 227,"Indicateur d'usure: avec indicateur d'usure | Article complémentaire / Info complémentaire 2: avec tôle anti-bruit | article de l'accessoire recommandé: 1 987 474 454 | Matériel: Low-Metallic | Marque de conformité: ECE-R90 | numéro WVA: 24351 | Épaisseur [mm]: 16,9 mm | Largeur [mm]: 156,7 mm | Hauteur [mm]: 61 mm","{""Indicateur d'usure"":""avec indicateur d'usure"",""Article complémentaire / Info complémentaire 2"":""avec tôle anti-bruit"",""article de l'accessoire recommandé"":""1 987 474 454"",""Matériel"":""Low-Metallic"",""Marque de conformité"":""ECE-R90"",""numéro WVA"":""24351"",""Épaisseur [mm]"":""16,9 mm"",""Largeur [mm]"":""156,7 mm"",""Hauteur [mm]"":""61 mm""}",[],2026-07-17T03:09:56.104Z,2026-07-17T03:09:56.104Z,active,False
autopart.tn:78401,autopart.tn,NIPPARTS,N3605051,Kit de plaquettes de frein NIPPARTS N3605051,,,123.8,TND,En Stock,,https://autopart.tn/fiche/kit-de-plaquettes-de-frein-frein-a-disque-402/nipparts-248/n3605051-78401.html,https://autopart.tn/pieces/248/N3605051_1.webp,Kit de plaquettes de frein NIPPARTS N3605051,"Endroit d'assemblage: Essieu avant | Épaisseur [mm]: 16,4 mm | Marque de conformité: ECE R90 APPROVED | Largeur [mm]: 60,7 mm | Hauteur [mm]: 156,7 mm","{""Endroit d'assemblage"":""Essieu avant"",""Épaisseur [mm]"":""16,4 mm"",""Marque de conformité"":""ECE R90 APPROVED"",""Largeur [mm]"":""60,7 mm"",""Hauteur [mm]"":""156,7 mm""}","[""https://autopart.tn/pieces/248/N3605051_1.webp""]",2026-07-17T03:15:35.277Z,2026-07-17T03:15:35.277Z,active,False
autopart.tn:78404,autopart.tn,NIPPARTS,N3610311,Kit de plaquettes de frein NIPPARTS N3610311,,,80.2,TND,En Stock,,https://autopart.tn/fiche/kit-de-plaquettes-de-frein-frein-a-disque-402/nipparts-248/n3610311-78404.html,https://autopart.tn/pieces/248/N3610311_1.webp,Kit de plaquettes de frein NIPPARTS N3610311,"Endroit d'assemblage: Essieu arrière | Épaisseur [mm]: 14,9 mm | Marque de conformité: ECE R90 APPROVED | Largeur [mm]: 41,1 mm | Hauteur [mm]: 99,8 mm | Indicateur d'usure: avec indicateur d'usure","{""Endroit d'assemblage"":""Essieu arrière"",""Épaisseur [mm]"":""14,9 mm"",""Marque de conformité"":""ECE R90 APPROVED"",""Largeur [mm]"":""41,1 mm"",""Hauteur [mm]"":""99,8 mm"",""Indicateur d'usure"":""avec indicateur d'usure""}","[""https://autopart.tn/pieces/248/N3610311_1.webp""]",2026-07-17T00:59:07.795Z,2026-07-17T00:59:07.795Z,active,False
autopart.tn:19920,autopart.tn,ASHIKA,55-0S-S02,"Jeu de mâchoires de frein, frein de stationnement ASHIKA 55-0S-S02",,,113.3,TND,En Stock,,https://autopart.tn/fiche/jeu-de-machoires-de-frein-frein-de-stationnement-1419/ashika-257/55-0s-s02-19920.html,https://autopart.tn/pieces/257/55-0S-S02_1.webp,"Jeu de mâchoires de frein, frein de stationnement ASHIKA 55-0S-S02",Endroit d'assemblage: Essieu arrière | Diamètre [mm]: 190 mm | Largeur [mm]: 26 mm,"{""Endroit d'assemblage"":""Essieu arrière"",""Diamètre [mm]"":""190 mm"",""Largeur [mm]"":""26 mm""}","[""https://autopart.tn/pieces/257/55-0S-S02_1.webp""]",2026-07-17T00:59:46.724Z,2026-07-17T00:59:46.724Z,active,False
autopart.tn:88782,autopart.tn,ASHIKA,KCKS03,Kit de distribution par chaîne ASHIKA KCKS03,,,744.4,TND,En Stock,,https://autopart.tn/fiche/kit-de-distribution-par-chaine-1389/ashika-257/kcks03-88782.html,https://autopart.tn/pieces/257/KCKS03_1.webp,Kit de distribution par chaîne ASHIKA KCKS03,"Nombre de pièces [pcs]: 7 pcs | Nombre des membre de chaîne: 112, 60 | Type de chaîne: Simplex","{""Nombre de pièces [pcs]"":""7 pcs"",""Nombre des membre de chaîne"":""112, 60"",""Type de chaîne"":""Simplex""}","[""https://autopart.tn/pieces/257/KCKS03_1.webp""]",2026-07-17T00:59:58.765Z,2026-07-17T00:59:58.765Z,active,False
autopart.tn:18829,autopart.tn,ASHIKA,129-09-906,"Poulie renvoi/transmission, courroie trapézoïdale à nervures ASHIKA 129-09-906",,,82.1,TND,En Stock,,https://autopart.tn/fiche/poulie-renvoi-transmission-courroie-trapezoidale-a-nervures-312/ashika-257/129-09-906-18829.html,https://autopart.tn/pieces/257/129-09-906_1.webp,"Poulie renvoi/transmission, courroie trapézoïdale à nervures ASHIKA 129-09-906",,{},"[""https://autopart.tn/pieces/257/129-09-906_1.webp""]",2026-07-17T01:00:11.474Z,2026-07-17T01:00:11.474Z,active,False
autopart.tn:84996,autopart.tn,ASHIKA,122-0S-S01,"Poulie, vilebrequin ASHIKA 122-0S-S01",,,552.0,TND,En Stock,,https://autopart.tn/fiche/poulie-vilebrequin-3213/ashika-257/122-0s-s01-84996.html,https://autopart.tn/pieces/257/122-0S-S01_1.webp,"Poulie, vilebrequin ASHIKA 122-0S-S01","Diamètre extérieur [mm]: 172 mm | Diamètre intérieur [mm]: 33,5 mm | Nombre de gorges: 6 | Hauteur de construction [mm]: 50,5 mm","{""Diamètre extérieur [mm]"":""172 mm"",""Diamètre intérieur [mm]"":""33,5 mm"",""Nombre de gorges"":""6"",""Hauteur de construction [mm]"":""50,5 mm""}","[""https://autopart.tn/pieces/257/122-0S-S01_1.webp""]",2026-07-17T01:00:31.817Z,2026-07-17T01:00:31.817Z,active,False
autopart.tn:87884,autopart.tn,MANDO,EX4431034401,Amortisseur MANDO EX4431034401,,EX4432034401,337.7,TND,En Stock,,https://autopart.tn/fiche/amortisseur-854/mando-4008/ex4431034401-87884.html,https://autopart.tn/pieces/4008/EX4431034401_1.webp,Amortisseur MANDO EX4431034401,"Endroit d'assemblage: Essieu avant gauche | Type d'amortisseur: Pression de gaz | Modèle d'amortisseur: Jambe de suspension | Mode de serrage d'amortisseur: Goujon en haut, Collier en bas | Système d'amortisseur: Système bitube | Numéro d'article en paire: EX4432034401","{""Endroit d'assemblage"":""Essieu avant gauche"",""Type d'amortisseur"":""Pression de gaz"",""Modèle d'amortisseur"":""Jambe de suspension"",""Mode de serrage d'amortisseur"":""Goujon en haut, Collier en bas"",""Système d'amortisseur"":""Système bitube"",""Numéro d'article en paire"":""EX4432034401""}","[""https://autopart.tn/pieces/4008/EX4431034401_1.webp""]",2026-07-17T03:04:11.855Z,2026-07-17T03:04:11.855Z,active,False
autopart.tn:90023,autopart.tn,GSP,S071823,Rotule de barre de connexion GSP S071823,,,37.4,TND,En Stock,,https://autopart.tn/fiche/rotule-de-barre-de-connexion-914/gsp-373/s071823-90023.html,https://autopart.tn/pieces/373/S071823_1.webp,Rotule de barre de connexion GSP S071823,"Dimension du cône [mm]: 14 mm | Longueur [mm]: 79 mm | Taraudage/Filetage 1: M12X1,25 | Taraudage/Filetage 2: M14×1,5","{""Dimension du cône [mm]"":""14 mm"",""Longueur [mm]"":""79 mm"",""Taraudage/Filetage 1"":""M12X1,25"",""Taraudage/Filetage 2"":""M14×1,5""}","[""https://autopart.tn/pieces/373/S071823_1.webp""]",2026-07-17T03:04:25.373Z,2026-07-17T03:04:25.373Z,active,False
autopart.tn:90043,autopart.tn,GSP,S081036,Rotule de suspension GSP S081036,,,41.0,TND,En Stock,,https://autopart.tn/fiche/rotule-de-suspension-2462/gsp-373/s081036-90043.html,https://autopart.tn/pieces/373/S081036_1.webp,Rotule de suspension GSP S081036,,{},"[""https://autopart.tn/pieces/373/S081036_1.webp""]",2026-07-17T03:16:57.615Z,2026-07-17T03:16:57.615Z,active,False
autopart.tn:22815,autopart.tn,GSP,9328027,Kit de roulements de roue GSP 9328027,,,246.2,TND,En Stock,,https://autopart.tn/fiche/kit-de-roulements-de-roue-654/gsp-373/9328027-22815.html,https://autopart.tn/pieces/373/9328027_1.webp,Kit de roulements de roue GSP 9328027,"nombre de trous: 5 Trou | Endroit d'assemblage: des deux côtés du pont arrière, des deux côtés de l'essieu avant | Filetage: M12X1,5 | Diamètre extérieur [mm]: 144,3 mm | Nombre de dents: 28 | Article complémentaire/Info complémentaire: sans accessoires","{""nombre de trous"":""5 Trou"",""Endroit d'assemblage"":""des deux côtés du pont arrière, des deux côtés de l'essieu avant"",""Filetage"":""M12X1,5"",""Diamètre extérieur [mm]"":""144,3 mm"",""Nombre de dents"":""28"",""Article complémentaire/Info complémentaire"":""sans accessoires""}","[""https://autopart.tn/pieces/373/9328027_1.webp""]",2026-07-17T03:17:27.188Z,2026-07-17T03:17:27.188Z,active,False
autopart.tn:50650,autopart.tn,ASHIKA,130-0S-S02,"Poulie roue libre, alternateur ASHIKA 130-0S-S02",,,146.7,TND,En Stock,,https://autopart.tn/fiche/poulie-roue-libre-alternateur-1390/ashika-257/130-0s-s02-50650.html,https://autopart.tn/pieces/257/130-0S-S02_1.webp,"Poulie roue libre, alternateur ASHIKA 130-0S-S02","Diamètre extérieur [mm]: 55,7 mm | Hauteur de construction [mm]: 39,3 mm | Diamètre intérieur [mm]: 17 mm | Nombre de gorges: 6","{""Diamètre extérieur [mm]"":""55,7 mm"",""Hauteur de construction [mm]"":""39,3 mm"",""Diamètre intérieur [mm]"":""17 mm"",""Nombre de gorges"":""6""}","[""https://autopart.tn/pieces/257/130-0S-S02_1.webp""]",2026-07-16T18:30:54.433Z,2026-07-16T18:30:54.433Z,active,False
autopart.tn:60128,autopart.tn,RK,40cm,Balai d'essuie-glace RK 40cm,,,20.0,TND,En Stock,,https://autopart.tn/fiche/balai-d-essuie-glace-298/rk-10012/40cm-60128.html,,Balai d'essuie-glace RK 40cm,Longueur [mm]: 16 Pouce | Quantité: 1 | glace: Balai d'essuie-glace conventionnel | Nombre d'adaptateurs: 1,"{""Longueur [mm]"":""16 Pouce"",""Quantité"":""1"",""glace"":""Balai d'essuie-glace conventionnel"",""Nombre d'adaptateurs"":""1""}",[],2026-07-17T03:06:04.522Z,2026-07-17T03:06:04.522Z,active,False
autopart.tn:50750,autopart.tn,ROWE,75W90 1L,Huile pour boîte de vitesses et pont ROWE 75W90 1L,,,55.5,TND,En Stock,,https://autopart.tn/fiche/huile-pour-boite-de-vitesses-3225/rowe-5382/75w90-1l-50750.html,https://autopart.tn/pieces/5382/25004-0010-99_1.webp,Huile pour boîte de vitesses et pont ROWE 75W90 1L,"Huile: Huile de synthèse HC (Hydro-Cracked) | Nombre SAE: 75W-90 | Type d'emballage: Bouteille | Capacité [litres]: 1 I | Spécification: API GL-4, API GL-5, API GL-5 LS | Recommandation du fabricant Huile: MIL-L 2105D | Grade de viscosité SAE: 75W-90","{""Huile"":""Huile de synthèse HC (Hydro-Cracked)"",""Nombre SAE"":""75W-90"",""Type d'emballage"":""Bouteille"",""Capacité [litres]"":""1 I"",""Spécification"":""API GL-4, API GL-5, API GL-5 LS"",""Recommandation du fabricant Huile"":""MIL-L 2105D"",""Grade de viscosité SAE"":""75W-90""}","[""https://autopart.tn/pieces/5382/25004-0010-99_1.webp""]",2026-07-17T01:10:07.879Z,2026-07-17T01:10:07.879Z,active,False
autopart.tn:23604,autopart.tn,ASHIKA,10-ECO140,Filtre à huile ASHIKA 10-ECO140,6731803009.0,,21.9,TND,En Stock,,https://autopart.tn/fiche/filtre-a-huile-7/ashika-257/10-eco140-23604.html,https://autopart.tn/pieces/257/10-ECO140_1.webp,Filtre à huile ASHIKA 10-ECO140,Type de filtre: Cartouche filtrante | Longueur [mm]: 124 mm | Diamètre extérieur [mm]: 62 mm | Diamètre intérieur [mm]: 24 mm | pour numéro OE: 6731803009,"{""Type de filtre"":""Cartouche filtrante"",""Longueur [mm]"":""124 mm"",""Diamètre extérieur [mm]"":""62 mm"",""Diamètre intérieur [mm]"":""24 mm"",""pour numéro OE"":""6731803009""}","[""https://autopart.tn/pieces/257/10-ECO140_1.webp""]",2026-07-17T03:08:25.442Z,2026-07-17T03:08:25.442Z,active,False
autopart.tn:57537,autopart.tn,KAVO PARTS,BR-7711-C,Jeu de 2 Disques de frein KAVO PARTS BR-7711-C,,,209.8,TND,En Stock,,https://autopart.tn/fiche/disque-de-frein-82/kavo-parts-201/br-7711-c-57537.html,https://autopart.tn/pieces/201/BR-7711-C_1.webp,Jeu de 2 Disques de frein KAVO PARTS BR-7711-C,Marque de conformité: R90 | Hauteur [mm]: 63 mm | Type de disque de frein: plein | Épaisseur du disque de frein [mm]: 10 mm | Diamètre extérieur [mm]: 262 mm | Nombre de trous: 5 | Diamètre du centrage [mm]: 67 mm | Ø [mm]: 112 mm | Surface: revêtu,"{""Marque de conformité"":""R90"",""Hauteur [mm]"":""63 mm"",""Type de disque de frein"":""plein"",""Épaisseur du disque de frein [mm]"":""10 mm"",""Diamètre extérieur [mm]"":""262 mm"",""Nombre de trous"":""5"",""Diamètre du centrage [mm]"":""67 mm"",""Ø [mm]"":""112 mm"",""Surface"":""revêtu""}","[""https://autopart.tn/pieces/201/BR-7711-C_1.webp""]",2026-07-16T22:24:05.045Z,2026-07-16T22:24:05.045Z,active,False
autopart.tn:79732,autopart.tn,KAMOKA,7016189,Courroie KAMOKA 7016189,,,49.7,TND,En Stock,,https://autopart.tn/fiche/courroie-trapezoidale-a-nervures-305/kamoka-185/7016189-79732.html,https://autopart.tn/pieces/185/7016189_1.webp,Courroie KAMOKA 7016189,Longueur [mm]: 1 990 mm | Nombre de gorges: 6 | Largeur [mm]: 21 mm | Matériel: EPDM (éthylène-propylène-diène-caoutchouc),"{""Longueur [mm]"":""1 990 mm"",""Nombre de gorges"":""6"",""Largeur [mm]"":""21 mm"",""Matériel"":""EPDM (éthylène-propylène-diène-caoutchouc)""}","[""https://autopart.tn/pieces/185/7016189_1.webp""]",2026-07-17T03:16:19.899Z,2026-07-17T03:16:19.899Z,active,False
autopart.tn:67356,autopart.tn,ROWE,25036-0010-99,Huile pour boîte automatique ROWE 25036-0010-99,,,48.0,TND,En Stock,,https://autopart.tn/fiche/huile-pour-boite-automatique-3069/rowe-5382/25036-0010-99-67356.html,https://autopart.tn/pieces/5382/25036-0010-99_1.webp,Huile pour boîte automatique ROWE 25036-0010-99,"Recommandation du fabricant d'huile: DEXRON VI, MB 236.41, BMW ETL 7045 E, BMW ETL 8072 B | Huile: Huile de synthèse HC (Hydro-Cracked) | Type d'emballage: Bouteille | Capacité [litres]: 1 I","{""Recommandation du fabricant d'huile"":""DEXRON VI, MB 236.41, BMW ETL 7045 E, BMW ETL 8072 B"",""Huile"":""Huile de synthèse HC (Hydro-Cracked)"",""Type d'emballage"":""Bouteille"",""Capacité [litres]"":""1 I""}","[""https://autopart.tn/pieces/5382/25036-0010-99_1.webp""]",2026-07-17T01:54:30.257Z,2026-07-17T01:54:30.257Z,active,False
autopart.tn:68011,autopart.tn,ROWE,25051-0050-99,Huile pour boîte automatique ROWE 25051-0050-99,,,282.6,TND,En Stock,,https://autopart.tn/fiche/huile-pour-boite-automatique-3069/rowe-5382/25051-0050-99-68011.html,https://autopart.tn/pieces/5382/25051-0050-99_1.webp,Huile pour boîte automatique ROWE 25051-0050-99,"Recommandation du fabricant d'huile: MERCON SP/LV, Aisin Warner AW-1, Ford WSS-M2C938-A, VW G 055 005, ZF S671 090 25 | Huile: Huile en partie synthétique | Type d'emballage: Pot | Capacité [litres]: 5 I","{""Recommandation du fabricant d'huile"":""MERCON SP/LV, Aisin Warner AW-1, Ford WSS-M2C938-A, VW G 055 005, ZF S671 090 25"",""Huile"":""Huile en partie synthétique"",""Type d'emballage"":""Pot"",""Capacité [litres]"":""5 I""}","[""https://autopart.tn/pieces/5382/25051-0050-99_1.webp""]",2026-07-17T03:07:49.938Z,2026-07-17T03:07:49.938Z,active,False
autopart.tn:50714,autopart.tn,ROWE,25051,Huile pour boîte automatique ROWE 25051,,,64.1,TND,En Stock,,https://autopart.tn/fiche/huile-pour-boite-automatique-3069/rowe-5382/25051-50714.html,https://autopart.tn/pieces/5382/25051_1.webp,Huile pour boîte automatique ROWE 25051,"Huile: Huile en partie synthétique | Recommandation du fabricant Huile: MERCON SP/LV, Aisin Warner AW-1, Ford WSS-M2C938-A, VW G 055 005, ZF S671 090 25","{""Huile"":""Huile en partie synthétique"",""Recommandation du fabricant Huile"":""MERCON SP/LV, Aisin Warner AW-1, Ford WSS-M2C938-A, VW G 055 005, ZF S671 090 25""}","[""https://autopart.tn/pieces/5382/25051_1.webp""]",2026-07-17T03:07:57.579Z,2026-07-17T03:07:57.579Z,active,False
autopart.tn:18469,autopart.tn,ASHIKA,10-09-997,Filtre à huile ASHIKA 10-09-997,A6011800109,,24.3,TND,En Stock,,https://autopart.tn/fiche/filtre-a-huile-7/ashika-257/10-09-997-18469.html,https://autopart.tn/pieces/257/10-09-997_1.webp,Filtre à huile ASHIKA 10-09-997,"Type de filtre: Cartouche filtrante | Longueur [mm]: 168 mm | Diamètre extérieur [mm]: 82,7 mm | Diamètre intérieur [mm]: 14 mm | Diamètre intérieur 1 [mm]: 27 mm | Diamètre de montage [mm]: 24,3 mm | pour numéro OE: A6011800109","{""Type de filtre"":""Cartouche filtrante"",""Longueur [mm]"":""168 mm"",""Diamètre extérieur [mm]"":""82,7 mm"",""Diamètre intérieur [mm]"":""14 mm"",""Diamètre intérieur 1 [mm]"":""27 mm"",""Diamètre de montage [mm]"":""24,3 mm"",""pour numéro OE"":""A6011800109""}","[""https://autopart.tn/pieces/257/10-09-997_1.webp""]",2026-07-17T02:19:19.991Z,2026-07-17T02:19:19.991Z,active,False
autopart.tn:68314,autopart.tn,BLUE PRINT,ADG02101,Filtre à huile BLUE PRINT ADG02101,,,39.8,TND,En Stock,,https://autopart.tn/fiche/filtre-a-huile-7/blue-print-350/adg02101-68314.html,https://autopart.tn/pieces/350/ADG02101_1.webp,Filtre à huile BLUE PRINT ADG02101,"Type de filtre: Cartouche filtrante | Diamètre intérieur [mm]: 12 mm, 26 mm | Hauteur [mm]: 167 mm | Diamètre extérieur [mm]: 91 mm | étanchéité: 108,6 mm | Poids [kg]: 0,335 kg | Article complémentaire/Info complémentaire: avec joints","{""Type de filtre"":""Cartouche filtrante"",""Diamètre intérieur [mm]"":""12 mm, 26 mm"",""Hauteur [mm]"":""167 mm"",""Diamètre extérieur [mm]"":""91 mm"",""étanchéité"":""108,6 mm"",""Poids [kg]"":""0,335 kg"",""Article complémentaire/Info complémentaire"":""avec joints""}","[""https://autopart.tn/pieces/350/ADG02101_1.webp""]",2026-07-17T02:19:27.493Z,2026-07-17T02:19:27.493Z,active,False
autopart.tn:17781,autopart.tn,CHAMPION,COF100103C,Filtre à huile CHAMPION COF100103C,,,30.1,TND,En Stock,,https://autopart.tn/fiche/filtre-a-huile-7/champion-43/cof100103c-17781.html,https://autopart.tn/pieces/43/COF100103C_1.webp,Filtre à huile CHAMPION COF100103C,"Hauteur [mm]: 162 mm | Diamètre intérieur [mm]: 25 mm | Diamètre extérieur [mm]: 88 mm | Type d'emballage: Boîte | Type de filtre: Cartouche filtrante | Diamètre intérieur 1 [mm]: 12 mm | Longueur de l'emballage [cm]: 10,7 cm | Largeur de l'emballage [cm]: 10,7 cm | Hauteur de l'emballage [cm]: 16,3 cm","{""Hauteur [mm]"":""162 mm"",""Diamètre intérieur [mm]"":""25 mm"",""Diamètre extérieur [mm]"":""88 mm"",""Type d'emballage"":""Boîte"",""Type de filtre"":""Cartouche filtrante"",""Diamètre intérieur 1 [mm]"":""12 mm"",""Longueur de l'emballage [cm]"":""10,7 cm"",""Largeur de l'emballage [cm]"":""10,7 cm"",""Hauteur de l'emballage [cm]"":""16,3 cm""}","[""https://autopart.tn/pieces/43/COF100103C_1.webp""]",2026-07-17T02:19:34.913Z,2026-07-17T02:19:34.913Z,active,False
autopart.tn:89427,autopart.tn,MAHLE ORIGINAL,OX 38D,Filtre à huile MAHLE ORIGINAL OX 38D,,,45.8,TND,En Stock,,https://autopart.tn/fiche/filtre-a-huile-7/mahle-original-287/ox-38d-89427.html,,Filtre à huile MAHLE ORIGINAL OX 38D,"Type de filtre: Cartouche filtrante | Diamètre [mm]: 88 mm | Hauteur [mm]: 167,5 mm | Diamètre intérieur 2 [mm]: 12 mm | Diamètre intérieur 3 [mm]: 24,4 mm | Diamètre de la bague détanchéité [mm]: 109,2 mm | Épaisseur [mm]: 3,9 mm | Article complémentaire/Info complémentaire: avec joints | Hauteur 1 [mm]: 163 mm | Diamètre extérieur 1 [mm]: 92 mm | Diamètre 4 [mm]: 24,4 mm | Hauteur de l'emballage [cm]: 17 cm | Poids net [kg]: 455 g | Longueur de l'emballage [cm]: 9,5 cm | Largeur de l'emballage [cm]: 9,5 cm","{""Type de filtre"":""Cartouche filtrante"",""Diamètre [mm]"":""88 mm"",""Hauteur [mm]"":""167,5 mm"",""Diamètre intérieur 2 [mm]"":""12 mm"",""Diamètre intérieur 3 [mm]"":""24,4 mm"",""Diamètre de la bague détanchéité [mm]"":""109,2 mm"",""Épaisseur [mm]"":""3,9 mm"",""Article complémentaire/Info complémentaire"":""avec joints"",""Hauteur 1 [mm]"":""163 mm"",""Diamètre extérieur 1 [mm]"":""92 mm"",""Diamètre 4 [mm]"":""24,4 mm"",""Hauteur de l'emballage [cm]"":""17 cm"",""Poids net [kg]"":""455 g"",""Longueur de l'emballage [cm]"":""9,5 cm"",""Largeur de l'emballage [cm]"":""9,5 cm""}",[],2026-07-17T02:19:49.406Z,2026-07-17T02:19:49.406Z,active,False
autopart.tn:18940,autopart.tn,ASHIKA,20-09-978,Filtre à air ASHIKA 20-09-978,A6010940404,,37.2,TND,En Stock,,https://autopart.tn/fiche/filtre-a-air-8/ashika-257/20-09-978-18940.html,https://autopart.tn/pieces/257/20-09-978_1.webp,Filtre à air ASHIKA 20-09-978,Longueur [mm]: 289 mm | Largeur [mm]: 171 mm | Hauteur [mm]: 50 mm | Type de filtre: Cartouche filtrante | pour numéro OE: A6010940404,"{""Longueur [mm]"":""289 mm"",""Largeur [mm]"":""171 mm"",""Hauteur [mm]"":""50 mm"",""Type de filtre"":""Cartouche filtrante"",""pour numéro OE"":""A6010940404""}","[""https://autopart.tn/pieces/257/20-09-978_1.webp""]",2026-07-17T01:56:02.889Z,2026-07-17T01:56:02.889Z,active,False
autopart.tn:3923,autopart.tn,KAMOKA,F205001,Filtre à air KAMOKA F205001,,,32.2,TND,En Stock,,https://autopart.tn/fiche/filtre-a-air-8/kamoka-185/f205001-3923.html,https://autopart.tn/pieces/185/F205001_1.webp,Filtre à air KAMOKA F205001,Forme: quadrangulaire | Type de filtre: Filtre à air recyclé | Longueur [mm]: 287 mm | Largeur [mm]: 171 mm | Hauteur [mm]: 50 mm,"{""Forme"":""quadrangulaire"",""Type de filtre"":""Filtre à air recyclé"",""Longueur [mm]"":""287 mm"",""Largeur [mm]"":""171 mm"",""Hauteur [mm]"":""50 mm""}","[""https://autopart.tn/pieces/185/F205001_1.webp""]",2026-07-17T01:56:09.753Z,2026-07-17T01:56:09.753Z,active,False
autopart.tn:1315,autopart.tn,CHAMPION,CFF100259,Filtre à carburant CHAMPION CFF100259,,,27.6,TND,En Stock,,https://autopart.tn/fiche/filtre-a-carburant-9/champion-43/cff100259-1315.html,https://autopart.tn/pieces/43/CFF100259_1.webp,Filtre à carburant CHAMPION CFF100259,"Hauteur [mm]: 102 mm | Diamètre intérieur [mm]: 72 mm | Diamètre extérieur [mm]: 87 mm | Type d'emballage: Boîte | Type de filtre: Filtre vissé | Taraudage/Filetage 1: M12x1.5 | Longueur de l'emballage [cm]: 8,6 cm | Largeur de l'emballage [cm]: 8,6 cm | Hauteur de l'emballage [cm]: 10,7 cm","{""Hauteur [mm]"":""102 mm"",""Diamètre intérieur [mm]"":""72 mm"",""Diamètre extérieur [mm]"":""87 mm"",""Type d'emballage"":""Boîte"",""Type de filtre"":""Filtre vissé"",""Taraudage/Filetage 1"":""M12x1.5"",""Longueur de l'emballage [cm]"":""8,6 cm"",""Largeur de l'emballage [cm]"":""8,6 cm"",""Hauteur de l'emballage [cm]"":""10,7 cm""}","[""https://autopart.tn/pieces/43/CFF100259_1.webp""]",2026-07-17T01:56:22.597Z,2026-07-17T01:56:22.597Z,active,False
autopart.tn:4087,autopart.tn,KAMOKA,F300601,Filtre à carburant KAMOKA F300601,5017831.0,,22.4,TND,En Stock,,https://autopart.tn/fiche/filtre-a-carburant-9/kamoka-185/f300601-4087.html,https://autopart.tn/pieces/185/F300601_1.webp,Filtre à carburant KAMOKA F300601,"Type de filtre: Filtre vissé | Filetage: M 12X1,5 | Diamètre de la bague détanchéité [mm]: 70 mm | Diamètre extérieur [mm]: 85 mm | Hauteur [mm]: 97 mm | pour numéro OE: 5017831 | Type de carburant: Diesel","{""Type de filtre"":""Filtre vissé"",""Filetage"":""M 12X1,5"",""Diamètre de la bague détanchéité [mm]"":""70 mm"",""Diamètre extérieur [mm]"":""85 mm"",""Hauteur [mm]"":""97 mm"",""pour numéro OE"":""5017831"",""Type de carburant"":""Diesel""}","[""https://autopart.tn/pieces/185/F300601_1.webp""]",2026-07-17T03:07:16.967Z,2026-07-17T03:07:16.967Z,active,False
autopart.tn:4102,autopart.tn,KAMOKA,F303601,Filtre à carburant KAMOKA F303601,2330387308.0,,25.8,TND,En Stock,,https://autopart.tn/fiche/filtre-a-carburant-9/kamoka-185/f303601-4102.html,https://autopart.tn/pieces/185/F303601_1.webp,Filtre à carburant KAMOKA F303601,"Type de filtre: Filtre vissé | Filetage: M 20X1,5 | Diamètre extérieur [mm]: 94 mm | Hauteur [mm]: 138 mm | pour numéro OE: 2330387308 | Type de carburant: Diesel","{""Type de filtre"":""Filtre vissé"",""Filetage"":""M 20X1,5"",""Diamètre extérieur [mm]"":""94 mm"",""Hauteur [mm]"":""138 mm"",""pour numéro OE"":""2330387308"",""Type de carburant"":""Diesel""}","[""https://autopart.tn/pieces/185/F303601_1.webp""]",2026-07-16T19:02:08.173Z,2026-07-16T19:02:08.173Z,active,False
autopart.tn:57726,autopart.tn,KAVO PARTS,IF-3356,Filtre à carburant KAVO PARTS IF-3356,,,26.9,TND,En Stock,,https://autopart.tn/fiche/filtre-a-carburant-9/kavo-parts-201/if-3356-57726.html,https://autopart.tn/pieces/201/IF-3356_1.webp,Filtre à carburant KAVO PARTS IF-3356,Hauteur [mm]: 141 mm | Filetage: M20 P1.5 | Diamètre extérieur [mm]: 95 mm | Type de filtre: Filtre vissé,"{""Hauteur [mm]"":""141 mm"",""Filetage"":""M20 P1.5"",""Diamètre extérieur [mm]"":""95 mm"",""Type de filtre"":""Filtre vissé""}","[""https://autopart.tn/pieces/201/IF-3356_1.webp""]",2026-07-16T21:33:11.796Z,2026-07-16T21:33:11.796Z,active,False
autopart.tn:89382,autopart.tn,MAHLE ORIGINAL,KC 63/1D,Filtre à carburant MAHLE ORIGINAL KC 63/1D,,,45.2,TND,En Stock,,https://autopart.tn/fiche/filtre-a-carburant-9/mahle-original-287/kc-63-1d-89382.html,,Filtre à carburant MAHLE ORIGINAL KC 63/1D,"Type de filtre: Filtre vissé | Diamètre [mm]: 87 mm | Hauteur [mm]: 100 mm | Filetage: M12x1,5 | Diamètre 2[mm]: 70 mm | Diamètre de la bague détanchéité [mm]: 62 mm | Couple de serrage [Nm]: 14 Nm | article de l'outil spécialisé recommandé: OCS 3 | Hauteur de l'emballage [cm]: 10,1 cm | Poids net [kg]: 420 g | Largeur de l'emballage [cm]: 9,6 cm | Longueur de l'emballage [cm]: 9,6 cm","{""Type de filtre"":""Filtre vissé"",""Diamètre [mm]"":""87 mm"",""Hauteur [mm]"":""100 mm"",""Filetage"":""M12x1,5"",""Diamètre 2[mm]"":""70 mm"",""Diamètre de la bague détanchéité [mm]"":""62 mm"",""Couple de serrage [Nm]"":""14 Nm"",""article de l'outil spécialisé recommandé"":""OCS 3"",""Hauteur de l'emballage [cm]"":""10,1 cm"",""Poids net [kg]"":""420 g"",""Largeur de l'emballage [cm]"":""9,6 cm"",""Longueur de l'emballage [cm]"":""9,6 cm""}",[],2026-07-17T02:21:15.862Z,2026-07-17T02:21:15.862Z,active,False
autopart.tn:44660,autopart.tn,VALEO,587716,Filtre à carburant VALEO 587716,,,45.8,TND,En Stock,,https://autopart.tn/fiche/filtre-a-carburant-9/valeo-21/587716-44660.html,https://autopart.tn/pieces/21/587716_1.webp,Filtre à carburant VALEO 587716,"Type de filtre: Filtre vissé | Hauteur [mm]: 136 mm | Diamètre extérieur [mm]: 98 mm | Diamètre intérieur 1 [mm]: 69 mm | Diamètre intérieur 2 [mm]: 61 mm | Filetage entrée: M 36x1,5 | Filetage sortie: M 20x1,5 | Poids [kg]: 0,49 kg","{""Type de filtre"":""Filtre vissé"",""Hauteur [mm]"":""136 mm"",""Diamètre extérieur [mm]"":""98 mm"",""Diamètre intérieur 1 [mm]"":""69 mm"",""Diamètre intérieur 2 [mm]"":""61 mm"",""Filetage entrée"":""M 36x1,5"",""Filetage sortie"":""M 20x1,5"",""Poids [kg]"":""0,49 kg""}","[""https://autopart.tn/pieces/21/587716_1.webp""]",2026-07-17T01:56:51.861Z,2026-07-17T01:56:51.861Z,active,False
autopart.tn:19795,autopart.tn,ASHIKA,51-09-997,Kit de plaquettes de frein ASHIKA 51-09-997,48413050A0,,97.5,TND,En Stock,,https://autopart.tn/fiche/kit-de-plaquettes-de-frein-frein-a-disque-402/ashika-257/51-09-997-19795.html,https://autopart.tn/pieces/257/51-09-997_1.webp,Kit de plaquettes de frein ASHIKA 51-09-997,"Endroit d'assemblage: Essieu arrière | Type de freinage: Frein à disque | Longueur [mm]: 114 mm | Hauteur [mm]: 55,3 mm | Épaisseur [mm]: 14 mm | Marque de conformité: ECE R90 APPROVED | numéro WVA: 23242, 23243, 23244 | pour numéro OE: 48413050A0","{""Endroit d'assemblage"":""Essieu arrière"",""Type de freinage"":""Frein à disque"",""Longueur [mm]"":""114 mm"",""Hauteur [mm]"":""55,3 mm"",""Épaisseur [mm]"":""14 mm"",""Marque de conformité"":""ECE R90 APPROVED"",""numéro WVA"":""23242, 23243, 23244"",""pour numéro OE"":""48413050A0""}","[""https://autopart.tn/pieces/257/51-09-997_1.webp""]",2026-07-17T02:52:58.077Z,2026-07-17T02:52:58.077Z,active,False
autopart.tn:19640,autopart.tn,ASHIKA,50-05-590,Kit de plaquettes de frein ASHIKA 50-05-590,410600C890,,99.3,TND,En Stock,,https://autopart.tn/fiche/kit-de-plaquettes-de-frein-frein-a-disque-402/ashika-257/50-05-590-19640.html,https://autopart.tn/pieces/257/50-05-590_1.webp,Kit de plaquettes de frein ASHIKA 50-05-590,"Endroit d'assemblage: Essieu avant | Type de freinage: Frein à disque | Longueur [mm]: 136,4 mm | Hauteur [mm]: 54 mm | Épaisseur [mm]: 17 mm | numéro WVA: 21727, 21725, 21726 | Marque de conformité: ECE R90 APPROVED | pour numéro OE: 410600C890","{""Endroit d'assemblage"":""Essieu avant"",""Type de freinage"":""Frein à disque"",""Longueur [mm]"":""136,4 mm"",""Hauteur [mm]"":""54 mm"",""Épaisseur [mm]"":""17 mm"",""numéro WVA"":""21727, 21725, 21726"",""Marque de conformité"":""ECE R90 APPROVED"",""pour numéro OE"":""410600C890""}","[""https://autopart.tn/pieces/257/50-05-590_1.webp""]",2026-07-17T03:07:35.440Z,2026-07-17T03:07:35.440Z,active,False
autopart.tn:19669,autopart.tn,ASHIKA,50-09-997,Kit de plaquettes de frein ASHIKA 50-09-997,77362239.0,,83.3,TND,En Stock,,https://autopart.tn/fiche/kit-de-plaquettes-de-frein-frein-a-disque-402/ashika-257/50-09-997-19669.html,https://autopart.tn/pieces/257/50-09-997_1.webp,Kit de plaquettes de frein ASHIKA 50-09-997,"Endroit d'assemblage: Essieu avant | Type de freinage: Frein à disque | Longueur [mm]: 169,5 mm | Longueur 1 [mm]: 169 mm | Hauteur [mm]: 50,6 mm | Hauteur 1 [mm]: 60,2 mm | Épaisseur [mm]: 16 mm | numéro WVA: 23231, 23232, 23233 | Marque de conformité: ECE R90 APPROVED | pour numéro OE: 77362239 | Système de freinage: TRW","{""Endroit d'assemblage"":""Essieu avant"",""Type de freinage"":""Frein à disque"",""Longueur [mm]"":""169,5 mm"",""Longueur 1 [mm]"":""169 mm"",""Hauteur [mm]"":""50,6 mm"",""Hauteur 1 [mm]"":""60,2 mm"",""Épaisseur [mm]"":""16 mm"",""numéro WVA"":""23231, 23232, 23233"",""Marque de conformité"":""ECE R90 APPROVED"",""pour numéro OE"":""77362239"",""Système de freinage"":""TRW""}","[""https://autopart.tn/pieces/257/50-09-997_1.webp""]",2026-07-17T03:07:49.681Z,2026-07-17T03:07:49.681Z,active,False
autopart.tn:20069,autopart.tn,ASHIKA,60-0S-000C,Jeu de 2 Disques de frein ASHIKA 60-0S-000C,4144106210.0,,333.4,TND,En Stock,,https://autopart.tn/fiche/disque-de-frein-82/ashika-257/60-0s-000c-20069.html,https://autopart.tn/pieces/257/60-0S-000C_1.webp,Jeu de 2 Disques de frein ASHIKA 60-0S-000C,"Endroit d'assemblage: Essieu avant | Ø [mm]: 88 mm | Hauteur [mm]: 40,2 mm | Diamètre extérieur [mm]: 277,6 mm | Épaisseur du disque de frein [mm]: 24 mm | Épaisseur minimum [mm]: 22 mm | Nombre d'alésages: 6 | Type de disque de frein: ventilé | Marque de conformité: ECE R90 APPROVED | Surface: peint | pour numéro OE: 4144106210","{""Endroit d'assemblage"":""Essieu avant"",""Ø [mm]"":""88 mm"",""Hauteur [mm]"":""40,2 mm"",""Diamètre extérieur [mm]"":""277,6 mm"",""Épaisseur du disque de frein [mm]"":""24 mm"",""Épaisseur minimum [mm]"":""22 mm"",""Nombre d'alésages"":""6"",""Type de disque de frein"":""ventilé"",""Marque de conformité"":""ECE R90 APPROVED"",""Surface"":""peint"",""pour numéro OE"":""4144106210""}","[""https://autopart.tn/pieces/257/60-0S-000C_1.webp""]",2026-07-17T03:08:00.879Z,2026-07-17T03:08:00.879Z,active,False
autopart.tn:19844,autopart.tn,ASHIKA,55-01-194,Jeu de mâchoires de frein ASHIKA 55-01-194,,,136.7,TND,En Stock,,https://autopart.tn/fiche/jeu-de-machoires-de-frein-70/ashika-257/55-01-194-19844.html,https://autopart.tn/pieces/257/55-01-194_1.webp,Jeu de mâchoires de frein ASHIKA 55-01-194,"Endroit d'assemblage: Essieu arrière | Diamètre [mm]: 255 mm | Largeur [mm]: 57,2 mm | Système de freinage: LUCAS","{""Endroit d'assemblage"":""Essieu arrière"",""Diamètre [mm]"":""255 mm"",""Largeur [mm]"":""57,2 mm"",""Système de freinage"":""LUCAS""}","[""https://autopart.tn/pieces/257/55-01-194_1.webp""]",2026-07-17T03:08:28.286Z,2026-07-17T03:08:28.286Z,active,False
autopart.tn:31947,autopart.tn,GATES,AVX13X1500HD,Courroie trapézoïdale GATES AVX13X1500HD,,,30.7,TND,En Stock,,https://autopart.tn/fiche/courroie-trapezoidale-10/gates-33/avx13x1500hd-31947.html,https://autopart.tn/pieces/33/AVX13X1500HD_1.webp,Courroie trapézoïdale GATES AVX13X1500HD,"Matériel: PA (polyamide), Néoprène (polychloroprène) | Couleur: noir | Largeur [mm]: 13 mm | Longueur [mm]: 1 500 mm | Longueur externe [mm]: 1 515 mm","{""Matériel"":""PA (polyamide), Néoprène (polychloroprène)"",""Couleur"":""noir"",""Largeur [mm]"":""13 mm"",""Longueur [mm]"":""1 500 mm"",""Longueur externe [mm]"":""1 515 mm""}","[""https://autopart.tn/pieces/33/AVX13X1500HD_1.webp""]",2026-07-17T01:14:14.127Z,2026-07-17T01:14:14.127Z,active,False
autopart.tn:46849,autopart.tn,KAVO PARTS,SBJ-7503,Rotule de suspension KAVO PARTS SBJ-7503,,,72.6,TND,En Stock,,https://autopart.tn/fiche/rotule-de-suspension-2462/kavo-parts-201/sbj-7503-46849.html,https://autopart.tn/pieces/201/SBJ-7503_1.webp,Rotule de suspension KAVO PARTS SBJ-7503,Endroit d'assemblage: Essieu avant | Hauteur [mm]: 102 mm | Filetage: M16x1.5mm | Type de bras oscillant: pour bras oscillant transversal,"{""Endroit d'assemblage"":""Essieu avant"",""Hauteur [mm]"":""102 mm"",""Filetage"":""M16x1.5mm"",""Type de bras oscillant"":""pour bras oscillant transversal""}","[""https://autopart.tn/pieces/201/SBJ-7503_1.webp""]",2026-07-17T03:16:04.364Z,2026-07-17T03:16:04.364Z,active,False
autopart.tn:46879,autopart.tn,KAVO PARTS,SBJ-7502,Rotule de suspension KAVO PARTS SBJ-7502,,,55.4,TND,En Stock,,https://autopart.tn/fiche/rotule-de-suspension-2462/kavo-parts-201/sbj-7502-46879.html,https://autopart.tn/pieces/201/SBJ-7502_1.webp,Rotule de suspension KAVO PARTS SBJ-7502,Endroit d'assemblage: Essieu avant | Hauteur [mm]: 99 mm | Filetage: M16x1.5mm | Type de bras oscillant: pour bras oscillant transversal,"{""Endroit d'assemblage"":""Essieu avant"",""Hauteur [mm]"":""99 mm"",""Filetage"":""M16x1.5mm"",""Type de bras oscillant"":""pour bras oscillant transversal""}","[""https://autopart.tn/pieces/201/SBJ-7502_1.webp""]",2026-07-17T03:16:11.266Z,2026-07-17T03:16:11.266Z,active,False
autopart.tn:45585,autopart.tn,ELRING,776.786,Joint culasse ELRING 776.786,,,73.7,TND,En Stock,,https://autopart.tn/fiche/joint-d-etancheite-culasse-318/elring-10/776-786-45585.html,https://autopart.tn/pieces/10/776.786_1.webp,Joint culasse ELRING 776.786,"Diamètre [mm]: 88,5 mm | Type de joint d'étanchéité: Joint d'étanchéité pour métal souple","{""Diamètre [mm]"":""88,5 mm"",""Type de joint d'étanchéité"":""Joint d'étanchéité pour métal souple""}","[""https://autopart.tn/pieces/10/776.786_1.webp""]",2026-07-17T01:59:15.355Z,2026-07-17T01:59:15.355Z,active,False
autopart.tn:45727,autopart.tn,ELRING,892.505,Pochette moteur complète ELRING 892.505,,,272.9,TND,En Stock,,https://autopart.tn/fiche/pochette-moteur-complete-560/elring-10/892-505-45727.html,https://autopart.tn/pieces/10/892.505_1.webp,Pochette moteur complète ELRING 892.505,"Article complémentaire/Info complémentaire: avec joint de tige de soupape, avec bague d'étanchéité - vilebrequin","{""Article complémentaire/Info complémentaire"":""avec joint de tige de soupape, avec bague d'étanchéité - vilebrequin""}","[""https://autopart.tn/pieces/10/892.505_1.webp""]",2026-07-17T01:59:27.352Z,2026-07-17T01:59:27.352Z,active,False
autopart.tn:45540,autopart.tn,ELRING,777.138,"Joint d'étanchéité, carter d'huile ELRING 777.138",,,26.5,TND,En Stock,,https://autopart.tn/fiche/joint-d-etancheite-carter-d-huile-137/elring-10/777-138-45540.html,https://autopart.tn/pieces/10/777.138_1.webp,"Joint d'étanchéité, carter d'huile ELRING 777.138",,{},"[""https://autopart.tn/pieces/10/777.138_1.webp""]",2026-07-17T01:15:40.763Z,2026-07-17T01:15:40.763Z,active,False
autopart.tn:45499,autopart.tn,ELRING,194.220,Joint de cache culbuteurs ELRING 194.220,,,14.8,TND,En Stock,,https://autopart.tn/fiche/joint-de-cache-culbuteurs-321/elring-10/194-220-45499.html,https://autopart.tn/pieces/10/194.220_1.webp,Joint de cache culbuteurs ELRING 194.220,,{},"[""https://autopart.tn/pieces/10/194.220_1.webp""]",2026-07-17T01:15:53.829Z,2026-07-17T01:15:53.829Z,active,False
autopart.tn:33222,autopart.tn,AS-PL,S6004,Démarreur AS-PL S6004,,,509.9,TND,En Stock,,https://autopart.tn/fiche/demarreur-2/as-pl-4843/s6004-33222.html,https://autopart.tn/pieces/4843/S6004_1.webp,Démarreur AS-PL S6004,Longueur 1 [mm]: 95 mm | Longueur 2 [mm]: 20 mm | Puissance nominale [kW]: 2 kW | Voltage [V]: 12 V | Nombre de trous de fixation: 2 | Nombre de taraudages: 0 | Sens de rotation: Rotation dans le sens des aiguilles d'une montre | Nombre de dents: 9,"{""Longueur 1 [mm]"":""95 mm"",""Longueur 2 [mm]"":""20 mm"",""Puissance nominale [kW]"":""2 kW"",""Voltage [V]"":""12 V"",""Nombre de trous de fixation"":""2"",""Nombre de taraudages"":""0"",""Sens de rotation"":""Rotation dans le sens des aiguilles d'une montre"",""Nombre de dents"":""9""}","[""https://autopart.tn/pieces/4843/S6004_1.webp""]",2026-07-17T02:05:08.172Z,2026-07-17T02:05:08.172Z,active,False
autopart.tn:27783,autopart.tn,VALEO,576003,Balai d'essuie-glace VALEO 576003,,,20.0,TND,En Stock,,https://autopart.tn/fiche/balai-d-essuie-glace-298/valeo-21/576003-27783.html,https://autopart.tn/pieces/21/576003_1.webp,Balai d'essuie-glace VALEO 576003,"Endroit d'assemblage: avant | glace: Balai d'essuie-glace conventionnel | Quantité: 2 | Longueur 1 [mm]: 16 Pouce | Longueur 2 [mm]: 16 Pouce | Adaptateur conforme: U | Adaptateur ajouté: R | Poids [kg]: 0,194 kg","{""Endroit d'assemblage"":""avant"",""glace"":""Balai d'essuie-glace conventionnel"",""Quantité"":""2"",""Longueur 1 [mm]"":""16 Pouce"",""Longueur 2 [mm]"":""16 Pouce"",""Adaptateur conforme"":""U"",""Adaptateur ajouté"":""R"",""Poids [kg]"":""0,194 kg""}","[""https://autopart.tn/pieces/21/576003_1.webp""]",2026-07-17T02:05:24.450Z,2026-07-17T02:05:24.450Z,active,False
autopart.tn:27741,autopart.tn,VALEO,575002,Balai d'essuie-glace VALEO 575002,,,34.9,TND,En Stock,,https://autopart.tn/fiche/balai-d-essuie-glace-298/valeo-21/575002-27741.html,https://autopart.tn/pieces/21/575002_1.webp,Balai d'essuie-glace VALEO 575002,"glace: Balai d'essuie-glace plat | Quantité: 1 | Longueur [mm]: 16 Pouce | Adaptateur conforme: U | Adaptateur ajouté: M+A+B+C | Matériau de la lame: SBR (caoutchouc styrène-butadiène) | Poids [kg]: 0,13 kg","{""glace"":""Balai d'essuie-glace plat"",""Quantité"":""1"",""Longueur [mm]"":""16 Pouce"",""Adaptateur conforme"":""U"",""Adaptateur ajouté"":""M+A+B+C"",""Matériau de la lame"":""SBR (caoutchouc styrène-butadiène)"",""Poids [kg]"":""0,13 kg""}","[""https://autopart.tn/pieces/21/575002_1.webp""]",2026-07-17T01:16:24.870Z,2026-07-17T01:16:24.870Z,active,False
autopart.tn:23665,autopart.tn,ASHIKA,20-09-980,Filtre à air ASHIKA 20-09-980,1620943004.0,,27.8,TND,En Stock,,https://autopart.tn/fiche/filtre-a-air-8/ashika-257/20-09-980-23665.html,https://autopart.tn/pieces/257/20-09-980_1.webp,Filtre à air ASHIKA 20-09-980,"Longueur [mm]: 278,2 mm | Largeur [mm]: 190 mm | Hauteur [mm]: 58 mm | Type de filtre: Cartouche filtrante | pour numéro OE: 1620943004","{""Longueur [mm]"":""278,2 mm"",""Largeur [mm]"":""190 mm"",""Hauteur [mm]"":""58 mm"",""Type de filtre"":""Cartouche filtrante"",""pour numéro OE"":""1620943004""}","[""https://autopart.tn/pieces/257/20-09-980_1.webp""]",2026-07-17T03:06:57.506Z,2026-07-17T03:06:57.506Z,active,False
autopart.tn:1295,autopart.tn,CHAMPION,CAF100628P,Filtre à air CHAMPION CAF100628P,,,26.5,TND,En Stock,,https://autopart.tn/fiche/filtre-a-air-8/champion-43/caf100628p-1295.html,https://autopart.tn/pieces/43/CAF100628P_1.webp,Filtre à air CHAMPION CAF100628P,"Longueur [mm]: 284 mm | Largeur [mm]: 170 mm | Hauteur [mm]: 58 mm | Type d'emballage: Boîte | Longueur 1 [mm]: 272 mm | Largeur 1 [mm]: 160 mm | Largeur 2 [mm]: 157 mm | Type de filtre: Cartouche filtrante | Longueur de l'emballage [cm]: 29 cm | Largeur de l'emballage [cm]: 18,5 cm | Hauteur de l'emballage [cm]: 6,2 cm","{""Longueur [mm]"":""284 mm"",""Largeur [mm]"":""170 mm"",""Hauteur [mm]"":""58 mm"",""Type d'emballage"":""Boîte"",""Longueur 1 [mm]"":""272 mm"",""Largeur 1 [mm]"":""160 mm"",""Largeur 2 [mm]"":""157 mm"",""Type de filtre"":""Cartouche filtrante"",""Longueur de l'emballage [cm]"":""29 cm"",""Largeur de l'emballage [cm]"":""18,5 cm"",""Hauteur de l'emballage [cm]"":""6,2 cm""}","[""https://autopart.tn/pieces/43/CAF100628P_1.webp""]",2026-07-17T01:19:29.696Z,2026-07-17T01:19:29.696Z,active,False
autopart.tn:83459,autopart.tn,KAMOKA,F210301,Filtre à air KAMOKA F210301,,,28.3,TND,En Stock,,https://autopart.tn/fiche/filtre-a-air-8/kamoka-185/f210301-83459.html,https://autopart.tn/pieces/185/F210301_1.webp,Filtre à air KAMOKA F210301,Longueur [mm]: 282 mm | Largeur [mm]: 172 mm | Hauteur [mm]: 57 mm | Type de filtre: Filtre à air recyclé | Forme: quadrangulaire,"{""Longueur [mm]"":""282 mm"",""Largeur [mm]"":""172 mm"",""Hauteur [mm]"":""57 mm"",""Type de filtre"":""Filtre à air recyclé"",""Forme"":""quadrangulaire""}","[""https://autopart.tn/pieces/185/F210301_1.webp""]",2026-07-16T22:48:09.964Z,2026-07-16T22:48:09.964Z,active,False
autopart.tn:46883,autopart.tn,KAVO PARTS,SA-9850,Filtre à air KAVO PARTS SA-9850,,,48.0,TND,En Stock,,https://autopart.tn/fiche/filtre-a-air-8/kavo-parts-201/sa-9850-46883.html,https://autopart.tn/pieces/201/SA-9850_1.webp,Filtre à air KAVO PARTS SA-9850,Longueur [mm]: 282 mm | Largeur [mm]: 191 mm | Hauteur [mm]: 61 mm | Type de filtre: Cartouche filtrante,"{""Longueur [mm]"":""282 mm"",""Largeur [mm]"":""191 mm"",""Hauteur [mm]"":""61 mm"",""Type de filtre"":""Cartouche filtrante""}","[""https://autopart.tn/pieces/201/SA-9850_1.webp""]",2026-07-17T03:07:04.818Z,2026-07-17T03:07:04.818Z,active,False
autopart.tn:89346,autopart.tn,MAHLE ORIGINAL,KL 65,Filtre à carburant MAHLE ORIGINAL KL 65,,,160.2,TND,En Stock,,https://autopart.tn/fiche/filtre-a-carburant-9/mahle-original-287/kl-65-89346.html,,Filtre à carburant MAHLE ORIGINAL KL 65,"Type de filtre: Filtre de conduite | Diamètre [mm]: 74,5 mm | Hauteur [mm]: 151 mm | Ø admission [mm]: 8 mm | Ø Sortie [mm]: 8 mm | Hauteur de l'emballage [cm]: 16 cm | Poids net [kg]: 194 g | Longueur de l'emballage [cm]: 8 cm | Largeur de l'emballage [cm]: 8 cm","{""Type de filtre"":""Filtre de conduite"",""Diamètre [mm]"":""74,5 mm"",""Hauteur [mm]"":""151 mm"",""Ø admission [mm]"":""8 mm"",""Ø Sortie [mm]"":""8 mm"",""Hauteur de l'emballage [cm]"":""16 cm"",""Poids net [kg]"":""194 g"",""Longueur de l'emballage [cm]"":""8 cm"",""Largeur de l'emballage [cm]"":""8 cm""}",[],2026-07-17T03:07:24.836Z,2026-07-17T03:07:24.836Z,active,False
autopart.tn:85016,autopart.tn,ASHIKA,61-0S-099C,Jeu de 2 Disques de frein ASHIKA 61-0S-099C,4840105100.0,,330.8,TND,En Stock,,https://autopart.tn/fiche/disque-de-frein-82/ashika-257/61-0s-099c-85016.html,https://autopart.tn/pieces/257/61-0S-099C_1.webp,Jeu de 2 Disques de frein ASHIKA 61-0S-099C,"Endroit d'assemblage: Essieu arrière | Ø [mm]: 105,5 mm | Hauteur [mm]: 67,8 mm | Diamètre extérieur [mm]: 299 mm | Épaisseur du disque de frein [mm]: 10,4 mm | Épaisseur minimum [mm]: 9 mm | Nombre d'alésages: 6 | Type de disque de frein: plein | Marque de conformité: ECE R90 APPROVED | Surface: peint | Couple de serrage [Nm]: 110 Nm | pour numéro OE: 4840105100","{""Endroit d'assemblage"":""Essieu arrière"",""Ø [mm]"":""105,5 mm"",""Hauteur [mm]"":""67,8 mm"",""Diamètre extérieur [mm]"":""299 mm"",""Épaisseur du disque de frein [mm]"":""10,4 mm"",""Épaisseur minimum [mm]"":""9 mm"",""Nombre d'alésages"":""6"",""Type de disque de frein"":""plein"",""Marque de conformité"":""ECE R90 APPROVED"",""Surface"":""peint"",""Couple de serrage [Nm]"":""110 Nm"",""pour numéro OE"":""4840105100""}","[""https://autopart.tn/pieces/257/61-0S-099C_1.webp""]",2026-07-17T03:08:08.890Z,2026-07-17T03:08:08.890Z,active,False
autopart.tn:65836,autopart.tn,ASHIKA,61-0S-000C,Jeu de 2 Disques de frein ASHIKA 61-0S-000C,,,456.0,TND,En Stock,,https://autopart.tn/fiche/disque-de-frein-82/ashika-257/61-0s-000c-65836.html,https://autopart.tn/pieces/257/61-0S-000C_1.webp,Jeu de 2 Disques de frein ASHIKA 61-0S-000C,"Endroit d'assemblage: Essieu arrière | Ø [mm]: 105,2 mm | Hauteur [mm]: 67,9 mm | Diamètre extérieur [mm]: 298,8 mm | Épaisseur du disque de frein [mm]: 10,5 mm | Épaisseur minimum [mm]: 9 mm | Nombre d'alésages: 6 | Type de disque de frein: plein | Marque de conformité: ECE R90 APPROVED | Surface: peint","{""Endroit d'assemblage"":""Essieu arrière"",""Ø [mm]"":""105,2 mm"",""Hauteur [mm]"":""67,9 mm"",""Diamètre extérieur [mm]"":""298,8 mm"",""Épaisseur du disque de frein [mm]"":""10,5 mm"",""Épaisseur minimum [mm]"":""9 mm"",""Nombre d'alésages"":""6"",""Type de disque de frein"":""plein"",""Marque de conformité"":""ECE R90 APPROVED"",""Surface"":""peint""}","[""https://autopart.tn/pieces/257/61-0S-000C_1.webp""]",2026-07-17T03:08:17.185Z,2026-07-17T03:08:17.185Z,active,False
autopart.tn:20349,autopart.tn,ASHIKA,68-S0-098,Maître-cylindre de frein ASHIKA 68-S0-098,,,516.5,TND,En Stock,,https://autopart.tn/fiche/maitre-cylindre-de-frein-258/ashika-257/68-s0-098-20349.html,https://autopart.tn/pieces/257/68-S0-098_1.webp,Maître-cylindre de frein ASHIKA 68-S0-098,"Ø 1 [mm]: 36,7 mm | Taraudage [mm]: 9 mm | Nombre de taraudages: 2","{""Ø 1 [mm]"":""36,7 mm"",""Taraudage [mm]"":""9 mm"",""Nombre de taraudages"":""2""}","[""https://autopart.tn/pieces/257/68-S0-098_1.webp""]",2026-07-17T03:08:59.352Z,2026-07-17T03:08:59.352Z,active,False
autopart.tn:14,autopart.tn,FEBI BILSTEIN,10409,Glissiere chaine distribution FEBI BILSTEIN 10409,,,87.4,TND,En Stock,,https://autopart.tn/fiche/coulisse-chaine-de-distribution-1075/febi-bilstein-101/10409-14.html,https://autopart.tn/pieces/101/10409_1.webp,Glissiere chaine distribution FEBI BILSTEIN 10409,"Matériel: Matière plastique | Distribution moteur: Chaîne | Endroit d'assemblage: droite | Poids [kg]: 0,086 kg","{""Matériel"":""Matière plastique"",""Distribution moteur"":""Chaîne"",""Endroit d'assemblage"":""droite"",""Poids [kg]"":""0,086 kg""}","[""https://autopart.tn/pieces/101/10409_1.webp""]",2026-07-17T01:57:54.992Z,2026-07-17T01:57:54.992Z,active,False
autopart.tn:558,autopart.tn,FEBI BILSTEIN,25298,Glissiere chaine distribution FEBI BILSTEIN 25298,,,64.5,TND,En Stock,,https://autopart.tn/fiche/coulisse-chaine-de-distribution-1075/febi-bilstein-101/25298-558.html,https://autopart.tn/pieces/101/25298_1.webp,Glissiere chaine distribution FEBI BILSTEIN 25298,"Distribution moteur: Chaîne | Endroit d'assemblage: gauche | Poids [kg]: 0,071 kg","{""Distribution moteur"":""Chaîne"",""Endroit d'assemblage"":""gauche"",""Poids [kg]"":""0,071 kg""}","[""https://autopart.tn/pieces/101/25298_1.webp""]",2026-07-17T02:05:56.807Z,2026-07-17T02:05:56.807Z,active,False
autopart.tn:59386,autopart.tn,FEBI BILSTEIN,01382,"Tendeur, chaîne de distribution FEBI BILSTEIN 01382",,,172.4,TND,En Stock,,https://autopart.tn/fiche/tendeur-chaine-de-distribution-571/febi-bilstein-101/01382-59386.html,https://autopart.tn/pieces/101/01382_1.webp,"Tendeur, chaîne de distribution FEBI BILSTEIN 01382","Poids [kg]: 0,161 kg | Article complémentaire / Info complémentaire 2: avec bague d'étanchéité","{""Poids [kg]"":""0,161 kg"",""Article complémentaire / Info complémentaire 2"":""avec bague d'étanchéité""}","[""https://autopart.tn/pieces/101/01382_1.webp""]",2026-07-17T02:06:18.213Z,2026-07-17T02:06:18.213Z,active,False
autopart.tn:18826,autopart.tn,ASHIKA,128-0S-S00,Tendeur courroie ASHIKA 128-0S-S00,,,232.1,TND,En Stock,,https://autopart.tn/fiche/tendeur-courroie-trapezoidale-a-nervures-540/ashika-257/128-0s-s00-18826.html,https://autopart.tn/pieces/257/128-0S-S00_1.webp,Tendeur courroie ASHIKA 128-0S-S00,Diamètre [mm]: 80 mm | Hauteur [mm]: 25 mm | Hauteur de construction [mm]: 108 mm,"{""Diamètre [mm]"":""80 mm"",""Hauteur [mm]"":""25 mm"",""Hauteur de construction [mm]"":""108 mm""}","[""https://autopart.tn/pieces/257/128-0S-S00_1.webp""]",2026-07-17T01:27:04.990Z,2026-07-17T01:27:04.990Z,active,False
autopart.tn:76218,autopart.tn,Bapmic,ATPP1111140035,"Amortisseur de vibrations, courroie trapézoïdale à nervures Bapmic ATPP1111140035",,,83.9,TND,En Stock,,https://autopart.tn/fiche/amortisseur-de-vibrations-courroie-trapezoidale-a-nervures-1637/bapmic-6752/atpp1111140035-76218.html,https://autopart.tn/pieces/6752/ATPP1111140035_1.webp,"Amortisseur de vibrations, courroie trapézoïdale à nervures Bapmic ATPP1111140035",,{},"[""https://autopart.tn/pieces/6752/ATPP1111140035_1.webp""]",2026-07-17T01:57:05.198Z,2026-07-17T01:57:05.198Z,active,False
autopart.tn:42822,autopart.tn,INA,533 0055 20,"Amortisseur de vibrations, courroie trapézoïdale à nervures INA 533 0055 20",,,177.0,TND,En Stock,,https://autopart.tn/fiche/amortisseur-de-vibrations-courroie-trapezoidale-a-nervures-1637/ina-204/533-0055-20-42822.html,,"Amortisseur de vibrations, courroie trapézoïdale à nervures INA 533 0055 20",,{},[],2026-07-17T02:06:09.168Z,2026-07-17T02:06:09.168Z,active,False
autopart.tn:89556,autopart.tn,BOSCH,1 987 946 041,Courroie BOSCH 1 987 946 041,,,61.0,TND,En Stock,,https://autopart.tn/fiche/courroie-trapezoidale-a-nervures-305/bosch-30/1-987-946-041-89556.html,,Courroie BOSCH 1 987 946 041,Nombre de gorges: 6 | Longueur [mm]: 2 155 mm,"{""Nombre de gorges"":""6"",""Longueur [mm]"":""2 155 mm""}",[],2026-07-17T01:57:23.452Z,2026-07-17T01:57:23.452Z,active,False
autopart.tn:38073,autopart.tn,KAMOKA,7016195,Courroie KAMOKA 7016195,,,48.9,TND,En Stock,,https://autopart.tn/fiche/courroie-trapezoidale-a-nervures-305/kamoka-185/7016195-38073.html,https://autopart.tn/pieces/185/7016195_1.webp,Courroie KAMOKA 7016195,Matériel: EPDM (éthylène-propylène-diène-caoutchouc) | Longueur [mm]: 2 055 mm | Nombre de gorges: 6,"{""Matériel"":""EPDM (éthylène-propylène-diène-caoutchouc)"",""Longueur [mm]"":""2 055 mm"",""Nombre de gorges"":""6""}","[""https://autopart.tn/pieces/185/7016195_1.webp""]",2026-07-17T02:12:04.867Z,2026-07-17T02:12:04.867Z,active,False
autopart.tn:85544,autopart.tn,Bapmic,BACB11-234011,"Poulie-tendeur, courroie trapézoïdale à nervures Bapmic BACB11-234011",,,51.1,TND,En Stock,,https://autopart.tn/fiche/poulie-tendeur-courroie-trapezoidale-a-nervures-310/bapmic-6752/bacb11-234011-85544.html,https://autopart.tn/pieces/6752/BACB11-234011_1.webp,"Poulie-tendeur, courroie trapézoïdale à nervures Bapmic BACB11-234011",,{},"[""https://autopart.tn/pieces/6752/BACB11-234011_1.webp""]",2026-07-17T02:12:27.424Z,2026-07-17T02:12:27.424Z,active,False
autopart.tn:53366,autopart.tn,BERU,Z100,Bougie d'allumage BERU Z100,,,12.0,TND,En Stock,,https://autopart.tn/fiche/bougie-d-allumage-686/beru-11/z100-53366.html,https://autopart.tn/pieces/11/Z100_1.webp,Bougie d'allumage BERU Z100,"Distance entre les électrodes: 0,8 mm | Type de raccord: SAE | Filetage: M14x1,25 | Ouverture de la clé: 16 mm | Bougie: 1-électrode de masse, avec siège à garniture plate | Longueur du filetage [mm]: 19 mm | Numéro d'information technique: 14 F-8 DU4 | Couple de serrage de [Nm]: 25 Nm, jusqu'à 30 Nm","{""Distance entre les électrodes"":""0,8 mm"",""Type de raccord"":""SAE"",""Filetage"":""M14x1,25"",""Ouverture de la clé"":""16 mm"",""Bougie"":""1-électrode de masse, avec siège à garniture plate"",""Longueur du filetage [mm]"":""19 mm"",""Numéro d'information technique"":""14 F-8 DU4"",""Couple de serrage de [Nm]"":""25 Nm, jusqu'à 30 Nm""}","[""https://autopart.tn/pieces/11/Z100_1.webp""]",2026-07-17T01:28:16.238Z,2026-07-17T01:28:16.238Z,active,False
autopart.tn:61685,autopart.tn,BOSCH,0 242 229 659,Bougie d'allumage BOSCH 0 242 229 659,,,12.3,TND,En Stock,,https://autopart.tn/fiche/bougie-d-allumage-686/bosch-30/0-242-229-659-61685.html,,Bougie d'allumage BOSCH 0 242 229 659,"Distance entre les électrodes: 0,8 mm | Couple de serrage [Nm]: 28 Nm | Filetage: M 14 x 1,25 | Longueur du filetage [mm]: 19 mm | Ouverture de la clé: 16 | Position d'allumage [mm]: 3 mm | Nombre de contacts enfichables: 1 pôle","{""Distance entre les électrodes"":""0,8 mm"",""Couple de serrage [Nm]"":""28 Nm"",""Filetage"":""M 14 x 1,25"",""Longueur du filetage [mm]"":""19 mm"",""Ouverture de la clé"":""16"",""Position d'allumage [mm]"":""3 mm"",""Nombre de contacts enfichables"":""1 pôle""}",[],2026-07-17T03:10:12.192Z,2026-07-17T03:10:12.192Z,active,False
autopart.tn:49488,autopart.tn,DELPHI,CE20038-12B1,Bobine d'allumage DELPHI CE20038-12B1,,,121.3,TND,En Stock,,https://autopart.tn/fiche/bobine-d-allumage-689/delphi-89/ce20038-12b1-49488.html,https://autopart.tn/pieces/89/CE20038-12B1_1.webp,Bobine d'allumage DELPHI CE20038-12B1,Bobine d'allumage: Version de raccord SAE | Type de fiche: Femelle | Nombre de contacts enfichables: 1 pôle | Voltage [V]: 12 V,"{""Bobine d'allumage"":""Version de raccord SAE"",""Type de fiche"":""Femelle"",""Nombre de contacts enfichables"":""1 pôle"",""Voltage [V]"":""12 V""}","[""https://autopart.tn/pieces/89/CE20038-12B1_1.webp""]",2026-07-17T03:00:19.735Z,2026-07-17T03:00:19.735Z,active,False
autopart.tn:62561,autopart.tn,HELLA,5DA 193 175-361,Bobine d'allumage HELLA 5DA 193 175-361,,,133.1,TND,En Stock,,https://autopart.tn/fiche/bobine-d-allumage-689/hella-2/5da-193-175-361-62561.html,,Bobine d'allumage HELLA 5DA 193 175-361,Type de montage: vissé | Nombre de trous de fixation: 4 | Voltage [V]: 12 V | Nombre de contacts enfichables: 1 pôle | Bobine d'allumage: Bobine pour distributeur,"{""Type de montage"":""vissé"",""Nombre de trous de fixation"":""4"",""Voltage [V]"":""12 V"",""Nombre de contacts enfichables"":""1 pôle"",""Bobine d'allumage"":""Bobine pour distributeur""}",[],2026-07-16T23:07:20.241Z,2026-07-16T23:07:20.241Z,active,False
autopart.tn:22022,autopart.tn,KAMOKA,7120005,Bobine d'allumage KAMOKA 7120005,,,107.5,TND,En Stock,,https://autopart.tn/fiche/bobine-d-allumage-689/kamoka-185/7120005-22022.html,https://autopart.tn/pieces/185/7120005_1.webp,Bobine d'allumage KAMOKA 7120005,Bobine d'allumage: Cosse de bougie d'allumage comprise | Nombres de pôles: 1 pôle | Nombre d'entrées/sorties: 2 | Type de raccord: SAE/M4 | Nombre de contacts enfichables: 1 pôle,"{""Bobine d'allumage"":""Cosse de bougie d'allumage comprise"",""Nombres de pôles"":""1 pôle"",""Nombre d'entrées/sorties"":""2"",""Type de raccord"":""SAE/M4"",""Nombre de contacts enfichables"":""1 pôle""}","[""https://autopart.tn/pieces/185/7120005_1.webp""]",2026-07-17T03:10:00.312Z,2026-07-17T03:10:00.312Z,active,False
autopart.tn:21357,autopart.tn,ASHIKA,MA-SS000,Amortisseur ASHIKA MA-SS000,,,109.2,TND,En Stock,,https://autopart.tn/fiche/amortisseur-854/ashika-257/ma-ss000-21357.html,https://autopart.tn/pieces/257/MA-SS000_1.webp,Amortisseur ASHIKA MA-SS000,"Endroit d'assemblage: Essieu avant | Système d'amortisseur: Système bitube | Type d'amortisseur: Pression de gaz | Mode de serrage d'amortisseur: Goujon en haut, Bossage en bas | Modèle d'amortisseur: Amortisseur télescopique","{""Endroit d'assemblage"":""Essieu avant"",""Système d'amortisseur"":""Système bitube"",""Type d'amortisseur"":""Pression de gaz"",""Mode de serrage d'amortisseur"":""Goujon en haut, Bossage en bas"",""Modèle d'amortisseur"":""Amortisseur télescopique""}","[""https://autopart.tn/pieces/257/MA-SS000_1.webp""]",2026-07-17T03:10:23.409Z,2026-07-17T03:10:23.409Z,active,False
autopart.tn:20577,autopart.tn,ASHIKA,73-0S-S01,Rotule de suspension ASHIKA 73-0S-S01,,,64.0,TND,En Stock,,https://autopart.tn/fiche/rotule-de-suspension-2462/ashika-257/73-0s-s01-20577.html,https://autopart.tn/pieces/257/73-0S-S01_1.webp,Rotule de suspension ASHIKA 73-0S-S01,"Endroit d'assemblage: Essieu avant, supérieur | Hauteur de construction [mm]: 97 mm | Diamètre de montage [mm]: 18 mm | Filetage extérieur 1 [mm]: 16 X 1,5 mm","{""Endroit d'assemblage"":""Essieu avant, supérieur"",""Hauteur de construction [mm]"":""97 mm"",""Diamètre de montage [mm]"":""18 mm"",""Filetage extérieur 1 [mm]"":""16 X 1,5 mm""}","[""https://autopart.tn/pieces/257/73-0S-S01_1.webp""]",2026-07-17T03:15:47.905Z,2026-07-17T03:15:47.905Z,active,False
autopart.tn:20578,autopart.tn,ASHIKA,73-0S-S02,Rotule de suspension ASHIKA 73-0S-S02,,,90.1,TND,En Stock,,https://autopart.tn/fiche/rotule-de-suspension-2462/ashika-257/73-0s-s02-20578.html,https://autopart.tn/pieces/257/73-0S-S02_1.webp,Rotule de suspension ASHIKA 73-0S-S02,"Endroit d'assemblage: Essieu avant, inférieur | Hauteur de construction [mm]: 105 mm | Diamètre de montage [mm]: 18 mm | Filetage extérieur [mm]: M 14 X 1,5 mm","{""Endroit d'assemblage"":""Essieu avant, inférieur"",""Hauteur de construction [mm]"":""105 mm"",""Diamètre de montage [mm]"":""18 mm"",""Filetage extérieur [mm]"":""M 14 X 1,5 mm""}","[""https://autopart.tn/pieces/257/73-0S-S02_1.webp""]",2026-07-17T03:15:56.199Z,2026-07-17T03:15:56.199Z,active,False
autopart.tn:18525,autopart.tn,ASHIKA,103-0S-S02,"Rotule de direction intérieure, barre de connexion ASHIKA 103-0S-S02",,,51.1,TND,En Stock,,https://autopart.tn/fiche/rotule-de-direction-interieure-barre-de-connexion-51/ashika-257/103-0s-s02-18525.html,https://autopart.tn/pieces/257/103-0S-S02_1.webp,"Rotule de direction intérieure, barre de connexion ASHIKA 103-0S-S02","Endroit d'assemblage: Essieu avant | Longueur globale: 292 mm | Filetage extérieur [mm]: M 17 X 1 mm | Filetage extérieur 1 [mm]: M 14 X 1,5 mm","{""Endroit d'assemblage"":""Essieu avant"",""Longueur globale"":""292 mm"",""Filetage extérieur [mm]"":""M 17 X 1 mm"",""Filetage extérieur 1 [mm]"":""M 14 X 1,5 mm""}","[""https://autopart.tn/pieces/257/103-0S-S02_1.webp""]",2026-07-17T01:44:05.519Z,2026-07-17T01:44:05.519Z,active,False
autopart.tn:68388,autopart.tn,BLUE PRINT,ADU173305,Butée de débrayage BLUE PRINT ADU173305,001 250 70 15,,113.7,TND,En Stock,,https://autopart.tn/fiche/butee-de-debrayage-48/blue-print-350/adu173305-68388.html,https://autopart.tn/pieces/350/ADU173305_1.webp,Butée de débrayage BLUE PRINT ADU173305,"Poids [kg]: 0,264 kg | pour numéro OE: 001 250 70 15","{""Poids [kg]"":""0,264 kg"",""pour numéro OE"":""001 250 70 15""}","[""https://autopart.tn/pieces/350/ADU173305_1.webp""]",2026-07-17T02:48:07.124Z,2026-07-17T02:48:07.124Z,active,False
autopart.tn:45562,autopart.tn,ELRING,122.810,Joint culasse ELRING 122.810,,,80.2,TND,En Stock,,https://autopart.tn/fiche/joint-d-etancheite-culasse-318/elring-10/122-810-45562.html,https://autopart.tn/pieces/10/122.810_1.webp,Joint culasse ELRING 122.810,Diamètre [mm]: 91 mm | Type de joint d'étanchéité: Joint d'étanchéité pour métal souple,"{""Diamètre [mm]"":""91 mm"",""Type de joint d'étanchéité"":""Joint d'étanchéité pour métal souple""}","[""https://autopart.tn/pieces/10/122.810_1.webp""]",2026-07-17T01:30:43.242Z,2026-07-17T01:30:43.242Z,active,False
autopart.tn:63939,autopart.tn,Bapmic,BF0425290025,"Joint d'étanchéité, carter d'huile Bapmic BF0425290025",,,31.8,TND,En Stock,,https://autopart.tn/fiche/joint-d-etancheite-carter-d-huile-137/bapmic-6752/bf0425290025-63939.html,https://autopart.tn/pieces/6752/BF0425290025_1.webp,"Joint d'étanchéité, carter d'huile Bapmic BF0425290025",,{},"[""https://autopart.tn/pieces/6752/BF0425290025_1.webp""]",2026-07-17T02:15:05.978Z,2026-07-17T02:15:05.978Z,active,False
autopart.tn:45538,autopart.tn,ELRING,175.143,"Joint d'étanchéité, carter d'huile ELRING 175.143",,,39.8,TND,En Stock,,https://autopart.tn/fiche/joint-d-etancheite-carter-d-huile-137/elring-10/175-143-45538.html,https://autopart.tn/pieces/10/175.143_1.webp,"Joint d'étanchéité, carter d'huile ELRING 175.143",,{},"[""https://autopart.tn/pieces/10/175.143_1.webp""]",2026-07-17T02:15:14.385Z,2026-07-17T02:15:14.385Z,active,False
autopart.tn:19228,autopart.tn,ASHIKA,35-S0-099,Pompe à eau ASHIKA 35-S0-099,,,326.5,TND,En Stock,,https://autopart.tn/fiche/pompe-a-eau-1260/ashika-257/35-s0-099-19228.html,https://autopart.tn/pieces/257/35-S0-099_1.webp,Pompe à eau ASHIKA 35-S0-099,Hauteur de construction [mm]: 119 mm | Nombre de trous de fixation: 4 | Espace entre les trous de fixation [mm]: 40 mm,"{""Hauteur de construction [mm]"":""119 mm"",""Nombre de trous de fixation"":""4"",""Espace entre les trous de fixation [mm]"":""40 mm""}","[""https://autopart.tn/pieces/257/35-S0-099_1.webp""]",2026-07-17T01:31:13.199Z,2026-07-17T01:31:13.199Z,active,False
autopart.tn:4905,autopart.tn,KAMOKA,T0187,Pompe à eau KAMOKA T0187,111 200 04 01,,199.5,TND,En Stock,,https://autopart.tn/fiche/pompe-a-eau-1260/kamoka-185/t0187-4905.html,https://autopart.tn/pieces/185/T0187_1.webp,Pompe à eau KAMOKA T0187,pour numéro OE: 111 200 04 01,"{""pour numéro OE"":""111 200 04 01""}","[""https://autopart.tn/pieces/185/T0187_1.webp""]",2026-07-17T01:31:21.850Z,2026-07-17T01:31:21.850Z,active,False
autopart.tn:45487,autopart.tn,ELRING,899.917,"Jeu de joints d'étanchéité, couvercle de culasse ELRING 899.917",,,99.8,TND,En Stock,,https://autopart.tn/fiche/jeu-de-joints-d-etancheite-couvercle-de-culasse-979/elring-10/899-917-45487.html,https://autopart.tn/pieces/10/899.917_1.webp,"Jeu de joints d'étanchéité, couvercle de culasse ELRING 899.917",,{},"[""https://autopart.tn/pieces/10/899.917_1.webp""]",2026-07-17T02:00:36.874Z,2026-07-17T02:00:36.874Z,active,False
autopart.tn:49658,autopart.tn,FEBI BILSTEIN,31974,"Jeu de joints d'étanchéité, couvercle de culasse FEBI BILSTEIN 31974",,,93.1,TND,En Stock,,https://autopart.tn/fiche/jeu-de-joints-d-etancheite-couvercle-de-culasse-979/febi-bilstein-101/31974-49658.html,https://autopart.tn/pieces/101/31974_1.webp,"Jeu de joints d'étanchéité, couvercle de culasse FEBI BILSTEIN 31974","Poids [kg]: 0,202 kg","{""Poids [kg]"":""0,202 kg""}","[""https://autopart.tn/pieces/101/31974_1.webp""]",2026-07-16T22:55:39.308Z,2026-07-16T22:55:39.308Z,active,False
autopart.tn:45750,autopart.tn,ELRING,746.420,Pochette joint haute ELRING 746.420,,,192.6,TND,En Stock,,https://autopart.tn/fiche/pochette-haute-319/elring-10/746-420-45750.html,https://autopart.tn/pieces/10/746.420_1.webp,Pochette joint haute ELRING 746.420,"Article complémentaire/Info complémentaire: sans joint de couvercle de soupape, sans joint de tige de soupape","{""Article complémentaire/Info complémentaire"":""sans joint de couvercle de soupape, sans joint de tige de soupape""}","[""https://autopart.tn/pieces/10/746.420_1.webp""]",2026-07-17T01:31:50.146Z,2026-07-17T01:31:50.146Z,active,False
autopart.tn:21837,autopart.tn,KAMOKA,4080003,"Sonde de température, liquide de refroidissement KAMOKA 4080003",,,29.8,TND,En Stock,,https://autopart.tn/fiche/sonde-de-temperature-liquide-de-refroidissement-830/kamoka-185/4080003-21837.html,https://autopart.tn/pieces/185/4080003_1.webp,"Sonde de température, liquide de refroidissement KAMOKA 4080003","Longueur [mm]: 52 mm | Nombre de connexions: 1 | Couleur du carter: noir | C]: 120 Celsius | Ouverture de la clé: 19 | Filetage: M14x1,5","{""Longueur [mm]"":""52 mm"",""Nombre de connexions"":""1"",""Couleur du carter"":""noir"",""C]"":""120 Celsius"",""Ouverture de la clé"":""19"",""Filetage"":""M14x1,5""}","[""https://autopart.tn/pieces/185/4080003_1.webp""]",2026-07-17T03:17:26.690Z,2026-07-17T03:17:26.690Z,active,False
autopart.tn:62600,autopart.tn,HELLA,9XW 178 878-181,Balai d'essuie-glace HELLA 9XW 178 878-181,,,20.0,TND,En Stock,,https://autopart.tn/fiche/balai-d-essuie-glace-298/hella-2/9xw-178-878-181-62600.html,,Balai d'essuie-glace HELLA 9XW 178 878-181,Endroit d'assemblage: avant | Longueur [mm]: 18 Pouce | glace: Balai d'essuie-glace conventionnel | Quantité: 1 | Véhicule avec direction à gauche ou à droite: pour véhicules avec direction à gauche,"{""Endroit d'assemblage"":""avant"",""Longueur [mm]"":""18 Pouce"",""glace"":""Balai d'essuie-glace conventionnel"",""Quantité"":""1"",""Véhicule avec direction à gauche ou à droite"":""pour véhicules avec direction à gauche""}",[],2026-07-17T02:49:26.192Z,2026-07-17T02:49:26.192Z,active,False
autopart.tn:2786,autopart.tn,KAMOKA,27M450,Balai d'essuie-glace KAMOKA 27M450,,,20.6,TND,En Stock,,https://autopart.tn/fiche/balai-d-essuie-glace-298/kamoka-185/27m450-2786.html,https://autopart.tn/pieces/185/27M450_1.webp,Balai d'essuie-glace KAMOKA 27M450,glace: Balai d'essuie-glace plat | Styling: avec spoiler | Longueur [mm]: 450 mm | Endroit d'assemblage: avant,"{""glace"":""Balai d'essuie-glace plat"",""Styling"":""avec spoiler"",""Longueur [mm]"":""450 mm"",""Endroit d'assemblage"":""avant""}","[""https://autopart.tn/pieces/185/27M450_1.webp""]",2026-07-17T03:17:57.033Z,2026-07-17T03:17:57.033Z,active,False
autopart.tn:44833,autopart.tn,VALEO,575003,Balai d'essuie-glace VALEO 575003,,,38.7,TND,En Stock,,https://autopart.tn/fiche/balai-d-essuie-glace-298/valeo-21/575003-44833.html,https://autopart.tn/pieces/21/575003_1.webp,Balai d'essuie-glace VALEO 575003,glace: Balai d'essuie-glace plat | Quantité: 1 | Longueur [mm]: 18 Pouce | Adaptateur conforme: U | Adaptateur ajouté: M+A+B+C | Matériau de la lame: SBR (caoutchouc styrène-butadiène),"{""glace"":""Balai d'essuie-glace plat"",""Quantité"":""1"",""Longueur [mm]"":""18 Pouce"",""Adaptateur conforme"":""U"",""Adaptateur ajouté"":""M+A+B+C"",""Matériau de la lame"":""SBR (caoutchouc styrène-butadiène)""}","[""https://autopart.tn/pieces/21/575003_1.webp""]",2026-07-17T03:18:05.601Z,2026-07-17T03:18:05.601Z,active,False
autopart.tn:25483,autopart.tn,FARE,29874,Pipette d'eau FARE 29874,,,64.0,TND,En Stock,,https://autopart.tn/fiche/pipette-eau-3219/fare-4834/29874-25483.html,https://autopart.tn/pieces/4834/29874_1.webp,Pipette d'eau FARE 29874,C]: 87 °C | Article complémentaire / Info complémentaire 2: avec thermostat,"{""C]"":""87 °C"",""Article complémentaire / Info complémentaire 2"":""avec thermostat""}","[""https://autopart.tn/pieces/4834/29874_1.webp""]",2026-07-17T01:46:35.470Z,2026-07-17T01:46:35.470Z,active,False
autopart.tn:40230,autopart.tn,KAMOKA,7710096,Boîtier du thermostat KAMOKA 7710096,111 203 02 75,,56.1,TND,En Stock,,https://autopart.tn/fiche/boitier-du-thermostat-1792/kamoka-185/7710096-40230.html,https://autopart.tn/pieces/185/7710096_1.webp,Boîtier du thermostat KAMOKA 7710096,Article complémentaire/Info complémentaire: avec joint d'étanchéite | Article complémentaire / Info complémentaire 2: avec thermostat | C]: 87 °C | Diamètre [mm]: 43 mm | Hauteur [mm]: 33 mm | pour numéro OE: 111 203 02 75,"{""Article complémentaire/Info complémentaire"":""avec joint d'étanchéite"",""Article complémentaire / Info complémentaire 2"":""avec thermostat"",""C]"":""87 °C"",""Diamètre [mm]"":""43 mm"",""Hauteur [mm]"":""33 mm"",""pour numéro OE"":""111 203 02 75""}","[""https://autopart.tn/pieces/185/7710096_1.webp""]",2026-07-17T02:01:33.139Z,2026-07-17T02:01:33.139Z,active,False
autopart.tn:20199,autopart.tn,ASHIKA,63-00-009,"Soufflet, arbre de commande ASHIKA 63-00-009",,,41.5,TND,En Stock,,https://autopart.tn/fiche/jeu-de-joints-soufflets-arbre-de-commande-194/ashika-257/63-00-009-20199.html,https://autopart.tn/pieces/257/63-00-009_1.webp,"Soufflet, arbre de commande ASHIKA 63-00-009",Diamètre 1 [mm]: 23 mm | Diamètre 2[mm]: 96 mm | Longueur [mm]: 93 mm | Endroit d'assemblage: côté roue,"{""Diamètre 1 [mm]"":""23 mm"",""Diamètre 2[mm]"":""96 mm"",""Longueur [mm]"":""93 mm"",""Endroit d'assemblage"":""côté roue""}","[""https://autopart.tn/pieces/257/63-00-009_1.webp""]",2026-07-17T01:33:01.635Z,2026-07-17T01:33:01.635Z,active,False
autopart.tn:89497,autopart.tn,BOSCH,1 987 947 988,Courroie BOSCH 1 987 947 988,,,72.7,TND,En Stock,,https://autopart.tn/fiche/courroie-trapezoidale-a-nervures-305/bosch-30/1-987-947-988-89497.html,,Courroie BOSCH 1 987 947 988,Nombre de gorges: 6 | Longueur [mm]: 2 055 mm,"{""Nombre de gorges"":""6"",""Longueur [mm]"":""2 055 mm""}",[],2026-07-17T02:29:14.474Z,2026-07-17T02:29:14.474Z,active,False
autopart.tn:38086,autopart.tn,KAMOKA,7016208,Courroie KAMOKA 7016208,,,58.2,TND,En Stock,,https://autopart.tn/fiche/courroie-trapezoidale-a-nervures-305/kamoka-185/7016208-38086.html,https://autopart.tn/pieces/185/7016208_1.webp,Courroie KAMOKA 7016208,Matériel: EPDM (éthylène-propylène-diène-caoutchouc) | Longueur [mm]: 2 160 mm | Largeur [mm]: 21 mm | Nombre de gorges: 6,"{""Matériel"":""EPDM (éthylène-propylène-diène-caoutchouc)"",""Longueur [mm]"":""2 160 mm"",""Largeur [mm]"":""21 mm"",""Nombre de gorges"":""6""}","[""https://autopart.tn/pieces/185/7016208_1.webp""]",2026-07-17T02:11:49.431Z,2026-07-17T02:11:49.431Z,active,False
autopart.tn:53368,autopart.tn,BERU,Z240,Bougie d'allumage BERU Z240,,,39.8,TND,En Stock,,https://autopart.tn/fiche/bougie-d-allumage-686/beru-11/z240-53368.html,https://autopart.tn/pieces/11/Z240_1.webp,Bougie d'allumage BERU Z240,"Distance entre les électrodes: 1 mm | Type de raccord: SAE | Filetage: M14x1,25 | Ouverture de la clé: 16 mm | Bougie: 1-électrode de masse, avec siège à garniture plate | Longueur du filetage [mm]: 19 mm | Numéro d'information technique: 14 F-8 DPURX02 | Couple de serrage de [Nm]: 25 Nm, jusqu'à 30 Nm","{""Distance entre les électrodes"":""1 mm"",""Type de raccord"":""SAE"",""Filetage"":""M14x1,25"",""Ouverture de la clé"":""16 mm"",""Bougie"":""1-électrode de masse, avec siège à garniture plate"",""Longueur du filetage [mm]"":""19 mm"",""Numéro d'information technique"":""14 F-8 DPURX02"",""Couple de serrage de [Nm]"":""25 Nm, jusqu'à 30 Nm""}","[""https://autopart.tn/pieces/11/Z240_1.webp""]",2026-07-16T23:07:35.952Z,2026-07-16T23:07:35.952Z,active,False
autopart.tn:20633,autopart.tn,ASHIKA,85-0W-W03,"Cylindre récepteur, embrayage ASHIKA 85-0W-W03",,,127.9,TND,En Stock,,https://autopart.tn/fiche/cylindre-recepteur-embrayage-620/ashika-257/85-0w-w03-20633.html,https://autopart.tn/pieces/257/85-0W-W03_1.webp,"Cylindre récepteur, embrayage ASHIKA 85-0W-W03",Ø: 18 mm | Espace entre les trous de fixation [mm]: 52 mm | Taraudage [mm]: 9 mm | Nombre de taraudages: 1,"{""Ø"":""18 mm"",""Espace entre les trous de fixation [mm]"":""52 mm"",""Taraudage [mm]"":""9 mm"",""Nombre de taraudages"":""1""}","[""https://autopart.tn/pieces/257/85-0W-W03_1.webp""]",2026-07-17T02:47:55.223Z,2026-07-17T02:47:55.223Z,active,False
autopart.tn:81324,autopart.tn,VICTOR REINZ,15-31001-01,"Jeu de joints d'étanchéité, couvercle de culasse VICTOR REINZ 15-31001-01",,,80.6,TND,En Stock,,https://autopart.tn/fiche/jeu-de-joints-d-etancheite-couvercle-de-culasse-979/victor-reinz-9/15-31001-01-81324.html,https://autopart.tn/pieces/9/15-31001-01_1.webp,"Jeu de joints d'étanchéité, couvercle de culasse VICTOR REINZ 15-31001-01",,{},"[""https://autopart.tn/pieces/9/15-31001-01_1.webp""]",2026-07-17T02:14:53.152Z,2026-07-17T02:14:53.152Z,active,False
autopart.tn:1421,autopart.tn,GOETZE,22-27311-50/0,Pochette joint basse GOETZE 22-27311-50/0,,,102.6,TND,En Stock,,https://autopart.tn/fiche/pochette-basse-150/goetze-60/22-27311-50-0-1421.html,https://autopart.tn/pieces/60/22-27311-50-0_1.webp,Pochette joint basse GOETZE 22-27311-50/0,Article complémentaire/Info complémentaire: avec bague d'étanchéité - vilebrequin,"{""Article complémentaire/Info complémentaire"":""avec bague d'étanchéité - vilebrequin""}","[""https://autopart.tn/pieces/60/22-27311-50-0_1.webp""]",2026-07-17T01:44:58.669Z,2026-07-17T01:44:58.669Z,active,False
autopart.tn:75915,autopart.tn,KAMOKA,T0180,Pompe à eau KAMOKA T0180,,,353.4,TND,En Stock,,https://autopart.tn/fiche/pompe-a-eau-1260/kamoka-185/t0180-75915.html,https://autopart.tn/pieces/185/T0180_1.webp,Pompe à eau KAMOKA T0180,Article complémentaire/Info complémentaire: avec joints | Matériau turbine de la pompe à eau: Métal,"{""Article complémentaire/Info complémentaire"":""avec joints"",""Matériau turbine de la pompe à eau"":""Métal""}","[""https://autopart.tn/pieces/185/T0180_1.webp""]",2026-07-17T01:45:10.619Z,2026-07-17T01:45:10.619Z,active,False
autopart.tn:46509,autopart.tn,VICTOR REINZ,71-29170-10,"Joint d'étanchéité, carter d'huile VICTOR REINZ 71-29170-10",,,26.8,TND,En Stock,,https://autopart.tn/fiche/joint-d-etancheite-carter-d-huile-137/victor-reinz-9/71-29170-10-46509.html,https://autopart.tn/pieces/9/71-29170-10_1.webp,"Joint d'étanchéité, carter d'huile VICTOR REINZ 71-29170-10","Épaisseur [mm]: 0,5 mm","{""Épaisseur [mm]"":""0,5 mm""}","[""https://autopart.tn/pieces/9/71-29170-10_1.webp""]",2026-07-17T01:45:37.190Z,2026-07-17T01:45:37.190Z,active,False
autopart.tn:22993,autopart.tn,KAMOKA,109001,Capteur vilebrequin KAMOKA 109001,9118368.0,,60.0,TND,En Stock,,https://autopart.tn/fiche/capteur-d-angle-vilebrequin-833/kamoka-185/109001-22993.html,https://autopart.tn/pieces/185/109001_1.webp,Capteur vilebrequin KAMOKA 109001,Nombre de connexions: 2 | Résistance [ohm]: 920 Ohm | Hauteur [mm]: 34 mm | Type de capteur: Capteur passif | pour numéro OE: 9118368,"{""Nombre de connexions"":""2"",""Résistance [ohm]"":""920 Ohm"",""Hauteur [mm]"":""34 mm"",""Type de capteur"":""Capteur passif"",""pour numéro OE"":""9118368""}","[""https://autopart.tn/pieces/185/109001_1.webp""]",2026-07-16T23:10:56.194Z,2026-07-16T23:10:56.194Z,active,False
autopart.tn:40229,autopart.tn,KAMOKA,7710086,Boîtier du thermostat KAMOKA 7710086,A1112000315,,57.8,TND,En Stock,,https://autopart.tn/fiche/boitier-du-thermostat-1792/kamoka-185/7710086-40229.html,https://autopart.tn/pieces/185/7710086_1.webp,Boîtier du thermostat KAMOKA 7710086,Article complémentaire/Info complémentaire: avec joint d'étanchéite | Article complémentaire / Info complémentaire 2: avec thermostat | C]: 87 °C | Diamètre [mm]: 43 mm | Hauteur [mm]: 33 mm | pour numéro OE: A1112000315,"{""Article complémentaire/Info complémentaire"":""avec joint d'étanchéite"",""Article complémentaire / Info complémentaire 2"":""avec thermostat"",""C]"":""87 °C"",""Diamètre [mm]"":""43 mm"",""Hauteur [mm]"":""33 mm"",""pour numéro OE"":""A1112000315""}","[""https://autopart.tn/pieces/185/7710086_1.webp""]",2026-07-16T23:11:57.940Z,2026-07-16T23:11:57.940Z,active,False
autopart.tn:1296,autopart.tn,CHAMPION,CAF100700P,Filtre à air CHAMPION CAF100700P,,,39.8,TND,En Stock,,https://autopart.tn/fiche/filtre-a-air-8/champion-43/caf100700p-1296.html,https://autopart.tn/pieces/43/CAF100700P_1.webp,Filtre à air CHAMPION CAF100700P,"Longueur [mm]: 334 mm | Largeur [mm]: 190 mm | Hauteur [mm]: 56 mm | Type d'emballage: Boîte | Type de filtre: Cartouche filtrante | Longueur de l'emballage [cm]: 36,5 cm | Largeur de l'emballage [cm]: 19,9 cm | Hauteur de l'emballage [cm]: 5,5 cm","{""Longueur [mm]"":""334 mm"",""Largeur [mm]"":""190 mm"",""Hauteur [mm]"":""56 mm"",""Type d'emballage"":""Boîte"",""Type de filtre"":""Cartouche filtrante"",""Longueur de l'emballage [cm]"":""36,5 cm"",""Largeur de l'emballage [cm]"":""19,9 cm"",""Hauteur de l'emballage [cm]"":""5,5 cm""}","[""https://autopart.tn/pieces/43/CAF100700P_1.webp""]",2026-07-17T01:50:04.220Z,2026-07-17T01:50:04.220Z,active,False
autopart.tn:89439,autopart.tn,MAHLE ORIGINAL,LX 517,Filtre à air MAHLE ORIGINAL LX 517,,,62.8,TND,En Stock,,https://autopart.tn/fiche/filtre-a-air-8/mahle-original-287/lx-517-89439.html,,Filtre à air MAHLE ORIGINAL LX 517,"Type de filtre: Cartouche filtrante | Longueur [mm]: 335,5 mm | Largeur [mm]: 190 mm | Hauteur [mm]: 56,8 mm | Matériau joint: Mousse/Mousse rigide | Longueur de l'emballage [cm]: 19,5 cm | Poids net [kg]: 324 g | Hauteur de l'emballage [cm]: 34 cm | Largeur de l'emballage [cm]: 6 cm","{""Type de filtre"":""Cartouche filtrante"",""Longueur [mm]"":""335,5 mm"",""Largeur [mm]"":""190 mm"",""Hauteur [mm]"":""56,8 mm"",""Matériau joint"":""Mousse/Mousse rigide"",""Longueur de l'emballage [cm]"":""19,5 cm"",""Poids net [kg]"":""324 g"",""Hauteur de l'emballage [cm]"":""34 cm"",""Largeur de l'emballage [cm]"":""6 cm""}",[],2026-07-17T01:50:21.025Z,2026-07-17T01:50:21.025Z,active,False
autopart.tn:50221,autopart.tn,MAHLE ORIGINAL,TI 21 87,Thermostat d'eau MAHLE ORIGINAL TI 21 87,,,102.9,TND,En Stock,,https://autopart.tn/fiche/thermostat-d-eau-316/mahle-original-287/ti-21-87-50221.html,,Thermostat d'eau MAHLE ORIGINAL TI 21 87,"C]: 87 °C | Article complémentaire/Info complémentaire: avec joint d'étanchéite | Largeur de l'emballage [cm]: 11,2 cm | Hauteur de l'emballage [cm]: 11,2 cm | Longueur de l'emballage [cm]: 12 cm | Poids net [kg]: 256 g","{""C]"":""87 °C"",""Article complémentaire/Info complémentaire"":""avec joint d'étanchéite"",""Largeur de l'emballage [cm]"":""11,2 cm"",""Hauteur de l'emballage [cm]"":""11,2 cm"",""Longueur de l'emballage [cm]"":""12 cm"",""Poids net [kg]"":""256 g""}",[],2026-07-17T02:01:41.298Z,2026-07-17T02:01:41.298Z,active,False
autopart.tn:3807,autopart.tn,KAMOKA,F100301,Filtre à huile KAMOKA F100301,,,12.7,TND,En Stock,,https://autopart.tn/fiche/filtre-a-huile-7/kamoka-185/f100301-3807.html,https://autopart.tn/pieces/185/F100301_1.webp,Filtre à huile KAMOKA F100301,"Article complémentaire / Info complémentaire 2: avec un clapet de non retour | Type de filtre: Filtre vissé | Type de soupape: Valve de limitation de pression | Filetage: M 20X1,5 | Diamètre extérieur [mm]: 76 mm | Hauteur [mm]: 55 mm","{""Article complémentaire / Info complémentaire 2"":""avec un clapet de non retour"",""Type de filtre"":""Filtre vissé"",""Type de soupape"":""Valve de limitation de pression"",""Filetage"":""M 20X1,5"",""Diamètre extérieur [mm]"":""76 mm"",""Hauteur [mm]"":""55 mm""}","[""https://autopart.tn/pieces/185/F100301_1.webp""]",2026-07-17T02:02:53.662Z,2026-07-17T02:02:53.662Z,active,False
autopart.tn:22633,autopart.tn,KAMOKA,R0164,"Poulie-Tendeur, Courroie De Distribution KAMOKA R0164",,,92.5,TND,En Stock,,https://autopart.tn/fiche/Poulie-Tendeur-Courroie-De-Distribution-308/kamoka-185/r0164-22633.html,https://autopart.tn/pieces/185/R0164_1.webp,"Poulie-Tendeur, Courroie De Distribution KAMOKA R0164",Largeur [mm]: 32 mm | Diamètre extérieur [mm]: 66 mm,"{""Largeur [mm]"":""32 mm"",""Diamètre extérieur [mm]"":""66 mm""}","[""https://autopart.tn/pieces/185/R0164_1.webp""]",2026-07-17T02:12:16.331Z,2026-07-17T02:12:16.331Z,active,False
autopart.tn:4911,autopart.tn,KAMOKA,T0205,Pompe à eau KAMOKA T0205,MW30620725,,104.6,TND,En Stock,,https://autopart.tn/fiche/pompe-a-eau-1260/kamoka-185/t0205-4911.html,https://autopart.tn/pieces/185/T0205_1.webp,Pompe à eau KAMOKA T0205,pour numéro OE: MW30620725,"{""pour numéro OE"":""MW30620725""}","[""https://autopart.tn/pieces/185/T0205_1.webp""]",2026-07-17T00:29:29.751Z,2026-07-17T00:29:29.751Z,active,False
autopart.tn:71646,autopart.tn,KAMOKA,7920023,Pipette d'eau KAMOKA 7920023,,,30.0,TND,En Stock,,https://autopart.tn/fiche/pipette-eau-3219/kamoka-185/7920023-71646.html,https://autopart.tn/pieces/185/7920023_1.webp,Pipette d'eau KAMOKA 7920023,fabricant: 7920023,"{""fabricant"":""7920023""}","[""https://autopart.tn/pieces/185/7920023_1.webp""]",2026-07-17T00:31:10.590Z,2026-07-17T00:31:10.590Z,active,False
autopart.tn:68317,autopart.tn,BLUE PRINT,ADG02201,Filtre à air BLUE PRINT ADG02201,,,41.5,TND,En Stock,,https://autopart.tn/fiche/filtre-a-air-8/blue-print-350/adg02201-68317.html,https://autopart.tn/pieces/350/ADG02201_1.webp,Filtre à air BLUE PRINT ADG02201,"Type de filtre: Cartouche filtrante | Longueur [mm]: 379 mm | Largeur [mm]: 171 mm | Hauteur [mm]: 55 mm | Poids [kg]: 0,592 kg","{""Type de filtre"":""Cartouche filtrante"",""Longueur [mm]"":""379 mm"",""Largeur [mm]"":""171 mm"",""Hauteur [mm]"":""55 mm"",""Poids [kg]"":""0,592 kg""}","[""https://autopart.tn/pieces/350/ADG02201_1.webp""]",2026-07-17T02:20:13.854Z,2026-07-17T02:20:13.854Z,active,False
autopart.tn:53094,autopart.tn,FEBI BILSTEIN,30366,Filtre à air FEBI BILSTEIN 30366,,,36.5,TND,En Stock,,https://autopart.tn/fiche/filtre-a-air-8/febi-bilstein-101/30366-53094.html,https://autopart.tn/pieces/101/30366_1.webp,Filtre à air FEBI BILSTEIN 30366,"Type de filtre: Cartouche filtrante | Longueur [mm]: 287 mm | Largeur [mm]: 170 mm | Hauteur [mm]: 49 mm | Poids [kg]: 0,31 kg","{""Type de filtre"":""Cartouche filtrante"",""Longueur [mm]"":""287 mm"",""Largeur [mm]"":""170 mm"",""Hauteur [mm]"":""49 mm"",""Poids [kg]"":""0,31 kg""}","[""https://autopart.tn/pieces/101/30366_1.webp""]",2026-07-16T23:29:34.134Z,2026-07-16T23:29:34.134Z,active,False
autopart.tn:4099,autopart.tn,KAMOKA,F303001,Filtre à carburant KAMOKA F303001,,,15.0,TND,En Stock,,https://autopart.tn/fiche/filtre-a-carburant-9/kamoka-185/f303001-4099.html,https://autopart.tn/pieces/185/F303001_1.webp,Filtre à carburant KAMOKA F303001,Type de filtre: Filtre de conduite | Ø admission [mm]: 8 mm | Diamètre extérieur [mm]: 36 mm | Ø Sortie [mm]: 8 mm | Hauteur [mm]: 103 mm | Type de carburant: Diesel,"{""Type de filtre"":""Filtre de conduite"",""Ø admission [mm]"":""8 mm"",""Diamètre extérieur [mm]"":""36 mm"",""Ø Sortie [mm]"":""8 mm"",""Hauteur [mm]"":""103 mm"",""Type de carburant"":""Diesel""}","[""https://autopart.tn/pieces/185/F303001_1.webp""]",2026-07-17T02:37:50.086Z,2026-07-17T02:37:50.086Z,active,False
autopart.tn:77076,autopart.tn,KAVO PARTS,DF-7743,Filtre à carburant KAVO PARTS DF-7743,,,36.2,TND,En Stock,,https://autopart.tn/fiche/filtre-a-carburant-9/kavo-parts-201/df-7743-77076.html,https://autopart.tn/pieces/201/DF-7743_1.webp,Filtre à carburant KAVO PARTS DF-7743,Hauteur [mm]: 100 mm | Filetage: M12 P1.5 | Diamètre extérieur [mm]: 88 mm | Type de filtre: Filtre vissé,"{""Hauteur [mm]"":""100 mm"",""Filetage"":""M12 P1.5"",""Diamètre extérieur [mm]"":""88 mm"",""Type de filtre"":""Filtre vissé""}","[""https://autopart.tn/pieces/201/DF-7743_1.webp""]",2026-07-17T02:37:57.807Z,2026-07-17T02:37:57.807Z,active,False
autopart.tn:76253,autopart.tn,Bapmic,BACB11-234031,Tendeur courroie Bapmic BACB11-234031,,,85.4,TND,En Stock,,https://autopart.tn/fiche/tendeur-courroie-trapezoidale-a-nervures-540/bapmic-6752/bacb11-234031-76253.html,https://autopart.tn/pieces/6752/BACB11-234031_1.webp,Tendeur courroie Bapmic BACB11-234031,,{},"[""https://autopart.tn/pieces/6752/BACB11-234031_1.webp""]",2026-07-16T23:39:18.224Z,2026-07-16T23:39:18.224Z,active,False
autopart.tn:45788,autopart.tn,INA,533 0058 20,"Amortisseur de vibrations, courroie trapézoïdale à nervures INA 533 0058 20",,,138.0,TND,En Stock,,https://autopart.tn/fiche/amortisseur-de-vibrations-courroie-trapezoidale-a-nervures-1637/ina-204/533-0058-20-45788.html,,"Amortisseur de vibrations, courroie trapézoïdale à nervures INA 533 0058 20",,{},[],2026-07-17T02:44:52.927Z,2026-07-17T02:44:52.927Z,active,False
autopart.tn:4612,autopart.tn,KAMOKA,R0027,Tendeur courroie KAMOKA R0027,,,90.3,TND,En Stock,,https://autopart.tn/fiche/tendeur-courroie-trapezoidale-a-nervures-540/kamoka-185/r0027-4612.html,https://autopart.tn/pieces/185/R0027_1.webp,Tendeur courroie KAMOKA R0027,,{},"[""https://autopart.tn/pieces/185/R0027_1.webp""]",2026-07-17T02:44:59.286Z,2026-07-17T02:44:59.286Z,active,False
autopart.tn:106,autopart.tn,FEBI BILSTEIN,02249,"Poulie renvoi/transmission, courroie trapézoïdale à nervures FEBI BILSTEIN 02249",601 200 09 70,,64.1,TND,En Stock,,https://autopart.tn/fiche/poulie-renvoi-transmission-courroie-trapezoidale-a-nervures-312/febi-bilstein-101/02249-106.html,https://autopart.tn/pieces/101/02249_1.webp,"Poulie renvoi/transmission, courroie trapézoïdale à nervures FEBI BILSTEIN 02249","Largeur [mm]: 25 mm, 31 mm | Diamètre extérieur [mm]: 80 mm | Matériel: Matière plastique | Poids [kg]: 0,226 kg | pour numéro OE: 601 200 09 70","{""Largeur [mm]"":""25 mm, 31 mm"",""Diamètre extérieur [mm]"":""80 mm"",""Matériel"":""Matière plastique"",""Poids [kg]"":""0,226 kg"",""pour numéro OE"":""601 200 09 70""}","[""https://autopart.tn/pieces/101/02249_1.webp""]",2026-07-17T02:30:02.806Z,2026-07-17T02:30:02.806Z,active,False
autopart.tn:42809,autopart.tn,INA,532 0027 10,"Poulie renvoi/transmission, courroie trapézoïdale à nervures INA 532 0027 10",,,80.9,TND,En Stock,,https://autopart.tn/fiche/poulie-renvoi-transmission-courroie-trapezoidale-a-nervures-312/ina-204/532-0027-10-42809.html,,"Poulie renvoi/transmission, courroie trapézoïdale à nervures INA 532 0027 10",Diamètre [mm]: 64 mm | Largeur [mm]: 22 mm | Nombre de gorges: 6,"{""Diamètre [mm]"":""64 mm"",""Largeur [mm]"":""22 mm"",""Nombre de gorges"":""6""}",[],2026-07-17T03:09:22.745Z,2026-07-17T03:09:22.745Z,active,False
autopart.tn:52993,autopart.tn,KAMOKA,R0436,"Poulie-tendeur, courroie trapézoïdale à nervures KAMOKA R0436",,,54.5,TND,En Stock,,https://autopart.tn/fiche/poulie-tendeur-courroie-trapezoidale-a-nervures-310/kamoka-185/r0436-52993.html,https://autopart.tn/pieces/185/R0436_1.webp,"Poulie-tendeur, courroie trapézoïdale à nervures KAMOKA R0436",Matériel: Matière plastique | Diamètre [mm]: 64 mm | Largeur [mm]: 22 mm,"{""Matériel"":""Matière plastique"",""Diamètre [mm]"":""64 mm"",""Largeur [mm]"":""22 mm""}","[""https://autopart.tn/pieces/185/R0436_1.webp""]",2026-07-17T03:09:36.799Z,2026-07-17T03:09:36.799Z,active,False
autopart.tn:67557,autopart.tn,Ridex,310T0091,"Poulie-tendeur, courroie trapézoïdale à nervures Ridex 310T0091",,,142.6,TND,En Stock,,https://autopart.tn/fiche/poulie-tendeur-courroie-trapezoidale-a-nervures-310/ridex-6358/310t0091-67557.html,https://autopart.tn/pieces/6358/310T0091_1.webp,"Poulie-tendeur, courroie trapézoïdale à nervures Ridex 310T0091","Largeur [mm]: 69 mm | Périphériques entraînés: Alternateur | Filetage: M18x1,5","{""Largeur [mm]"":""69 mm"",""Périphériques entraînés"":""Alternateur"",""Filetage"":""M18x1,5""}","[""https://autopart.tn/pieces/6358/310T0091_1.webp""]",2026-07-16T23:56:34.748Z,2026-07-16T23:56:34.748Z,active,False
autopart.tn:49134,autopart.tn,FEBI BILSTEIN,17650,Chaîne de distribution FEBI BILSTEIN 17650,,,80.0,TND,En Stock,,https://autopart.tn/fiche/chaine-de-distribution-1123/febi-bilstein-101/17650-49134.html,https://autopart.tn/pieces/101/17650_1.webp,Chaîne de distribution FEBI BILSTEIN 17650,"Type de chaîne: duplex, Chaîne fermée | Dimension de chaîne de distribution: D67HP, D67HR | Nombre des membre de chaîne: 126 | Poids [kg]: 1,145 kg | Article complémentaire / Info complémentaire 2: Outillage spécialisé nécessaire pour le montage","{""Type de chaîne"":""duplex, Chaîne fermée"",""Dimension de chaîne de distribution"":""D67HP, D67HR"",""Nombre des membre de chaîne"":""126"",""Poids [kg]"":""1,145 kg"",""Article complémentaire / Info complémentaire 2"":""Outillage spécialisé nécessaire pour le montage""}","[""https://autopart.tn/pieces/101/17650_1.webp""]",2026-07-16T23:56:47.097Z,2026-07-16T23:56:47.097Z,active,False
autopart.tn:49121,autopart.tn,FEBI BILSTEIN,10407,Glissiere chaine distribution FEBI BILSTEIN 10407,601 052 05 16,,24.6,TND,En Stock,,https://autopart.tn/fiche/coulisse-chaine-de-distribution-1075/febi-bilstein-101/10407-49121.html,https://autopart.tn/pieces/101/10407_1.webp,Glissiere chaine distribution FEBI BILSTEIN 10407,"Matériel: Matière plastique | Distribution moteur: Chaîne de distribution | Poids [kg]: 0,059 kg | pour numéro OE: 601 052 05 16","{""Matériel"":""Matière plastique"",""Distribution moteur"":""Chaîne de distribution"",""Poids [kg]"":""0,059 kg"",""pour numéro OE"":""601 052 05 16""}","[""https://autopart.tn/pieces/101/10407_1.webp""]",2026-07-16T23:57:25.677Z,2026-07-16T23:57:25.677Z,active,False
autopart.tn:49653,autopart.tn,FEBI BILSTEIN,10408,Glissiere chaine distribution FEBI BILSTEIN 10408,601 052 03 16,,30.3,TND,En Stock,,https://autopart.tn/fiche/coulisse-chaine-de-distribution-1075/febi-bilstein-101/10408-49653.html,https://autopart.tn/pieces/101/10408_1.webp,Glissiere chaine distribution FEBI BILSTEIN 10408,"Matériel: Matière plastique | Distribution moteur: Chaîne de distribution | Poids [kg]: 0,056 kg | pour numéro OE: 601 052 03 16","{""Matériel"":""Matière plastique"",""Distribution moteur"":""Chaîne de distribution"",""Poids [kg]"":""0,056 kg"",""pour numéro OE"":""601 052 03 16""}","[""https://autopart.tn/pieces/101/10408_1.webp""]",2026-07-16T23:57:32.643Z,2026-07-16T23:57:32.643Z,active,False
autopart.tn:61785,autopart.tn,BOSCH,1 987 947 833,Courroie BOSCH 1 987 947 833,,,46.8,TND,En Stock,,https://autopart.tn/fiche/courroie-trapezoidale-a-nervures-305/bosch-30/1-987-947-833-61785.html,,Courroie BOSCH 1 987 947 833,"Nombre de gorges: 6 | Longueur [mm]: 2 100 mm | Largeur [mm]: 21,4 mm","{""Nombre de gorges"":""6"",""Longueur [mm]"":""2 100 mm"",""Largeur [mm]"":""21,4 mm""}",[],2026-07-17T02:29:07.180Z,2026-07-17T02:29:07.180Z,active,False
autopart.tn:61797,autopart.tn,BOSCH,1 987 947 957,Courroie BOSCH 1 987 947 957,,,67.4,TND,En Stock,,https://autopart.tn/fiche/courroie-trapezoidale-a-nervures-305/bosch-30/1-987-947-957-61797.html,,Courroie BOSCH 1 987 947 957,Nombre de gorges: 6 | Longueur [mm]: 2 040 mm,"{""Nombre de gorges"":""6"",""Longueur [mm]"":""2 040 mm""}",[],2026-07-17T02:29:21.361Z,2026-07-17T02:29:21.361Z,active,False
autopart.tn:45806,autopart.tn,INA,FB 6PK2100,Courroie INA FB 6PK2100,,,70.0,TND,En Stock,,https://autopart.tn/fiche/courroie-trapezoidale-a-nervures-305/ina-204/fb-6pk2100-45806.html,,Courroie INA FB 6PK2100,Nombre de gorges: 6 | Longueur [mm]: 2 100 mm,"{""Nombre de gorges"":""6"",""Longueur [mm]"":""2 100 mm""}",[],2026-07-17T02:45:57.325Z,2026-07-17T02:45:57.325Z,active,False
autopart.tn:38079,autopart.tn,KAMOKA,7016201,Courroie KAMOKA 7016201,,,56.1,TND,En Stock,,https://autopart.tn/fiche/courroie-trapezoidale-a-nervures-305/kamoka-185/7016201-38079.html,https://autopart.tn/pieces/185/7016201_1.webp,Courroie KAMOKA 7016201,Matériel: EPDM (éthylène-propylène-diène-caoutchouc) | Longueur [mm]: 2 100 mm | Largeur [mm]: 21 mm | Nombre de gorges: 6,"{""Matériel"":""EPDM (éthylène-propylène-diène-caoutchouc)"",""Longueur [mm]"":""2 100 mm"",""Largeur [mm]"":""21 mm"",""Nombre de gorges"":""6""}","[""https://autopart.tn/pieces/185/7016201_1.webp""]",2026-07-17T02:46:04.578Z,2026-07-17T02:46:04.578Z,active,False
autopart.tn:35980,autopart.tn,BOSCH,0 250 201 055,Bougie de préchauffage BOSCH 0 250 201 055,,,64.0,TND,En Stock,,https://autopart.tn/fiche/bougie-de-prechauffage-243/bosch-30/0-250-201-055-35980.html,,Bougie de préchauffage BOSCH 0 250 201 055,"Version de bougie de préchauffage: Bougie de préchauffage monopolaire, capable à l'incandescence résiduelle | Voltage [V]: 11,5 V | Longueur [mm]: 69 mm | Filetage: M 12 x 1,25 | Montée conique: 63 | Ouverture de la clé: 12 | Couple de serrage de [Nm]: de 15 Nm, jusqu'à 25 Nm | Type de raccord: M 5 | Profondeur de position [mm]: 23 mm","{""Version de bougie de préchauffage"":""Bougie de préchauffage monopolaire, capable à l'incandescence résiduelle"",""Voltage [V]"":""11,5 V"",""Longueur [mm]"":""69 mm"",""Filetage"":""M 12 x 1,25"",""Montée conique"":""63"",""Ouverture de la clé"":""12"",""Couple de serrage de [Nm]"":""de 15 Nm, jusqu'à 25 Nm"",""Type de raccord"":""M 5"",""Profondeur de position [mm]"":""23 mm""}",[],2026-07-16T23:57:46.517Z,2026-07-16T23:57:46.517Z,active,False
autopart.tn:17763,autopart.tn,CHAMPION,CH176,Bougie de préchauffage CHAMPION CH176,,,28.8,TND,En Stock,,https://autopart.tn/fiche/bougie-de-prechauffage-243/champion-43/ch176-17763.html,https://autopart.tn/pieces/43/CH176_1.webp,Bougie de préchauffage CHAMPION CH176,"Voltage [V]: 11,5 V | Type de raccord: M5 / 3 Nm | Montée conique: 63 | Diamètre [mm]: 6,1 mm | Filetage: M12x1,25 | Longueur globale: 69 mm | Ouverture de la clé: 12 mm | Ampérage: 15,5 A | Version de bougie de préchauffage: capable à l'incandescence résiduelle, Bougie de préchauffage monopolaire | Type d'emballage: Boîte | Profondeur de position [mm]: 23 mm | Moment de rupture [Nm]: 45 Nm | Couple de serrage [Nm]: de 15 Nm, à 25 Nm | Longueur de l'emballage [cm]: 10 cm | Largeur de l'emballage [cm]: 2,7 cm | Hauteur de l'emballage [cm]: 2,3 cm","{""Voltage [V]"":""11,5 V"",""Type de raccord"":""M5 / 3 Nm"",""Montée conique"":""63"",""Diamètre [mm]"":""6,1 mm"",""Filetage"":""M12x1,25"",""Longueur globale"":""69 mm"",""Ouverture de la clé"":""12 mm"",""Ampérage"":""15,5 A"",""Version de bougie de préchauffage"":""capable à l'incandescence résiduelle, Bougie de préchauffage monopolaire"",""Type d'emballage"":""Boîte"",""Profondeur de position [mm]"":""23 mm"",""Moment de rupture [Nm]"":""45 Nm"",""Couple de serrage [Nm]"":""de 15 Nm, à 25 Nm"",""Longueur de l'emballage [cm]"":""10 cm"",""Largeur de l'emballage [cm]"":""2,7 cm"",""Hauteur de l'emballage [cm]"":""2,3 cm""}","[""https://autopart.tn/pieces/43/CH176_1.webp""]",2026-07-17T02:31:01.055Z,2026-07-17T02:31:01.055Z,active,False
autopart.tn:4575,autopart.tn,KAMOKA,KP088,Bougie de préchauffage KAMOKA KP088,,,13.5,TND,En Stock,,https://autopart.tn/fiche/bougie-de-prechauffage-243/kamoka-185/kp088-4575.html,https://autopart.tn/pieces/185/KP088_1.webp,Bougie de préchauffage KAMOKA KP088,"Voltage [V]: 11 V | Ouverture de la clé: 12 | Type de raccord: M5 | Filetage: M12X1,25 | Longueur globale: 69 mm | Profondeur de position [mm]: 21 mm | Diamètre [mm]: 6 mm | Longueur [mm]: 69 mm | Version de bougie de préchauffage: Bougie de préchauffage métallique, Bougie de préchauffage monopolaire","{""Voltage [V]"":""11 V"",""Ouverture de la clé"":""12"",""Type de raccord"":""M5"",""Filetage"":""M12X1,25"",""Longueur globale"":""69 mm"",""Profondeur de position [mm]"":""21 mm"",""Diamètre [mm]"":""6 mm"",""Longueur [mm]"":""69 mm"",""Version de bougie de préchauffage"":""Bougie de préchauffage métallique, Bougie de préchauffage monopolaire""}","[""https://autopart.tn/pieces/185/KP088_1.webp""]",2026-07-17T02:31:09.078Z,2026-07-17T02:31:09.078Z,active,False
autopart.tn:46505,autopart.tn,VICTOR REINZ,71-26204-10,"Joint d'étanchéité, carter d'huile VICTOR REINZ 71-26204-10",,,40.3,TND,En Stock,,https://autopart.tn/fiche/joint-d-etancheite-carter-d-huile-137/victor-reinz-9/71-26204-10-46505.html,https://autopart.tn/pieces/9/71-26204-10_1.webp,"Joint d'étanchéité, carter d'huile VICTOR REINZ 71-26204-10","Épaisseur [mm]: 0,5 mm","{""Épaisseur [mm]"":""0,5 mm""}","[""https://autopart.tn/pieces/9/71-26204-10_1.webp""]",2026-07-16T23:42:54.625Z,2026-07-16T23:42:54.625Z,active,False
autopart.tn:45575,autopart.tn,ELRING,832.962,Joint culasse ELRING 832.962,,,80.2,TND,En Stock,,https://autopart.tn/fiche/joint-d-etancheite-culasse-318/elring-10/832-962-45575.html,https://autopart.tn/pieces/10/832.962_1.webp,Joint culasse ELRING 832.962,"Épaisseur [mm]: 1,74 mm | Épaisseur installée [mm]: 1,65 mm | Diamètre [mm]: 90 mm | Type de joint d'étanchéité: Joint d'étanchéité pour métal souple","{""Épaisseur [mm]"":""1,74 mm"",""Épaisseur installée [mm]"":""1,65 mm"",""Diamètre [mm]"":""90 mm"",""Type de joint d'étanchéité"":""Joint d'étanchéité pour métal souple""}","[""https://autopart.tn/pieces/10/832.962_1.webp""]",2026-07-16T23:43:07.916Z,2026-07-16T23:43:07.916Z,active,False
autopart.tn:45732,autopart.tn,ELRING,815.020,Pochette joint basse ELRING 815.020,,,192.6,TND,En Stock,,https://autopart.tn/fiche/pochette-basse-150/elring-10/815-020-45732.html,https://autopart.tn/pieces/10/815.020_1.webp,Pochette joint basse ELRING 815.020,Article complémentaire/Info complémentaire: avec bague d'étanchéité - vilebrequin,"{""Article complémentaire/Info complémentaire"":""avec bague d'étanchéité - vilebrequin""}","[""https://autopart.tn/pieces/10/815.020_1.webp""]",2026-07-16T23:43:40.875Z,2026-07-16T23:43:40.875Z,active,False
autopart.tn:45756,autopart.tn,ELRING,833.789,Pochette joint haute ELRING 833.789,,,128.4,TND,En Stock,,https://autopart.tn/fiche/pochette-haute-319/elring-10/833-789-45756.html,https://autopart.tn/pieces/10/833.789_1.webp,Pochette joint haute ELRING 833.789,"Article complémentaire/Info complémentaire: sans joint de couvercle de soupape, sans joint de tige de soupape | Épaisseur installée [mm]: 1,65 mm","{""Article complémentaire/Info complémentaire"":""sans joint de couvercle de soupape, sans joint de tige de soupape"",""Épaisseur installée [mm]"":""1,65 mm""}","[""https://autopart.tn/pieces/10/833.789_1.webp""]",2026-07-16T23:43:48.739Z,2026-07-16T23:43:48.739Z,active,False
autopart.tn:55269,autopart.tn,VALEO,506060,Pompe à eau VALEO 506060,,,126.4,TND,En Stock,,https://autopart.tn/fiche/pompe-a-eau-1260/valeo-21/506060-55269.html,https://autopart.tn/pieces/21/506060_1.webp,Pompe à eau VALEO 506060,"Poulies: sans poulie | Article complémentaire / Info complémentaire 2: sans couvercle | Article complémentaire/Info complémentaire: avec joints | Poids [kg]: 1,44 kg","{""Poulies"":""sans poulie"",""Article complémentaire / Info complémentaire 2"":""sans couvercle"",""Article complémentaire/Info complémentaire"":""avec joints"",""Poids [kg]"":""1,44 kg""}","[""https://autopart.tn/pieces/21/506060_1.webp""]",2026-07-16T23:44:08.225Z,2026-07-16T23:44:08.225Z,active,False
autopart.tn:74056,autopart.tn,Bapmic,BF0425420088,Joint de cache culbuteurs Bapmic BF0425420088,,,22.2,TND,En Stock,,https://autopart.tn/fiche/joint-de-cache-culbuteurs-321/bapmic-6752/bf0425420088-74056.html,https://autopart.tn/pieces/6752/BF0425420088_1.webp,Joint de cache culbuteurs Bapmic BF0425420088,Longueur [mm]: 295 mm | Largeur [mm]: 55 mm | Hauteur [mm]: 55 mm | Poids [kg]: 280 g,"{""Longueur [mm]"":""295 mm"",""Largeur [mm]"":""55 mm"",""Hauteur [mm]"":""55 mm"",""Poids [kg]"":""280 g""}","[""https://autopart.tn/pieces/6752/BF0425420088_1.webp""]",2026-07-16T23:43:19.367Z,2026-07-16T23:43:19.367Z,active,False
autopart.tn:259,autopart.tn,FEBI BILSTEIN,05142,Joint de cache culbuteurs FEBI BILSTEIN 05142,601 016 06 21,,29.8,TND,En Stock,,https://autopart.tn/fiche/joint-de-cache-culbuteurs-321/febi-bilstein-101/05142-259.html,https://autopart.tn/pieces/101/05142_1.webp,Joint de cache culbuteurs FEBI BILSTEIN 05142,"Poids [kg]: 0,1 kg | pour numéro OE: 601 016 06 21","{""Poids [kg]"":""0,1 kg"",""pour numéro OE"":""601 016 06 21""}","[""https://autopart.tn/pieces/101/05142_1.webp""]",2026-07-16T23:43:28.532Z,2026-07-16T23:43:28.532Z,active,False
autopart.tn:34179,autopart.tn,EAI,11277,Démarreur EAI 11277,,,392.0,TND,En Stock,,https://autopart.tn/fiche/demarreur-2/eai-391/11277-34179.html,https://autopart.tn/pieces/391/11277_1.webp,Démarreur EAI 11277,"Voltage [V]: 12 V | Puissance nominale [kW]: 2,2 kW | Sens de rotation: Rotation dans le sens des aiguilles d'une montre | Numéro d'information technique: C073 | Diamètre du centrage [mm]: 82,5 mm | Nombre de trous de fixation: 2 | Nombre de taraudages: 2 | Nombre de dents: 10, 11","{""Voltage [V]"":""12 V"",""Puissance nominale [kW]"":""2,2 kW"",""Sens de rotation"":""Rotation dans le sens des aiguilles d'une montre"",""Numéro d'information technique"":""C073"",""Diamètre du centrage [mm]"":""82,5 mm"",""Nombre de trous de fixation"":""2"",""Nombre de taraudages"":""2"",""Nombre de dents"":""10, 11""}","[""https://autopart.tn/pieces/391/11277_1.webp""]",2026-07-13T04:57:24.676Z,2026-07-13T04:57:24.676Z,active,False
autopart.tn:20221,autopart.tn,ASHIKA,66-00-099,"Joint, arbre de transmission ASHIKA 66-00-099",,,73.2,TND,En Stock,,https://autopart.tn/fiche/joint-arbre-longitudinal-1427/ashika-257/66-00-099-20221.html,https://autopart.tn/pieces/257/66-00-099_1.webp,"Joint, arbre de transmission ASHIKA 66-00-099","Longueur [mm]: 82 mm | Diamètre de montage [mm]: 27 mm | Longueur 1 [mm]: 52,5 mm","{""Longueur [mm]"":""82 mm"",""Diamètre de montage [mm]"":""27 mm"",""Longueur 1 [mm]"":""52,5 mm""}","[""https://autopart.tn/pieces/257/66-00-099_1.webp""]",2026-07-17T02:50:05.902Z,2026-07-17T02:50:05.902Z,active,False
autopart.tn:18931,autopart.tn,ASHIKA,20-09-907,Filtre à air ASHIKA 20-09-907,A6020940204,,28.3,TND,En Stock,,https://autopart.tn/fiche/filtre-a-air-8/ashika-257/20-09-907-18931.html,https://autopart.tn/pieces/257/20-09-907_1.webp,Filtre à air ASHIKA 20-09-907,"Longueur [mm]: 378,2 mm | Largeur [mm]: 171 mm | Hauteur [mm]: 50,5 mm | Hauteur 1 [mm]: 58 mm | Type de filtre: Cartouche filtrante | pour numéro OE: A6020940204","{""Longueur [mm]"":""378,2 mm"",""Largeur [mm]"":""171 mm"",""Hauteur [mm]"":""50,5 mm"",""Hauteur 1 [mm]"":""58 mm"",""Type de filtre"":""Cartouche filtrante"",""pour numéro OE"":""A6020940204""}","[""https://autopart.tn/pieces/257/20-09-907_1.webp""]",2026-07-17T02:19:58.687Z,2026-07-17T02:19:58.687Z,active,False
autopart.tn:76703,autopart.tn,Bapmic,BF0427400293,Filtre à air Bapmic BF0427400293,,,46.6,TND,En Stock,,https://autopart.tn/fiche/filtre-a-air-8/bapmic-6752/bf0427400293-76703.html,https://autopart.tn/pieces/6752/BF0427400293_1.webp,Filtre à air Bapmic BF0427400293,,{},"[""https://autopart.tn/pieces/6752/BF0427400293_1.webp""]",2026-07-17T02:20:06.145Z,2026-07-17T02:20:06.145Z,active,False
autopart.tn:68197,autopart.tn,FEBI BILSTEIN,36635,Filtre à carburant FEBI BILSTEIN 36635,,,30.9,TND,En Stock,,https://autopart.tn/fiche/filtre-a-carburant-9/febi-bilstein-101/36635-68197.html,https://autopart.tn/pieces/101/36635_1.webp,Filtre à carburant FEBI BILSTEIN 36635,"Type de filtre: Filtre vissé | Hauteur [mm]: 100 mm | Diamètre extérieur [mm]: 88 mm | Dimension filetage intérieur: M12 x 1,5 | Poids [kg]: 0,39 kg","{""Type de filtre"":""Filtre vissé"",""Hauteur [mm]"":""100 mm"",""Diamètre extérieur [mm]"":""88 mm"",""Dimension filetage intérieur"":""M12 x 1,5"",""Poids [kg]"":""0,39 kg""}","[""https://autopart.tn/pieces/101/36635_1.webp""]",2026-07-17T02:37:24.861Z,2026-07-17T02:37:24.861Z,active,False
autopart.tn:61786,autopart.tn,BOSCH,1 987 947 821,Courroie BOSCH 1 987 947 821,,,66.3,TND,En Stock,,https://autopart.tn/fiche/courroie-trapezoidale-a-nervures-305/bosch-30/1-987-947-821-61786.html,,Courroie BOSCH 1 987 947 821,"Nombre de gorges: 6 | Longueur [mm]: 2 120 mm | Largeur [mm]: 21,4 mm","{""Nombre de gorges"":""6"",""Longueur [mm]"":""2 120 mm"",""Largeur [mm]"":""21,4 mm""}",[],2026-07-17T02:29:00.535Z,2026-07-17T02:29:00.535Z,active,False
autopart.tn:45814,autopart.tn,INA,FB 6PK2050,Courroie INA FB 6PK2050,,,89.8,TND,En Stock,,https://autopart.tn/fiche/courroie-trapezoidale-a-nervures-305/ina-204/fb-6pk2050-45814.html,,Courroie INA FB 6PK2050,Nombre de gorges: 6 | Longueur [mm]: 2 050 mm,"{""Nombre de gorges"":""6"",""Longueur [mm]"":""2 050 mm""}",[],2026-07-16T23:13:10.397Z,2026-07-16T23:13:10.397Z,active,False
autopart.tn:38072,autopart.tn,KAMOKA,7016194,Courroie KAMOKA 7016194,,,56.4,TND,En Stock,,https://autopart.tn/fiche/courroie-trapezoidale-a-nervures-305/kamoka-185/7016194-38072.html,https://autopart.tn/pieces/185/7016194_1.webp,Courroie KAMOKA 7016194,Matériel: EPDM (éthylène-propylène-diène-caoutchouc) | Longueur [mm]: 2 050 mm | Nombre de gorges: 6,"{""Matériel"":""EPDM (éthylène-propylène-diène-caoutchouc)"",""Longueur [mm]"":""2 050 mm"",""Nombre de gorges"":""6""}","[""https://autopart.tn/pieces/185/7016194_1.webp""]",2026-07-16T23:13:24.359Z,2026-07-16T23:13:24.359Z,active,False
autopart.tn:24004,autopart.tn,ASHIKA,92-S0-001,Kit d'embrayage ASHIKA 92-S0-001,,,619.5,TND,En Stock,,https://autopart.tn/fiche/kit-d-embrayage-479/ashika-257/92-s0-001-24004.html,https://autopart.tn/pieces/257/92-S0-001_1.webp,Kit d'embrayage ASHIKA 92-S0-001,Diamètre [mm]: 225 mm | Diamètre intérieur [mm]: 148 mm | Diamètre de montage [mm]: 265 mm | Diamètre du centrage [mm]: 24 mm | Nombre de dents: 22,"{""Diamètre [mm]"":""225 mm"",""Diamètre intérieur [mm]"":""148 mm"",""Diamètre de montage [mm]"":""265 mm"",""Diamètre du centrage [mm]"":""24 mm"",""Nombre de dents"":""22""}","[""https://autopart.tn/pieces/257/92-S0-001_1.webp""]",2026-07-17T02:32:55.700Z,2026-07-17T02:32:55.700Z,active,False
autopart.tn:45578,autopart.tn,ELRING,833.098,Joint culasse ELRING 833.098,,,105.9,TND,En Stock,,https://autopart.tn/fiche/joint-d-etancheite-culasse-318/elring-10/833-098-45578.html,https://autopart.tn/pieces/10/833.098_1.webp,Joint culasse ELRING 833.098,"Épaisseur [mm]: 1,74 mm | Épaisseur installée [mm]: 1,65 mm | Diamètre [mm]: 90 mm | Type de joint d'étanchéité: Joint d'étanchéité pour métal souple","{""Épaisseur [mm]"":""1,74 mm"",""Épaisseur installée [mm]"":""1,65 mm"",""Diamètre [mm]"":""90 mm"",""Type de joint d'étanchéité"":""Joint d'étanchéité pour métal souple""}","[""https://autopart.tn/pieces/10/833.098_1.webp""]",2026-07-17T02:34:18.469Z,2026-07-17T02:34:18.469Z,active,False
autopart.tn:53532,autopart.tn,ELRING,490.654,"Joint d'étanchéité, carter d'huile ELRING 490.654",,,59.8,TND,En Stock,,https://autopart.tn/fiche/joint-d-etancheite-carter-d-huile-137/elring-10/490-654-53532.html,https://autopart.tn/pieces/10/490.654_1.webp,"Joint d'étanchéité, carter d'huile ELRING 490.654",,{},"[""https://autopart.tn/pieces/10/490.654_1.webp""]",2026-07-17T02:33:57.566Z,2026-07-17T02:33:57.566Z,active,False
autopart.tn:46514,autopart.tn,VICTOR REINZ,71-34038-00,"Joint d'étanchéité, carter d'huile VICTOR REINZ 71-34038-00",,,67.1,TND,En Stock,,https://autopart.tn/fiche/joint-d-etancheite-carter-d-huile-137/victor-reinz-9/71-34038-00-46514.html,https://autopart.tn/pieces/9/71-34038-00_1.webp,"Joint d'étanchéité, carter d'huile VICTOR REINZ 71-34038-00",Matériel: Métal,"{""Matériel"":""Métal""}","[""https://autopart.tn/pieces/9/71-34038-00_1.webp""]",2026-07-17T02:34:05.724Z,2026-07-17T02:34:05.724Z,active,False
autopart.tn:53521,autopart.tn,ELRING,594.407,Joint de cache culbuteurs ELRING 594.407,,,36.5,TND,En Stock,,https://autopart.tn/fiche/joint-de-cache-culbuteurs-321/elring-10/594-407-53521.html,https://autopart.tn/pieces/10/594.407_1.webp,Joint de cache culbuteurs ELRING 594.407,,{},"[""https://autopart.tn/pieces/10/594.407_1.webp""]",2026-07-17T02:33:33.293Z,2026-07-17T02:33:33.293Z,active,False
autopart.tn:49659,autopart.tn,FEBI BILSTEIN,01347,Joint de cache culbuteurs FEBI BILSTEIN 01347,602 016 02 21,,41.5,TND,En Stock,,https://autopart.tn/fiche/joint-de-cache-culbuteurs-321/febi-bilstein-101/01347-49659.html,https://autopart.tn/pieces/101/01347_1.webp,Joint de cache culbuteurs FEBI BILSTEIN 01347,"Poids [kg]: 0,104 kg | pour numéro OE: 602 016 02 21","{""Poids [kg]"":""0,104 kg"",""pour numéro OE"":""602 016 02 21""}","[""https://autopart.tn/pieces/101/01347_1.webp""]",2026-07-17T02:48:25.492Z,2026-07-17T02:48:25.492Z,active,False
autopart.tn:45758,autopart.tn,ELRING,833.665,Pochette joint haute ELRING 833.665,,,176.6,TND,En Stock,,https://autopart.tn/fiche/pochette-haute-319/elring-10/833-665-45758.html,https://autopart.tn/pieces/10/833.665_1.webp,Pochette joint haute ELRING 833.665,"Article complémentaire/Info complémentaire: sans joint de couvercle de soupape, sans joint de tige de soupape | Épaisseur installée [mm]: 1,65 mm","{""Article complémentaire/Info complémentaire"":""sans joint de couvercle de soupape, sans joint de tige de soupape"",""Épaisseur installée [mm]"":""1,65 mm""}","[""https://autopart.tn/pieces/10/833.665_1.webp""]",2026-07-17T02:34:51.519Z,2026-07-17T02:34:51.519Z,active,False
autopart.tn:39961,autopart.tn,INA,535 0077 10,"Poulie roue libre, alternateur INA 535 0077 10",,,150.3,TND,En Stock,,https://autopart.tn/fiche/poulie-roue-libre-alternateur-1390/ina-204/535-0077-10-39961.html,,"Poulie roue libre, alternateur INA 535 0077 10","fabricant: F-225643.XX, F-552117.XX | Nombre de gorges: 6 | Distance première gorge: 5,34 mm | Article complémentaire / Info complémentaire 2: Outillage spécialisé nécessaire pour le montage","{""fabricant"":""F-225643.XX, F-552117.XX"",""Nombre de gorges"":""6"",""Distance première gorge"":""5,34 mm"",""Article complémentaire / Info complémentaire 2"":""Outillage spécialisé nécessaire pour le montage""}",[],2026-07-17T02:49:02.088Z,2026-07-17T02:49:02.088Z,active,False
autopart.tn:67308,autopart.tn,Total Energies,10W40 Quartz 7000 5L,Huile moteur Total Energies 10W40 Quartz 7000 5L,,,85.0,TND,En Stock,,https://autopart.tn/fiche/huile-moteur-3224/total-energies-7717/10w40-quartz-7000-5l-67308.html,https://autopart.tn/pieces/7717/214114_1.webp,Huile moteur Total Energies 10W40 Quartz 7000 5L,"Capacité [litres]: 5 I | Spécification par l'ACEA: A3/B4 | API Spécification: CF, SN | Autorisation du fabricant: VW 501.01, VW 505.00 | Recommandation du fabricant d'huile: FIAT 9.55535-G2, MB-229.3 | Grade de viscosité SAE: 10W-40","{""Capacité [litres]"":""5 I"",""Spécification par l'ACEA"":""A3/B4"",""API Spécification"":""CF, SN"",""Autorisation du fabricant"":""VW 501.01, VW 505.00"",""Recommandation du fabricant d'huile"":""FIAT 9.55535-G2, MB-229.3"",""Grade de viscosité SAE"":""10W-40""}","[""https://autopart.tn/pieces/7717/214114_1.webp""]",2026-07-17T02:51:08.117Z,2026-07-17T02:51:08.117Z,active,False
autopart.tn:31648,autopart.tn,GATES,6PK2245,Courroie GATES 6PK2245,,,98.2,TND,En Stock,,https://autopart.tn/fiche/courroie-trapezoidale-a-nervures-305/gates-33/6pk2245-31648.html,https://autopart.tn/pieces/33/6PK2245_1.webp,Courroie GATES 6PK2245,"Matériel: Polyester, EPDM (éthylène-propylène-diène-caoutchouc) | Couleur: noir | Nombre de gorges: 6 | Largeur [mm]: 21,4 mm | Longueur [mm]: 2 245 mm","{""Matériel"":""Polyester, EPDM (éthylène-propylène-diène-caoutchouc)"",""Couleur"":""noir"",""Nombre de gorges"":""6"",""Largeur [mm]"":""21,4 mm"",""Longueur [mm]"":""2 245 mm""}","[""https://autopart.tn/pieces/33/6PK2245_1.webp""]",2026-07-17T03:09:10.871Z,2026-07-17T03:09:10.871Z,active,False
autopart.tn:45539,autopart.tn,ELRING,447.431,"Joint d'étanchéité, carter d'huile ELRING 447.431",,,46.5,TND,En Stock,,https://autopart.tn/fiche/joint-d-etancheite-carter-d-huile-137/elring-10/447-431-45539.html,https://autopart.tn/pieces/10/447.431_1.webp,"Joint d'étanchéité, carter d'huile ELRING 447.431",,{},"[""https://autopart.tn/pieces/10/447.431_1.webp""]",2026-07-17T03:17:09.517Z,2026-07-17T03:17:09.517Z,active,False
autopart.tn:58879,autopart.tn,KAMOKA,18008,Débitmètre de masse d'air KAMOKA 18008,162 094 31 48,,200.0,TND,En Stock,,https://autopart.tn/fiche/debitmetre-de-masse-d-air-3926/kamoka-185/18008-58879.html,https://autopart.tn/pieces/185/18008_1.webp,Débitmètre de masse d'air KAMOKA 18008,pour numéro OE: 162 094 31 48,"{""pour numéro OE"":""162 094 31 48""}","[""https://autopart.tn/pieces/185/18008_1.webp""]",2026-07-17T03:17:39.316Z,2026-07-17T03:17:39.316Z,active,False
autopart.tn:59978,autopart.tn,FARE,T007,Thermostat d'eau FARE T007,,,29.0,TND,En Stock,,https://autopart.tn/fiche/thermostat-d-eau-316/fare-4834/t007-59978.html,https://autopart.tn/pieces/4834/T007_1.webp,Thermostat d'eau FARE T007,"C]: 80 °C | Hauteur 1 [mm]: 25,5 mm | Hauteur 2 [mm]: 7,5 mm | Diamètre 1 [mm]: 67 mm | Diamètre 2[mm]: 29 mm | Article complémentaire/Info complémentaire: avec joint d'étanchéite","{""C]"":""80 °C"",""Hauteur 1 [mm]"":""25,5 mm"",""Hauteur 2 [mm]"":""7,5 mm"",""Diamètre 1 [mm]"":""67 mm"",""Diamètre 2[mm]"":""29 mm"",""Article complémentaire/Info complémentaire"":""avec joint d'étanchéite""}","[""https://autopart.tn/pieces/4834/T007_1.webp""]",2026-07-17T03:02:54.618Z,2026-07-17T03:02:54.618Z,active,False
autopart.tn:56842,autopart.tn,KAMOKA,7710048,Thermostat d'eau KAMOKA 7710048,,,32.2,TND,En Stock,,https://autopart.tn/fiche/thermostat-d-eau-316/kamoka-185/7710048-56842.html,https://autopart.tn/pieces/185/7710048_1.webp,Thermostat d'eau KAMOKA 7710048,Article complémentaire/Info complémentaire: avec joint d'étanchéite | C]: 87 °C | Diamètre 1 [mm]: 67 mm | Diamètre 2[mm]: 43 mm | Hauteur 1 [mm]: 26 mm | Hauteur 2 [mm]: 7 mm,"{""Article complémentaire/Info complémentaire"":""avec joint d'étanchéite"",""C]"":""87 °C"",""Diamètre 1 [mm]"":""67 mm"",""Diamètre 2[mm]"":""43 mm"",""Hauteur 1 [mm]"":""26 mm"",""Hauteur 2 [mm]"":""7 mm""}","[""https://autopart.tn/pieces/185/7710048_1.webp""]",2026-07-17T03:18:17.261Z,2026-07-17T03:18:17.261Z,active,False
autopart.tn:1286,autopart.tn,CHAMPION,CAF100563P,Filtre à air CHAMPION CAF100563P,,,33.8,TND,En Stock,,https://autopart.tn/fiche/filtre-a-air-8/champion-43/caf100563p-1286.html,https://autopart.tn/pieces/43/CAF100563P_1.webp,Filtre à air CHAMPION CAF100563P,"Longueur [mm]: 380 mm | Largeur [mm]: 171 mm | Hauteur [mm]: 50 mm | Type d'emballage: Boîte | Longueur 1 [mm]: 367 mm | Largeur 1 [mm]: 159 mm | Largeur 2 [mm]: 155 mm | Type de filtre: Cartouche filtrante | Longueur de l'emballage [cm]: 38,5 cm | Largeur de l'emballage [cm]: 17,8 cm | Hauteur de l'emballage [cm]: 6,5 cm","{""Longueur [mm]"":""380 mm"",""Largeur [mm]"":""171 mm"",""Hauteur [mm]"":""50 mm"",""Type d'emballage"":""Boîte"",""Longueur 1 [mm]"":""367 mm"",""Largeur 1 [mm]"":""159 mm"",""Largeur 2 [mm]"":""155 mm"",""Type de filtre"":""Cartouche filtrante"",""Longueur de l'emballage [cm]"":""38,5 cm"",""Largeur de l'emballage [cm]"":""17,8 cm"",""Hauteur de l'emballage [cm]"":""6,5 cm""}","[""https://autopart.tn/pieces/43/CAF100563P_1.webp""]",2026-07-17T02:20:28.343Z,2026-07-17T02:20:28.343Z,active,False
autopart.tn:77436,autopart.tn,KAVO PARTS,SA-9853,Filtre à air KAVO PARTS SA-9853,,,41.6,TND,En Stock,,https://autopart.tn/fiche/filtre-a-air-8/kavo-parts-201/sa-9853-77436.html,https://autopart.tn/pieces/201/SA-9853_1.webp,Filtre à air KAVO PARTS SA-9853,Longueur [mm]: 380 mm | Largeur [mm]: 171 mm | Hauteur [mm]: 55 mm | Type de filtre: Cartouche filtrante,"{""Longueur [mm]"":""380 mm"",""Largeur [mm]"":""171 mm"",""Hauteur [mm]"":""55 mm"",""Type de filtre"":""Cartouche filtrante""}","[""https://autopart.tn/pieces/201/SA-9853_1.webp""]",2026-07-16T23:09:29.037Z,2026-07-16T23:09:29.037Z,active,False
autopart.tn:38081,autopart.tn,KAMOKA,7016203,Courroie KAMOKA 7016203,,,56.4,TND,En Stock,,https://autopart.tn/fiche/courroie-trapezoidale-a-nervures-305/kamoka-185/7016203-38081.html,https://autopart.tn/pieces/185/7016203_1.webp,Courroie KAMOKA 7016203,Matériel: EPDM (éthylène-propylène-diène-caoutchouc) | Longueur [mm]: 2 120 mm | Largeur [mm]: 21 mm | Nombre de gorges: 6,"{""Matériel"":""EPDM (éthylène-propylène-diène-caoutchouc)"",""Longueur [mm]"":""2 120 mm"",""Largeur [mm]"":""21 mm"",""Nombre de gorges"":""6""}","[""https://autopart.tn/pieces/185/7016203_1.webp""]",2026-07-17T02:46:12.428Z,2026-07-17T02:46:12.428Z,active,False
autopart.tn:74052,autopart.tn,Bapmic,BF0425290015,"Joint d'étanchéité, carter d'huile Bapmic BF0425290015",,,41.1,TND,En Stock,,https://autopart.tn/fiche/joint-d-etancheite-carter-d-huile-137/bapmic-6752/bf0425290015-74052.html,https://autopart.tn/pieces/6752/BF0425290015_1.webp,"Joint d'étanchéité, carter d'huile Bapmic BF0425290015",Longueur [mm]: 295 mm | Largeur [mm]: 95 mm | Hauteur [mm]: 95 mm | Poids [kg]: 280 g,"{""Longueur [mm]"":""295 mm"",""Largeur [mm]"":""95 mm"",""Hauteur [mm]"":""95 mm"",""Poids [kg]"":""280 g""}","[""https://autopart.tn/pieces/6752/BF0425290015_1.webp""]",2026-07-16T23:59:58.141Z,2026-07-16T23:59:58.141Z,active,False
autopart.tn:46507,autopart.tn,VICTOR REINZ,71-26574-10,Joint de cache culbuteurs VICTOR REINZ 71-26574-10,,,35.1,TND,En Stock,,https://autopart.tn/fiche/joint-de-cache-culbuteurs-321/victor-reinz-9/71-26574-10-46507.html,https://autopart.tn/pieces/9/71-26574-10_1.webp,Joint de cache culbuteurs VICTOR REINZ 71-26574-10,,{},"[""https://autopart.tn/pieces/9/71-26574-10_1.webp""]",2026-07-16T23:17:49.806Z,2026-07-16T23:17:49.806Z,active,False
autopart.tn:51817,autopart.tn,BSG,BSG 60-135-039,Filtre à air BSG BSG 60-135-039,,,29.8,TND,En Stock,,https://autopart.tn/fiche/filtre-a-air-8/bsg-4455/bsg-60-135-039-51817.html,,Filtre à air BSG BSG 60-135-039,Numéro de composant: BSG 60-135-039 | Type de filtre: Cartouche filtrante | Longueur [mm]: 383 mm | Largeur [mm]: 171 mm | Hauteur [mm]: 50 mm,"{""Numéro de composant"":""BSG 60-135-039"",""Type de filtre"":""Cartouche filtrante"",""Longueur [mm]"":""383 mm"",""Largeur [mm]"":""171 mm"",""Hauteur [mm]"":""50 mm""}",[],2026-07-17T02:20:22.085Z,2026-07-17T02:20:22.085Z,active,False
autopart.tn:1273,autopart.tn,CHAMPION,CET2,Bougie d'allumage CHAMPION CET2,,,12.9,TND,En Stock,,https://autopart.tn/fiche/bougie-d-allumage-686/champion-43/cet2-1273.html,https://autopart.tn/pieces/43/CET2_1.webp,Bougie d'allumage CHAMPION CET2,"Écartement des électrodes [mm]: 0,9 mm | Type de raccord: SAE | Filetage: M14x1.25 | Ouverture de la clé: 16 mm | Qualité/catégorie: Ti Poly-V | Type d'emballage: Boîte | Bougie: 1-électrode de masse, avec siège à garniture plate | Longueur du filetage [mm]: 19 mm | Numéro d'information technique: CET2 | Position d'allumage [mm]: 3 mm | Couple de serrage de [Nm]: de 25 Nm, à 30 Nm | Longueur de l'emballage [cm]: 8,85 cm | Largeur de l'emballage [cm]: 2,6 cm | Hauteur de l'emballage [cm]: 2,35 cm | Résistance à partir de [Ohm]: de 3 kOhm, à 10 kOhm | Déport [mm]: 1,5 mm","{""Écartement des électrodes [mm]"":""0,9 mm"",""Type de raccord"":""SAE"",""Filetage"":""M14x1.25"",""Ouverture de la clé"":""16 mm"",""Qualité/catégorie"":""Ti Poly-V"",""Type d'emballage"":""Boîte"",""Bougie"":""1-électrode de masse, avec siège à garniture plate"",""Longueur du filetage [mm]"":""19 mm"",""Numéro d'information technique"":""CET2"",""Position d'allumage [mm]"":""3 mm"",""Couple de serrage de [Nm]"":""de 25 Nm, à 30 Nm"",""Longueur de l'emballage [cm]"":""8,85 cm"",""Largeur de l'emballage [cm]"":""2,6 cm"",""Hauteur de l'emballage [cm]"":""2,35 cm"",""Résistance à partir de [Ohm]"":""de 3 kOhm, à 10 kOhm"",""Déport [mm]"":""1,5 mm""}","[""https://autopart.tn/pieces/43/CET2_1.webp""]",2026-07-16T10:48:21.309Z,2026-07-16T10:48:21.309Z,active,False
autopart.tn:77093,autopart.tn,KAVO PARTS,DO-709,Filtre à huile KAVO PARTS DO-709,,,20.0,TND,En Stock,,https://autopart.tn/fiche/filtre-a-huile-7/kavo-parts-201/do-709-77093.html,https://autopart.tn/pieces/201/DO-709_1.webp,Filtre à huile KAVO PARTS DO-709,Hauteur [mm]: 173 mm | Diamètre extérieur [mm]: 83 mm | Type de filtre: Cartouche filtrante | Diamètre intérieur 1 [mm]: 35 mm | Diamètre intérieur 2 [mm]: 35 mm,"{""Hauteur [mm]"":""173 mm"",""Diamètre extérieur [mm]"":""83 mm"",""Type de filtre"":""Cartouche filtrante"",""Diamètre intérieur 1 [mm]"":""35 mm"",""Diamètre intérieur 2 [mm]"":""35 mm""}","[""https://autopart.tn/pieces/201/DO-709_1.webp""]",2026-07-17T02:36:54.202Z,2026-07-17T02:36:54.202Z,active,False
autopart.tn:20717,autopart.tn,ASHIKA,92-0S-S15,Kit d'embrayage ASHIKA 92-0S-S15,,,926.3,TND,En Stock,,https://autopart.tn/fiche/kit-d-embrayage-479/ashika-257/92-0s-s15-20717.html,https://autopart.tn/pieces/257/92-0S-S15_1.webp,Kit d'embrayage ASHIKA 92-0S-S15,"Diamètre [mm]: 240 mm | Diamètre intérieur [mm]: 148 mm | Diamètre de montage [mm]: 280 mm | Diamètre du centrage [mm]: 24,5 mm | Nombre de dents: 22 | équilibrage: disque d’équilibrage profond","{""Diamètre [mm]"":""240 mm"",""Diamètre intérieur [mm]"":""148 mm"",""Diamètre de montage [mm]"":""280 mm"",""Diamètre du centrage [mm]"":""24,5 mm"",""Nombre de dents"":""22"",""équilibrage"":""disque d’équilibrage profond""}","[""https://autopart.tn/pieces/257/92-0S-S15_1.webp""]",2026-07-16T23:58:54.360Z,2026-07-16T23:58:54.360Z,active,False
autopart.tn:74057,autopart.tn,Bapmic,BF0425420089,Joint de cache culbuteurs Bapmic BF0425420089,,,22.1,TND,En Stock,,https://autopart.tn/fiche/joint-de-cache-culbuteurs-321/bapmic-6752/bf0425420089-74057.html,https://autopart.tn/pieces/6752/BF0425420089_1.webp,Joint de cache culbuteurs Bapmic BF0425420089,Longueur [mm]: 295 mm | Largeur [mm]: 55 mm | Hauteur [mm]: 55 mm | Poids [kg]: 280 g,"{""Longueur [mm]"":""295 mm"",""Largeur [mm]"":""55 mm"",""Hauteur [mm]"":""55 mm"",""Poids [kg]"":""280 g""}","[""https://autopart.tn/pieces/6752/BF0425420089_1.webp""]",2026-07-17T02:48:17.605Z,2026-07-17T02:48:17.605Z,active,False
autopart.tn:19812,autopart.tn,ASHIKA,51-0S-S02,Kit de plaquettes de frein ASHIKA 51-0S-S02,583023EU00,,97.8,TND,En Stock,,https://autopart.tn/fiche/kit-de-plaquettes-de-frein-frein-a-disque-402/ashika-257/51-0s-s02-19812.html,https://autopart.tn/pieces/257/51-0S-S02_1.webp,Kit de plaquettes de frein ASHIKA 51-0S-S02,"Endroit d'assemblage: Essieu arrière | Longueur [mm]: 118,6 mm | Hauteur [mm]: 48 mm | Épaisseur [mm]: 15,9 mm | numéro WVA: 23931 | Marque de conformité: ECE R90 APPROVED | pour numéro OE: 583023EU00","{""Endroit d'assemblage"":""Essieu arrière"",""Longueur [mm]"":""118,6 mm"",""Hauteur [mm]"":""48 mm"",""Épaisseur [mm]"":""15,9 mm"",""numéro WVA"":""23931"",""Marque de conformité"":""ECE R90 APPROVED"",""pour numéro OE"":""583023EU00""}","[""https://autopart.tn/pieces/257/51-0S-S02_1.webp""]",2026-07-17T02:10:30.316Z,2026-07-17T02:10:30.316Z,active,False
autopart.tn:58072,autopart.tn,Hi-Q,SP1173,Kit de plaquettes de frein Hi-Q SP1173,,,50.0,TND,En Stock,,https://autopart.tn/fiche/kit-de-plaquettes-de-frein-frein-a-disque-402/hi-q-6265/sp1173-58072.html,https://autopart.tn/pieces/6265/SP1173_1.webp,Kit de plaquettes de frein Hi-Q SP1173,"Épaisseur [mm]: 15 mm | Largeur [mm]: 118,6 mm | Hauteur [mm]: 48 mm | remplit la norme CEE: E11 90R02A0786/24648","{""Épaisseur [mm]"":""15 mm"",""Largeur [mm]"":""118,6 mm"",""Hauteur [mm]"":""48 mm"",""remplit la norme CEE"":""E11 90R02A0786/24648""}","[""https://autopart.tn/pieces/6265/SP1173_1.webp""]",2026-07-17T02:57:48.983Z,2026-07-17T02:57:48.983Z,active,False
autopart.tn:3177,autopart.tn,KAMOKA,7092441,"Vérin de hayon, de coffre KAMOKA 7092441",,,33.0,TND,En Stock,,https://autopart.tn/fiche/verin-de-hayon-de-coffre-219/kamoka-185/7092441-3177.html,https://autopart.tn/pieces/185/7092441_1.webp,"Vérin de hayon, de coffre KAMOKA 7092441","Longueur [mm]: 531,5 mm | Cylindrée [mm]: 192 mm | Endroit d'assemblage: côté conducteur + passager av. | Diamètre de la tige du piston [mm]: 8 mm","{""Longueur [mm]"":""531,5 mm"",""Cylindrée [mm]"":""192 mm"",""Endroit d'assemblage"":""côté conducteur + passager av."",""Diamètre de la tige du piston [mm]"":""8 mm""}","[""https://autopart.tn/pieces/185/7092441_1.webp""]",2026-07-15T02:40:31.945Z,2026-07-15T02:40:31.945Z,active,False
autopart.tn:62597,autopart.tn,HELLA,9XW 178 878-141,Balai d'essuie-glace HELLA 9XW 178 878-141,,,20.0,TND,En Stock,,https://autopart.tn/fiche/balai-d-essuie-glace-298/hella-2/9xw-178-878-141-62597.html,,Balai d'essuie-glace HELLA 9XW 178 878-141,Endroit d'assemblage: arrière | Longueur [mm]: 14 Pouce | glace: Balai d'essuie-glace conventionnel | Quantité: 1 | Véhicule avec direction à gauche ou à droite: pour véhicules avec direction à gauche,"{""Endroit d'assemblage"":""arrière"",""Longueur [mm]"":""14 Pouce"",""glace"":""Balai d'essuie-glace conventionnel"",""Quantité"":""1"",""Véhicule avec direction à gauche ou à droite"":""pour véhicules avec direction à gauche""}",[],2026-07-17T03:12:10.227Z,2026-07-17T03:12:10.227Z,active,False
autopart.tn:2788,autopart.tn,KAMOKA,27M550,Balai d'essuie-glace KAMOKA 27M550,,,30.9,TND,En Stock,,https://autopart.tn/fiche/balai-d-essuie-glace-298/kamoka-185/27m550-2788.html,https://autopart.tn/pieces/185/27M550_1.webp,Balai d'essuie-glace KAMOKA 27M550,glace: Balai d'essuie-glace plat | Styling: avec spoiler | Longueur [mm]: 550 mm | Endroit d'assemblage: avant,"{""glace"":""Balai d'essuie-glace plat"",""Styling"":""avec spoiler"",""Longueur [mm]"":""550 mm"",""Endroit d'assemblage"":""avant""}","[""https://autopart.tn/pieces/185/27M550_1.webp""]",2026-07-17T03:12:17.244Z,2026-07-17T03:12:17.244Z,active,False
autopart.tn:27742,autopart.tn,VALEO,575004,Balai d'essuie-glace VALEO 575004,,,40.4,TND,En Stock,,https://autopart.tn/fiche/balai-d-essuie-glace-298/valeo-21/575004-27742.html,https://autopart.tn/pieces/21/575004_1.webp,Balai d'essuie-glace VALEO 575004,"glace: Balai d'essuie-glace plat | Quantité: 1 | Longueur [mm]: 19 Pouce | Adaptateur conforme: U | Adaptateur ajouté: M+A+B | Matériau de la lame: SBR (caoutchouc styrène-butadiène) | Poids [kg]: 0,18 kg","{""glace"":""Balai d'essuie-glace plat"",""Quantité"":""1"",""Longueur [mm]"":""19 Pouce"",""Adaptateur conforme"":""U"",""Adaptateur ajouté"":""M+A+B"",""Matériau de la lame"":""SBR (caoutchouc styrène-butadiène)"",""Poids [kg]"":""0,18 kg""}","[""https://autopart.tn/pieces/21/575004_1.webp""]",2026-07-17T03:12:33.244Z,2026-07-17T03:12:33.244Z,active,False
autopart.tn:74321,autopart.tn,BENZOL,ATF DEX-III,Huile pour direction assistée BENZOL ATF DEX-III,,,15.0,TND,En Stock,,https://autopart.tn/fiche/huile-pour-direction-assistee-3354/benzol-10028/atf-dex-iii-74321.html,,Huile pour direction assistée BENZOL ATF DEX-III,"Spécification: JASO M315-1A, JASO M315-1A LV, JASO M315-2A | Recommandation du fabricant d'huile: AISIN WARNER AW-1, AISIN WARNER AW-2, AISIN WARNER JWS3309, AISIN WARNER JWS3324","{""Spécification"":""JASO M315-1A, JASO M315-1A LV, JASO M315-2A"",""Recommandation du fabricant d'huile"":""AISIN WARNER AW-1, AISIN WARNER AW-2, AISIN WARNER JWS3309, AISIN WARNER JWS3324""}",[],2026-07-17T02:48:31.416Z,2026-07-17T02:48:31.416Z,active,False
autopart.tn:73868,autopart.tn,Bapmic,BACB11-748006,Capteur arbre à cames Bapmic BACB11-748006,,,67.9,TND,En Stock,,https://autopart.tn/fiche/capteur-position-d-arbre-a-cames-3946/bapmic-6752/bacb11-748006-73868.html,https://autopart.tn/pieces/6752/BACB11-748006_1.webp,Capteur arbre à cames Bapmic BACB11-748006,Poids [kg]: 44 g,"{""Poids [kg]"":""44 g""}","[""https://autopart.tn/pieces/6752/BACB11-748006_1.webp""]",2026-07-17T00:30:05.477Z,2026-07-17T00:30:05.477Z,active,False
autopart.tn:49250,autopart.tn,FEBI BILSTEIN,10098,"Kit de filtre hydraulique, boîte automatique FEBI BILSTEIN 10098",,,60.0,TND,En Stock,,https://autopart.tn/fiche/kit-de-filtre-hydraulique-boite-automatique-3843/febi-bilstein-101/10098-49250.html,https://autopart.tn/pieces/101/10098_1.webp,"Kit de filtre hydraulique, boîte automatique FEBI BILSTEIN 10098","Type de filtre: Filtre à grille | Longueur [mm]: 193 mm | Largeur [mm]: 114 mm | Hauteur [mm]: 50,5 mm | Matériau joint: ACM (caoutchouc polyacrylique) | Poids [kg]: 0,441 kg | Article complémentaire / Info complémentaire 2: avec joint de carter d'huile","{""Type de filtre"":""Filtre à grille"",""Longueur [mm]"":""193 mm"",""Largeur [mm]"":""114 mm"",""Hauteur [mm]"":""50,5 mm"",""Matériau joint"":""ACM (caoutchouc polyacrylique)"",""Poids [kg]"":""0,441 kg"",""Article complémentaire / Info complémentaire 2"":""avec joint de carter d'huile""}","[""https://autopart.tn/pieces/101/10098_1.webp""]",2026-07-17T02:57:05.662Z,2026-07-17T02:57:05.662Z,active,False
autopart.tn:78063,autopart.tn,NIPPARTS,J3610509,Kit de plaquettes de frein NIPPARTS J3610509,,,50.0,TND,En Stock,,https://autopart.tn/fiche/kit-de-plaquettes-de-frein-frein-a-disque-402/nipparts-248/j3610509-78063.html,https://autopart.tn/pieces/248/J3610509_1.webp,Kit de plaquettes de frein NIPPARTS J3610509,"Endroit d'assemblage: Essieu arrière | Épaisseur [mm]: 14,8 mm | Marque de conformité: ECE R90 APPROVED | Largeur [mm]: 40,9 mm | Hauteur [mm]: 98,8 mm","{""Endroit d'assemblage"":""Essieu arrière"",""Épaisseur [mm]"":""14,8 mm"",""Marque de conformité"":""ECE R90 APPROVED"",""Largeur [mm]"":""40,9 mm"",""Hauteur [mm]"":""98,8 mm""}","[""https://autopart.tn/pieces/248/J3610509_1.webp""]",2026-07-17T02:58:06.822Z,2026-07-17T02:58:06.822Z,updated,False
autopart.tn:19916,autopart.tn,ASHIKA,55-0K-K27,"Jeu de mâchoires de frein, frein de stationnement ASHIKA 55-0K-K27",,,80.3,TND,En Stock,,https://autopart.tn/fiche/jeu-de-machoires-de-frein-frein-de-stationnement-1419/ashika-257/55-0k-k27-19916.html,https://autopart.tn/pieces/257/55-0K-K27_1.webp,"Jeu de mâchoires de frein, frein de stationnement ASHIKA 55-0K-K27",Endroit d'assemblage: Essieu arrière | Diamètre [mm]: 170 mm | Largeur [mm]: 27 mm,"{""Endroit d'assemblage"":""Essieu arrière"",""Diamètre [mm]"":""170 mm"",""Largeur [mm]"":""27 mm""}","[""https://autopart.tn/pieces/257/55-0K-K27_1.webp""]",2026-07-17T02:58:53.720Z,2026-07-17T02:58:53.720Z,active,False
autopart.tn:78366,autopart.tn,NIPPARTS,N3500529,"Jeu de mâchoires de frein, frein de stationnement NIPPARTS N3500529",,,71.9,TND,En Stock,,https://autopart.tn/fiche/jeu-de-machoires-de-frein-frein-de-stationnement-1419/nipparts-248/n3500529-78366.html,https://autopart.tn/pieces/248/N3500529_1.webp,"Jeu de mâchoires de frein, frein de stationnement NIPPARTS N3500529",Largeur [mm]: 27 mm | Article complémentaire/Info complémentaire: sans levier | Diamètre intérieur du tambour de frein: 170 mm,"{""Largeur [mm]"":""27 mm"",""Article complémentaire/Info complémentaire"":""sans levier"",""Diamètre intérieur du tambour de frein"":""170 mm""}","[""https://autopart.tn/pieces/248/N3500529_1.webp""]",2026-07-17T02:59:23.972Z,2026-07-17T02:59:23.972Z,active,False
autopart.tn:36018,autopart.tn,BOSCH,3 397 004 755,Balai d'essuie-glace BOSCH 3 397 004 755,,,20.1,TND,En Stock,,https://autopart.tn/fiche/balai-d-essuie-glace-298/bosch-30/3-397-004-755-36018.html,,Balai d'essuie-glace BOSCH 3 397 004 755,Longueur 1 [mm]: 340 mm,"{""Longueur 1 [mm]"":""340 mm""}",[],2026-07-17T03:12:04.650Z,2026-07-17T03:12:04.650Z,active,False
autopart.tn:27745,autopart.tn,VALEO,575007,Balai d'essuie-glace VALEO 575007,,,44.4,TND,En Stock,,https://autopart.tn/fiche/balai-d-essuie-glace-298/valeo-21/575007-27745.html,https://autopart.tn/pieces/21/575007_1.webp,Balai d'essuie-glace VALEO 575007,"glace: Balai d'essuie-glace plat | Quantité: 1 | Longueur [mm]: 22 Pouce | Adaptateur conforme: U | Adaptateur ajouté: M+A+B+C | Matériau de la lame: SBR (caoutchouc styrène-butadiène) | Poids [kg]: 0,18 kg","{""glace"":""Balai d'essuie-glace plat"",""Quantité"":""1"",""Longueur [mm]"":""22 Pouce"",""Adaptateur conforme"":""U"",""Adaptateur ajouté"":""M+A+B+C"",""Matériau de la lame"":""SBR (caoutchouc styrène-butadiène)"",""Poids [kg]"":""0,18 kg""}","[""https://autopart.tn/pieces/21/575007_1.webp""]",2026-07-17T03:12:25.246Z,2026-07-17T03:12:25.246Z,active,False
autopart.tn:68013,autopart.tn,ROWE,21133-0015-99,Antigel ROWE 21133-0015-99,,,47.8,TND,En Stock,,https://autopart.tn/fiche/antigel-3356/rowe-5382/21133-0015-99-68013.html,https://autopart.tn/pieces/5382/21133-0015-99_1.webp,Antigel ROWE 21133-0015-99,"Spécification: ASTM D3306, ASTM D4985, BS 6580:2010, JIS K 2234:2006, ASTM D6210 | Recommandation du fabricant d'huile: BMW LC-18 / LC-87, Deutz DQC CC-14, VW TL 774-L(G12Evo), MB 325.0, Iveco 18-1830 | Propriété chimique: sans nitrite | Type d'emballage: Bouteille | Capacité [litres]: 1,5 I","{""Spécification"":""ASTM D3306, ASTM D4985, BS 6580:2010, JIS K 2234:2006, ASTM D6210"",""Recommandation du fabricant d'huile"":""BMW LC-18 / LC-87, Deutz DQC CC-14, VW TL 774-L(G12Evo), MB 325.0, Iveco 18-1830"",""Propriété chimique"":""sans nitrite"",""Type d'emballage"":""Bouteille"",""Capacité [litres]"":""1,5 I""}","[""https://autopart.tn/pieces/5382/21133-0015-99_1.webp""]",2026-07-17T03:16:18.093Z,2026-07-17T03:16:18.093Z,active,False
autopart.tn:38085,autopart.tn,KAMOKA,7016207,Courroie KAMOKA 7016207,,,49.8,TND,En Stock,,https://autopart.tn/fiche/courroie-trapezoidale-a-nervures-305/kamoka-185/7016207-38085.html,https://autopart.tn/pieces/185/7016207_1.webp,Courroie KAMOKA 7016207,Matériel: EPDM (éthylène-propylène-diène-caoutchouc) | Longueur [mm]: 2 155 mm | Nombre de gorges: 6,"{""Matériel"":""EPDM (éthylène-propylène-diène-caoutchouc)"",""Longueur [mm]"":""2 155 mm"",""Nombre de gorges"":""6""}","[""https://autopart.tn/pieces/185/7016207_1.webp""]",2026-07-17T02:11:56.549Z,2026-07-17T02:11:56.549Z,active,False
autopart.tn:76252,autopart.tn,Bapmic,BACB11-234015,"Tendeur de courroie, courroie trapézoïdale à nervures Bapmic BACB11-234015",,,139.2,TND,En Stock,,https://autopart.tn/fiche/tendeur-de-courroie-courroie-trapezoidale-a-nervures-541/bapmic-6752/bacb11-234015-76252.html,https://autopart.tn/pieces/6752/BACB11-234015_1.webp,"Tendeur de courroie, courroie trapézoïdale à nervures Bapmic BACB11-234015",,{},"[""https://autopart.tn/pieces/6752/BACB11-234015_1.webp""]",2026-07-17T01:56:57.404Z,2026-07-17T01:56:57.404Z,active,False
autopart.tn:22355,autopart.tn,KAMOKA,F105101,Filtre à huile KAMOKA F105101,46402457.0,,20.7,TND,En Stock,,https://autopart.tn/fiche/filtre-a-huile-7/kamoka-185/f105101-22355.html,https://autopart.tn/pieces/185/F105101_1.webp,Filtre à huile KAMOKA F105101,"Type de filtre: Filtre vissé | Hauteur [mm]: 89 mm | Diamètre extérieur [mm]: 96 mm | Filetage: M20x1,5 | Diamètre de la bague détanchéité [mm]: 71 mm | pour numéro OE: 46402457","{""Type de filtre"":""Filtre vissé"",""Hauteur [mm]"":""89 mm"",""Diamètre extérieur [mm]"":""96 mm"",""Filetage"":""M20x1,5"",""Diamètre de la bague détanchéité [mm]"":""71 mm"",""pour numéro OE"":""46402457""}","[""https://autopart.tn/pieces/185/F105101_1.webp""]",2026-07-17T02:03:01.624Z,2026-07-17T02:03:01.624Z,active,False
autopart.tn:4901,autopart.tn,KAMOKA,T0181,Pompe à eau KAMOKA T0181,602 200 00 20,,145.5,TND,En Stock,,https://autopart.tn/fiche/pompe-a-eau-1260/kamoka-185/t0181-4901.html,https://autopart.tn/pieces/185/T0181_1.webp,Pompe à eau KAMOKA T0181,pour numéro OE: 602 200 00 20,"{""pour numéro OE"":""602 200 00 20""}","[""https://autopart.tn/pieces/185/T0181_1.webp""]",2026-07-17T02:34:30.629Z,2026-07-17T02:34:30.629Z,active,False
autopart.tn:18646,autopart.tn,ASHIKA,106-0S-S07R,Biellette suspension ASHIKA 106-0S-S07R,,,57.5,TND,En Stock,,https://autopart.tn/fiche/stabilisateur-chassis-274/ashika-257/106-0s-s07r-18646.html,https://autopart.tn/pieces/257/106-0S-S07R_1.webp,Biellette suspension ASHIKA 106-0S-S07R,Endroit d'assemblage: Essieu arrière droit | Barre/montant: Barre d'accouplement,"{""Endroit d'assemblage"":""Essieu arrière droit"",""Barre/montant"":""Barre d'accouplement""}","[""https://autopart.tn/pieces/257/106-0S-S07R_1.webp""]",2026-07-17T02:40:27.674Z,2026-07-17T02:40:27.674Z,active,False
autopart.tn:18644,autopart.tn,ASHIKA,106-0S-S05R,Biellette suspension ASHIKA 106-0S-S05R,,,55.8,TND,En Stock,,https://autopart.tn/fiche/stabilisateur-chassis-274/ashika-257/106-0s-s05r-18644.html,https://autopart.tn/pieces/257/106-0S-S05R_1.webp,Biellette suspension ASHIKA 106-0S-S05R,"Endroit d'assemblage: avant droite | Longueur [mm]: 204 mm | Diamètre intérieur 1 [mm]: 12 mm | Longeur filetée: 64,5 mm | Barre/montant: Barre d'accouplement","{""Endroit d'assemblage"":""avant droite"",""Longueur [mm]"":""204 mm"",""Diamètre intérieur 1 [mm]"":""12 mm"",""Longeur filetée"":""64,5 mm"",""Barre/montant"":""Barre d'accouplement""}","[""https://autopart.tn/pieces/257/106-0S-S05R_1.webp""]",2026-07-17T02:40:35.854Z,2026-07-17T02:40:35.854Z,active,False
autopart.tn:18645,autopart.tn,ASHIKA,106-0S-S07L,Biellette suspension ASHIKA 106-0S-S07L,,,57.5,TND,En Stock,,https://autopart.tn/fiche/stabilisateur-chassis-274/ashika-257/106-0s-s07l-18645.html,https://autopart.tn/pieces/257/106-0S-S07L_1.webp,Biellette suspension ASHIKA 106-0S-S07L,Endroit d'assemblage: Essieu arrière gauche | Barre/montant: Barre d'accouplement,"{""Endroit d'assemblage"":""Essieu arrière gauche"",""Barre/montant"":""Barre d'accouplement""}","[""https://autopart.tn/pieces/257/106-0S-S07L_1.webp""]",2026-07-17T02:40:43.552Z,2026-07-17T02:40:43.552Z,active,False
autopart.tn:34794,autopart.tn,KAMOKA,F600901,"Filtre hydraulique, boîte automatique KAMOKA F600901",,,50.0,TND,En Stock,,https://autopart.tn/fiche/filtre-hydraulique-boite-automatique-416/kamoka-185/f600901-34794.html,https://autopart.tn/pieces/185/F600901_1.webp,"Filtre hydraulique, boîte automatique KAMOKA F600901",Type d'entraînement: Boîte automatique à 5 vitesses | Type de filtre: Cartouche filtrante | Article complémentaire/Info complémentaire: avec joint d'étanchéite | Longueur [mm]: 197 mm | Largeur [mm]: 112 mm | Hauteur [mm]: 46 mm | Diamètre intérieur [mm]: 28 mm | Type de boîte de vitesses: 5G TRONIC,"{""Type d'entraînement"":""Boîte automatique à 5 vitesses"",""Type de filtre"":""Cartouche filtrante"",""Article complémentaire/Info complémentaire"":""avec joint d'étanchéite"",""Longueur [mm]"":""197 mm"",""Largeur [mm]"":""112 mm"",""Hauteur [mm]"":""46 mm"",""Diamètre intérieur [mm]"":""28 mm"",""Type de boîte de vitesses"":""5G TRONIC""}","[""https://autopart.tn/pieces/185/F600901_1.webp""]",2026-07-17T02:57:14.079Z,2026-07-17T02:57:14.079Z,active,False
autopart.tn:86669,autopart.tn,MAHLE ORIGINAL,HX 81D,"Filtre hydraulique, boîte automatique MAHLE ORIGINAL HX 81D",,,71.6,TND,En Stock,,https://autopart.tn/fiche/filtre-hydraulique-boite-automatique-416/mahle-original-287/hx-81d-86669.html,,"Filtre hydraulique, boîte automatique MAHLE ORIGINAL HX 81D","Type d'entraînement: Boîte automatique, Boîte automatique à 5 vitesses | Type de filtre: Cartouche filtrante | Longueur [mm]: 186,9 mm | Largeur [mm]: 112 mm | Hauteur [mm]: 50,4 mm | Diamètre intérieur 2 [mm]: 29 mm | Type de boîte de vitesses: 722.6, W5A 330, W5A 380, W5A 580, W5A 900 | Article complémentaire/Info complémentaire: avec joint d'étanchéite | Type de joint d'étanchéité: Siège souple | Intervalle de changement recommandé [km]: 50 000 km | Largeur de l'emballage [cm]: 5,8 cm | Longueur de l'emballage [cm]: 17,9 cm | Poids net [kg]: 230 g | Hauteur de l'emballage [cm]: 30,4 cm","{""Type d'entraînement"":""Boîte automatique, Boîte automatique à 5 vitesses"",""Type de filtre"":""Cartouche filtrante"",""Longueur [mm]"":""186,9 mm"",""Largeur [mm]"":""112 mm"",""Hauteur [mm]"":""50,4 mm"",""Diamètre intérieur 2 [mm]"":""29 mm"",""Type de boîte de vitesses"":""722.6, W5A 330, W5A 380, W5A 580, W5A 900"",""Article complémentaire/Info complémentaire"":""avec joint d'étanchéite"",""Type de joint d'étanchéité"":""Siège souple"",""Intervalle de changement recommandé [km]"":""50 000 km"",""Largeur de l'emballage [cm]"":""5,8 cm"",""Longueur de l'emballage [cm]"":""17,9 cm"",""Poids net [kg]"":""230 g"",""Hauteur de l'emballage [cm]"":""30,4 cm""}",[],2026-07-17T02:57:21.500Z,2026-07-17T02:57:21.500Z,active,False
